mode,fold,group,scheme,chosen,index,task,block,y,prediction,score
cross,cross_A_to_B,A,erp,False,200,1,0,-1,-1,-0.9329648684151107
cross,cross_A_to_B,A,erp,False,201,1,0,-1,-1,-0.40967510444984095
cross,cross_A_to_B,A,erp,False,202,1,0,1,-1,-0.7086412134322617
cross,cross_A_to_B,A,erp,False,203,1,0,-1,1,0.23896610179171962
cross,cross_A_to_B,A,erp,False,204,1,0,1,-1,-3.5375215978609464
cross,cross_A_to_B,A,erp,False,206,1,0,1,1,0.5761191698049506
cross,cross_A_to_B,A,erp,False,207,1,0,-1,-1,-0.22134477145347048
cross,cross_A_to_B,A,erp,False,208,1,0,-1,1,0.03504832240165629
cross,cross_A_to_B,A,erp,False,209,1,0,-1,-1,-0.27715953520043846
cross,cross_A_to_B,A,erp,False,210,1,0,1,1,0.4135225294086327
cross,cross_A_to_B,A,erp,False,211,1,0,-1,-1,-0.5385984015937156
cross,cross_A_to_B,A,erp,False,212,1,0,1,-1,-0.004538969044651767
cross,cross_A_to_B,A,erp,False,214,1,0,-1,1,0.17729774868788947
cross,cross_A_to_B,A,erp,False,215,1,0,1,1,0.43108774997658916
cross,cross_A_to_B,A,erp,False,216,1,0,-1,1,0.596012992116176
cross,cross_A_to_B,A,erp,False,217,1,0,-1,1,1.135830973248959
cross,cross_A_to_B,A,erp,False,218,1,0,1,-1,-0.9323943118593563
cross,cross_A_to_B,A,erp,False,219,1,0,-1,1,1.2870912199501503
cross,cross_A_to_B,A,erp,False,220,1,1,1,1,0.2980230780851824
cross,cross_A_to_B,A,erp,False,221,1,1,1,-1,-0.15741953710332798
cross,cross_A_to_B,A,erp,False,223,1,1,1,1,0.8203178210630985
cross,cross_A_to_B,A,erp,False,225,1,1,1,1,0.399218299509144
cross,cross_A_to_B,A,erp,False,226,1,1,1,1,0.4798043114013224
cross,cross_A_to_B,A,erp,False,227,1,1,1,-1,-0.7548150992537955
cross,cross_A_to_B,A,erp,False,228,1,1,1,-1,-0.5875725296498624
cross,cross_A_to_B,A,erp,False,229,1,1,-1,-1,-2.5634262135812973
cross,cross_A_to_B,A,erp,False,230,1,1,1,1,0.3183016043692544
cross,cross_A_to_B,A,erp,False,232,1,1,-1,1,0.43321950973488516
cross,cross_A_to_B,A,erp,False,233,1,1,1,1,0.050040036278975714
cross,cross_A_to_B,A,erp,False,234,1,1,-1,1,0.4874991074691277
cross,cross_A_to_B,A,erp,False,236,1,1,-1,1,1.5409591137696053
cross,cross_A_to_B,A,erp,False,237,1,1,-1,-1,-2.306254745966382
cross,cross_A_to_B,A,erp,False,238,1,1,1,-1,-2.165839149377723
cross,cross_A_to_B,A,erp,False,239,1,1,1,1,1.8003398307742904
cross,cross_A_to_B,A,erp,False,240,1,2,-1,1,0.6489888391386153
cross,cross_A_to_B,A,erp,False,241,1,2,1,1,0.8053941310284832
cross,cross_A_to_B,A,erp,False,242,1,2,1,-1,-2.8932602826022564
cross,cross_A_to_B,A,erp,False,243,1,2,1,-1,-0.13716668189791675
cross,cross_A_to_B,A,erp,False,244,1,2,1,1,0.7038251194473363
cross,cross_A_to_B,A,erp,False,247,1,2,1,1,0.1404344405886171
cross,cross_A_to_B,A,erp,False,248,1,2,1,1,1.1722215322406795
cross,cross_A_to_B,A,erp,False,249,1,2,-1,1,5.682372264349331
cross,cross_A_to_B,A,erp,False,250,1,2,1,-1,-2.68195599700568
cross,cross_A_to_B,A,erp,False,251,1,2,-1,-1,-1.4970418133809757
cross,cross_A_to_B,A,erp,False,252,1,2,1,1,0.2956679701791798
cross,cross_A_to_B,A,erp,False,254,1,2,1,1,0.828195927682609
cross,cross_A_to_B,A,erp,False,255,1,2,-1,-1,-1.154678408171892
cross,cross_A_to_B,A,erp,False,256,1,2,1,1,0.550957875829732
cross,cross_A_to_B,A,erp,False,257,1,2,1,1,0.289866239257843
cross,cross_A_to_B,A,erp,False,258,1,2,1,-1,-3.4004934318496907
cross,cross_A_to_B,A,erp,False,259,1,2,1,-1,-0.06938673954452007
cross,cross_A_to_B,A,erp,False,260,1,3,-1,-1,-1.9712543476067697
cross,cross_A_to_B,A,erp,False,261,1,3,-1,1,2.031767114985303
cross,cross_A_to_B,A,erp,False,263,1,3,-1,-1,-1.2402643388103982
cross,cross_A_to_B,A,erp,False,264,1,3,-1,-1,-0.962211028890955
cross,cross_A_to_B,A,erp,False,265,1,3,-1,1,1.0263395597667833
cross,cross_A_to_B,A,erp,False,266,1,3,1,1,1.2938236251948387
cross,cross_A_to_B,A,erp,False,267,1,3,1,1,0.8606054612845284
cross,cross_A_to_B,A,erp,False,268,1,3,-1,1,2.0636490312586964
cross,cross_A_to_B,A,erp,False,269,1,3,-1,1,1.5434035848209753
cross,cross_A_to_B,A,erp,False,271,1,3,1,1,2.2307706416852184
cross,cross_A_to_B,A,erp,False,272,1,3,-1,-1,-0.9752136494589552
cross,cross_A_to_B,A,erp,False,273,1,3,-1,1,0.2851323445309592
cross,cross_A_to_B,A,erp,False,274,1,3,1,-1,-1.546426132831391
cross,cross_A_to_B,A,erp,False,275,1,3,-1,1,0.5226547113229523
cross,cross_A_to_B,A,erp,False,276,1,3,-1,-1,-0.09832598845922619
cross,cross_A_to_B,A,erp,False,278,1,3,1,-1,-1.5237449033751251
cross,cross_A_to_B,A,erp,False,279,1,3,-1,1,1.2319277538074203
cross,cross_A_to_B,A,erp,False,280,1,4,-1,-1,-1.1343760945390593
cross,cross_A_to_B,A,erp,False,281,1,4,1,-1,-0.35817227925649553
cross,cross_A_to_B,A,erp,False,282,1,4,-1,-1,-1.687701739751176
cross,cross_A_to_B,A,erp,False,283,1,4,-1,1,0.785825692629458
cross,cross_A_to_B,A,erp,False,285,1,4,-1,1,0.005409477677781823
cross,cross_A_to_B,A,erp,False,286,1,4,-1,1,0.36944294416468215
cross,cross_A_to_B,A,erp,False,288,1,4,-1,1,0.7137235261305939
cross,cross_A_to_B,A,erp,False,289,1,4,-1,-1,-1.9208748507819666
cross,cross_A_to_B,A,erp,False,290,1,4,1,1,0.6998838476446938
cross,cross_A_to_B,A,erp,False,292,1,4,-1,1,0.14099520736337734
cross,cross_A_to_B,A,erp,False,293,1,4,1,1,0.40357062690512086
cross,cross_A_to_B,A,erp,False,294,1,4,-1,1,0.49308980740164765
cross,cross_A_to_B,A,erp,False,295,1,4,1,1,0.058824517567641274
cross,cross_A_to_B,A,erp,False,297,1,4,1,-1,-0.08597063507213479
cross,cross_A_to_B,A,erp,False,298,1,4,1,1,0.8848506469499592
cross,cross_A_to_B,A,erp,False,299,1,4,1,1,1.927330549531257
cross,cross_A_to_B,A,erp,False,300,2,0,-1,1,0.06787416708390565
cross,cross_A_to_B,A,erp,False,302,2,0,-1,1,0.3038794814766083
cross,cross_A_to_B,A,erp,False,303,2,0,1,-1,-0.6425687629916369
cross,cross_A_to_B,A,erp,False,304,2,0,-1,-1,-0.5218263663741798
cross,cross_A_to_B,A,erp,False,305,2,0,1,1,0.8066080691783885
cross,cross_A_to_B,A,erp,False,307,2,0,1,-1,-0.00870934834606394
cross,cross_A_to_B,A,erp,False,308,2,0,1,1,0.2471617671906125
cross,cross_A_to_B,A,erp,False,311,2,0,1,-1,-0.503580046781147
cross,cross_A_to_B,A,erp,False,312,2,0,1,1,0.43511691752366477
cross,cross_A_to_B,A,erp,False,316,2,0,-1,-1,-0.04552077957507486
cross,cross_A_to_B,A,erp,False,317,2,0,1,-1,-0.312895229600078
cross,cross_A_to_B,A,erp,False,318,2,0,1,1,0.5143558548438815
cross,cross_A_to_B,A,erp,False,320,2,1,1,-1,-1.0494307406241319
cross,cross_A_to_B,A,erp,False,323,2,1,-1,-1,-1.126204341758871
cross,cross_A_to_B,A,erp,False,325,2,1,1,1,1.2598571122755136
cross,cross_A_to_B,A,erp,False,326,2,1,-1,1,0.39182856468076277
cross,cross_A_to_B,A,erp,False,327,2,1,-1,-1,-0.14488551374891034
cross,cross_A_to_B,A,erp,False,329,2,1,1,-1,-1.0403622535293988
cross,cross_A_to_B,A,erp,False,330,2,1,1,-1,-1.3569493569757993
cross,cross_A_to_B,A,erp,False,332,2,1,1,-1,-0.19673199222183752
cross,cross_A_to_B,A,erp,False,334,2,1,-1,-1,-1.4568812043386563
cross,cross_A_to_B,A,erp,False,335,2,1,1,1,0.37059638904619696
cross,cross_A_to_B,A,erp,False,336,2,1,-1,1,0.0560285449279371
cross,cross_A_to_B,A,erp,False,337,2,1,-1,1,1.3769349729839568
cross,cross_A_to_B,A,erp,False,339,2,1,1,-1,-0.391310830050919
cross,cross_A_to_B,A,erp,False,340,2,2,1,1,1.0275256999078697
cross,cross_A_to_B,A,erp,False,343,2,2,1,-1,-0.6982772306174814
cross,cross_A_to_B,A,erp,False,344,2,2,-1,1,1.0032608761769675
cross,cross_A_to_B,A,erp,False,345,2,2,-1,-1,-0.8729370411022753
cross,cross_A_to_B,A,erp,False,346,2,2,1,1,0.21604819549798665
cross,cross_A_to_B,A,erp,False,347,2,2,-1,1,0.7914571771124669
cross,cross_A_to_B,A,erp,False,351,2,2,-1,-1,-1.0461866535661737
cross,cross_A_to_B,A,erp,False,352,2,2,1,-1,-1.7442330735431355
cross,cross_A_to_B,A,erp,False,354,2,2,1,-1,-0.058296961955957904
cross,cross_A_to_B,A,erp,False,357,2,2,-1,-1,-1.7291447259482275
cross,cross_A_to_B,A,erp,False,358,2,2,-1,-1,-1.4118450723979188
cross,cross_A_to_B,A,erp,False,359,2,2,-1,1,0.13281412087798386
cross,cross_A_to_B,A,erp,False,360,2,3,-1,-1,-1.0537857280274383
cross,cross_A_to_B,A,erp,False,361,2,3,1,1,0.38663603823298776
cross,cross_A_to_B,A,erp,False,362,2,3,-1,-1,-0.7111484695545539
cross,cross_A_to_B,A,erp,False,363,2,3,-1,-1,-0.1545293834463192
cross,cross_A_to_B,A,erp,False,364,2,3,1,1,0.29375451364215854
cross,cross_A_to_B,A,erp,False,366,2,3,1,1,0.07281571010449249
cross,cross_A_to_B,A,erp,False,367,2,3,1,1,1.091181255372609
cross,cross_A_to_B,A,erp,False,369,2,3,-1,1,0.0408281227707943
cross,cross_A_to_B,A,erp,False,370,2,3,1,-1,-0.9556155354137754
cross,cross_A_to_B,A,erp,False,371,2,3,1,1,0.385344377211705
cross,cross_A_to_B,A,erp,False,372,2,3,1,-1,-0.09564932687808142
cross,cross_A_to_B,A,erp,False,373,2,3,-1,1,0.24142840592456483
cross,cross_A_to_B,A,erp,False,374,2,3,-1,-1,-0.19557937153390212
cross,cross_A_to_B,A,erp,False,375,2,3,1,1,0.7035852615018816
cross,cross_A_to_B,A,erp,False,376,2,3,1,-1,-0.4717354816438865
cross,cross_A_to_B,A,erp,False,377,2,3,-1,1,0.33948768624708675
cross,cross_A_to_B,A,erp,False,379,2,3,-1,-1,-0.07073880471588674
cross,cross_A_to_B,A,erp,False,380,2,4,1,-1,-0.5020453013559372
cross,cross_A_to_B,A,erp,False,382,2,4,1,-1,-0.05079654482366665
cross,cross_A_to_B,A,erp,False,383,2,4,-1,1,0.35869159643804277
cross,cross_A_to_B,A,erp,False,385,2,4,1,1,0.49114318654704014
cross,cross_A_to_B,A,erp,False,386,2,4,-1,-1,-0.9161368981510151
cross,cross_A_to_B,A,erp,False,387,2,4,1,1,0.2618151445708613
cross,cross_A_to_B,A,erp,False,388,2,4,-1,1,0.5664741779745428
cross,cross_A_to_B,A,erp,False,389,2,4,1,1,0.1898629325214095
cross,cross_A_to_B,A,erp,False,390,2,4,-1,-1,-0.3783219505290518
cross,cross_A_to_B,A,erp,False,391,2,4,-1,1,0.26199497153905293
cross,cross_A_to_B,A,erp,False,392,2,4,1,-1,-0.19897595797439854
cross,cross_A_to_B,A,erp,False,393,2,4,-1,-1,-0.5559793014589162
cross,cross_A_to_B,A,erp,False,394,2,4,1,-1,-0.5886988430445257
cross,cross_A_to_B,A,erp,False,395,2,4,1,-1,-0.1222461301305234
cross,cross_A_to_B,A,erp,False,396,2,4,-1,-1,-0.30031504411660037
cross,cross_A_to_B,A,erp,False,397,2,4,-1,1,0.4441576026333096
cross,cross_A_to_B,A,erp,False,398,2,4,1,-1,-0.10681331732312843
cross,cross_A_to_B,A,erp,False,399,2,4,-1,-1,-0.5872203573494675
cross,cross_A_to_B,A,source,False,200,1,0,-1,-1,-0.16879176562258608
cross,cross_A_to_B,A,source,False,201,1,0,-1,-1,-0.43651457412001987
cross,cross_A_to_B,A,source,False,202,1,0,1,-1,-0.765974323212868
cross,cross_A_to_B,A,source,False,203,1,0,-1,1,0.05386305754532797
cross,cross_A_to_B,A,source,False,204,1,0,1,-1,-1.8164672046272758
cross,cross_A_to_B,A,source,False,206,1,0,1,-1,-0.08416977322724643
cross,cross_A_to_B,A,source,False,207,1,0,-1,-1,-0.12388377550278995
cross,cross_A_to_B,A,source,False,208,1,0,-1,-1,-0.17972574027157834
cross,cross_A_to_B,A,source,False,209,1,0,-1,1,0.09199821364209626
cross,cross_A_to_B,A,source,False,210,1,0,1,1,0.1903065189659426
cross,cross_A_to_B,A,source,False,211,1,0,-1,1,0.11922012574511118
cross,cross_A_to_B,A,source,False,212,1,0,1,-1,-0.1354742028677501
cross,cross_A_to_B,A,source,False,214,1,0,-1,1,0.32336188956051953
cross,cross_A_to_B,A,source,False,215,1,0,1,1,0.13425801552170089
cross,cross_A_to_B,A,source,False,216,1,0,-1,1,0.5698369411790688
cross,cross_A_to_B,A,source,False,217,1,0,-1,1,0.41073355717697424
cross,cross_A_to_B,A,source,False,218,1,0,1,-1,-0.6238537978016452
cross,cross_A_to_B,A,source,False,219,1,0,-1,1,0.6263218252711344
cross,cross_A_to_B,A,source,False,220,1,1,1,1,0.569389815686573
cross,cross_A_to_B,A,source,False,221,1,1,1,1,0.20750482774895868
cross,cross_A_to_B,A,source,False,223,1,1,1,1,1.094794115867097
cross,cross_A_to_B,A,source,False,225,1,1,1,-1,-0.24631174550548207
cross,cross_A_to_B,A,source,False,226,1,1,1,-1,-0.05089855415207063
cross,cross_A_to_B,A,source,False,227,1,1,1,1,0.2816637637367777
cross,cross_A_to_B,A,source,False,228,1,1,1,1,0.21962705036327165
cross,cross_A_to_B,A,source,False,229,1,1,-1,-1,-0.323353415366627
cross,cross_A_to_B,A,source,False,230,1,1,1,1,0.16811962913941234
cross,cross_A_to_B,A,source,False,232,1,1,-1,-1,-0.1834490588165036
cross,cross_A_to_B,A,source,False,233,1,1,1,-1,-0.5704105920898732
cross,cross_A_to_B,A,source,False,234,1,1,-1,-1,-0.02403685753953988
cross,cross_A_to_B,A,source,False,236,1,1,-1,1,0.427140261919536
cross,cross_A_to_B,A,source,False,237,1,1,-1,-1,-2.091905718841801
cross,cross_A_to_B,A,source,False,238,1,1,1,-1,-1.3456889206716036
cross,cross_A_to_B,A,source,False,239,1,1,1,1,2.169582445612854
cross,cross_A_to_B,A,source,False,240,1,2,-1,1,0.1178639316794041
cross,cross_A_to_B,A,source,False,241,1,2,1,1,0.8475472577158861
cross,cross_A_to_B,A,source,False,242,1,2,1,-1,-1.6433412990488423
cross,cross_A_to_B,A,source,False,243,1,2,1,-1,-0.39624453743282384
cross,cross_A_to_B,A,source,False,244,1,2,1,-1,-0.6122881035337121
cross,cross_A_to_B,A,source,False,247,1,2,1,1,0.6868611622282126
cross,cross_A_to_B,A,source,False,248,1,2,1,1,0.31359517204533593
cross,cross_A_to_B,A,source,False,249,1,2,-1,1,4.181923617473231
cross,cross_A_to_B,A,source,False,250,1,2,1,-1,-2.6016151407810924
cross,cross_A_to_B,A,source,False,251,1,2,-1,1,0.11183041888229947
cross,cross_A_to_B,A,source,False,252,1,2,1,1,0.32345834218125924
cross,cross_A_to_B,A,source,False,254,1,2,1,-1,-1.6657662778931868
cross,cross_A_to_B,A,source,False,255,1,2,-1,-1,-1.0293553479292177
cross,cross_A_to_B,A,source,False,256,1,2,1,-1,-0.045066982526898364
cross,cross_A_to_B,A,source,False,257,1,2,1,1,0.425933321337869
cross,cross_A_to_B,A,source,False,258,1,2,1,-1,-2.796790470878103
cross,cross_A_to_B,A,source,False,259,1,2,1,-1,-0.18898643019139116
cross,cross_A_to_B,A,source,False,260,1,3,-1,-1,-1.7412357421048417
cross,cross_A_to_B,A,source,False,261,1,3,-1,1,1.625912909706047
cross,cross_A_to_B,A,source,False,263,1,3,-1,-1,-0.22705935350342837
cross,cross_A_to_B,A,source,False,264,1,3,-1,1,0.11654858216485936
cross,cross_A_to_B,A,source,False,265,1,3,-1,1,2.4989579910430555
cross,cross_A_to_B,A,source,False,266,1,3,1,1,0.6524864335657907
cross,cross_A_to_B,A,source,False,267,1,3,1,1,0.500458300878835
cross,cross_A_to_B,A,source,False,268,1,3,-1,1,0.15378799934379553
cross,cross_A_to_B,A,source,False,269,1,3,-1,1,1.0792115564131182
cross,cross_A_to_B,A,source,False,271,1,3,1,1,1.0706184988782805
cross,cross_A_to_B,A,source,False,272,1,3,-1,-1,-0.18505016927058848
cross,cross_A_to_B,A,source,False,273,1,3,-1,-1,-0.11638774305046669
cross,cross_A_to_B,A,source,False,274,1,3,1,-1,-0.4893458693322033
cross,cross_A_to_B,A,source,False,275,1,3,-1,1,0.4666399882292588
cross,cross_A_to_B,A,source,False,276,1,3,-1,1,0.31510542831959404
cross,cross_A_to_B,A,source,False,278,1,3,1,-1,-0.34983868203372837
cross,cross_A_to_B,A,source,False,279,1,3,-1,1,0.5142022544173016
cross,cross_A_to_B,A,source,False,280,1,4,-1,-1,-0.7948850314775945
cross,cross_A_to_B,A,source,False,281,1,4,1,-1,-0.19945316181986475
cross,cross_A_to_B,A,source,False,282,1,4,-1,-1,-0.3902512960658725
cross,cross_A_to_B,A,source,False,283,1,4,-1,-1,-0.01329758971973183
cross,cross_A_to_B,A,source,False,285,1,4,-1,1,0.3938434126736019
cross,cross_A_to_B,A,source,False,286,1,4,-1,-1,-0.03161578200393365
cross,cross_A_to_B,A,source,False,288,1,4,-1,1,1.1233583366886415
cross,cross_A_to_B,A,source,False,289,1,4,-1,-1,-1.4292158966614974
cross,cross_A_to_B,A,source,False,290,1,4,1,1,0.21919165782526726
cross,cross_A_to_B,A,source,False,292,1,4,-1,1,0.28082914506441
cross,cross_A_to_B,A,source,False,293,1,4,1,1,0.11696068469411922
cross,cross_A_to_B,A,source,False,294,1,4,-1,1,0.24441272785306326
cross,cross_A_to_B,A,source,False,295,1,4,1,-1,-0.1902677850332602
cross,cross_A_to_B,A,source,False,297,1,4,1,1,0.15275806133606093
cross,cross_A_to_B,A,source,False,298,1,4,1,1,0.37762699165335234
cross,cross_A_to_B,A,source,False,299,1,4,1,1,1.0000955242356093
cross,cross_A_to_B,A,source,False,300,2,0,-1,-1,-0.5961446964646964
cross,cross_A_to_B,A,source,False,302,2,0,-1,-1,-0.019411796639809825
cross,cross_A_to_B,A,source,False,303,2,0,1,-1,-0.5624065133734747
cross,cross_A_to_B,A,source,False,304,2,0,-1,-1,-0.34249483425875804
cross,cross_A_to_B,A,source,False,305,2,0,1,1,0.11607063511609308
cross,cross_A_to_B,A,source,False,307,2,0,1,1,0.29798166986862007
cross,cross_A_to_B,A,source,False,308,2,0,1,-1,-0.37108053976355676
cross,cross_A_to_B,A,source,False,311,2,0,1,-1,-0.3453886042275831
cross,cross_A_to_B,A,source,False,312,2,0,1,1,0.3662845355558292
cross,cross_A_to_B,A,source,False,316,2,0,-1,1,0.4611392787537899
cross,cross_A_to_B,A,source,False,317,2,0,1,-1,-0.5202225307919072
cross,cross_A_to_B,A,source,False,318,2,0,1,1,0.23487374332200345
cross,cross_A_to_B,A,source,False,320,2,1,1,-1,-0.3335752338545692
cross,cross_A_to_B,A,source,False,323,2,1,-1,-1,-0.7275366178475426
cross,cross_A_to_B,A,source,False,325,2,1,1,1,0.0886242045434979
cross,cross_A_to_B,A,source,False,326,2,1,-1,-1,-0.18517093852580083
cross,cross_A_to_B,A,source,False,327,2,1,-1,1,0.29797962145769136
cross,cross_A_to_B,A,source,False,329,2,1,1,-1,-0.6586963347140307
cross,cross_A_to_B,A,source,False,330,2,1,1,-1,-0.7309145829437139
cross,cross_A_to_B,A,source,False,332,2,1,1,1,0.3799862259750206
cross,cross_A_to_B,A,source,False,334,2,1,-1,-1,-0.6217405246064448
cross,cross_A_to_B,A,source,False,335,2,1,1,1,0.5610135816666106
cross,cross_A_to_B,A,source,False,336,2,1,-1,1,0.04226199797814388
cross,cross_A_to_B,A,source,False,337,2,1,-1,1,0.037263259358151175
cross,cross_A_to_B,A,source,False,339,2,1,1,1,0.4284470016833386
cross,cross_A_to_B,A,source,False,340,2,2,1,1,0.24115421970499681
cross,cross_A_to_B,A,source,False,343,2,2,1,1,0.14136298430611297
cross,cross_A_to_B,A,source,False,344,2,2,-1,-1,-0.08290621598881617
cross,cross_A_to_B,A,source,False,345,2,2,-1,-1,-0.2911612105903353
cross,cross_A_to_B,A,source,False,346,2,2,1,-1,-0.5057633925482341
cross,cross_A_to_B,A,source,False,347,2,2,-1,-1,-0.2179415766406668
cross,cross_A_to_B,A,source,False,351,2,2,-1,-1,-0.03056121954217038
cross,cross_A_to_B,A,source,False,352,2,2,1,-1,-0.17071168724714958
cross,cross_A_to_B,A,source,False,354,2,2,1,1,0.1672403966120044
cross,cross_A_to_B,A,source,False,357,2,2,-1,-1,-0.3456252054578921
cross,cross_A_to_B,A,source,False,358,2,2,-1,1,0.025707613573171362
cross,cross_A_to_B,A,source,False,359,2,2,-1,-1,-0.6658854487225423
cross,cross_A_to_B,A,source,False,360,2,3,-1,-1,-0.29183683132067056
cross,cross_A_to_B,A,source,False,361,2,3,1,1,0.1127843056776748
cross,cross_A_to_B,A,source,False,362,2,3,-1,1,0.23233770077481586
cross,cross_A_to_B,A,source,False,363,2,3,-1,-1,-0.04757236813519147
cross,cross_A_to_B,A,source,False,364,2,3,1,-1,-0.04197296077704811
cross,cross_A_to_B,A,source,False,366,2,3,1,1,0.2974582119047047
cross,cross_A_to_B,A,source,False,367,2,3,1,-1,-0.12403197665619038
cross,cross_A_to_B,A,source,False,369,2,3,-1,1,0.37733802221763585
cross,cross_A_to_B,A,source,False,370,2,3,1,-1,-0.06520785380244287
cross,cross_A_to_B,A,source,False,371,2,3,1,-1,-0.5239617328056092
cross,cross_A_to_B,A,source,False,372,2,3,1,1,0.40054022602498585
cross,cross_A_to_B,A,source,False,373,2,3,-1,-1,-0.20458763538756236
cross,cross_A_to_B,A,source,False,374,2,3,-1,1,0.006873667956378343
cross,cross_A_to_B,A,source,False,375,2,3,1,-1,-0.5532511305303945
cross,cross_A_to_B,A,source,False,376,2,3,1,1,0.30120720177128607
cross,cross_A_to_B,A,source,False,377,2,3,-1,-1,-0.5847719567423552
cross,cross_A_to_B,A,source,False,379,2,3,-1,1,0.15499330593339808
cross,cross_A_to_B,A,source,False,380,2,4,1,1,0.37335675356212494
cross,cross_A_to_B,A,source,False,382,2,4,1,1,0.24449022745871282
cross,cross_A_to_B,A,source,False,383,2,4,-1,1,0.2827898392329893
cross,cross_A_to_B,A,source,False,385,2,4,1,-1,-0.47884322821120345
cross,cross_A_to_B,A,source,False,386,2,4,-1,-1,-0.220972641394146
cross,cross_A_to_B,A,source,False,387,2,4,1,-1,-0.7122448552871345
cross,cross_A_to_B,A,source,False,388,2,4,-1,1,0.17807815307161518
cross,cross_A_to_B,A,source,False,389,2,4,1,-1,-0.04774807229465637
cross,cross_A_to_B,A,source,False,390,2,4,-1,1,0.4145903815069995
cross,cross_A_to_B,A,source,False,391,2,4,-1,-1,-0.15556985674654789
cross,cross_A_to_B,A,source,False,392,2,4,1,-1,-0.08671800235017821
cross,cross_A_to_B,A,source,False,393,2,4,-1,-1,-0.07734354433444393
cross,cross_A_to_B,A,source,False,394,2,4,1,1,0.425869191050943
cross,cross_A_to_B,A,source,False,395,2,4,1,-1,-0.2227860118658893
cross,cross_A_to_B,A,source,False,396,2,4,-1,1,0.2788902917143924
cross,cross_A_to_B,A,source,False,397,2,4,-1,1,0.22170596522000574
cross,cross_A_to_B,A,source,False,398,2,4,1,-1,-0.37554759209452293
cross,cross_A_to_B,A,source,False,399,2,4,-1,-1,-0.2005436640938303
cross,cross_A_to_B,A,combined,True,200,1,0,-1,-1,-0.10434866327649102
cross,cross_A_to_B,A,combined,True,201,1,0,-1,-1,-1.2407619864386628
cross,cross_A_to_B,A,combined,True,202,1,0,1,-1,-1.5786762443562155
cross,cross_A_to_B,A,combined,True,203,1,0,-1,1,0.07029678379432139
cross,cross_A_to_B,A,combined,True,204,1,0,1,-1,-4.502934674541267
cross,cross_A_to_B,A,combined,True,206,1,0,1,1,0.007253655553193433
cross,cross_A_to_B,A,combined,True,207,1,0,-1,1,0.18150388407860762
cross,cross_A_to_B,A,combined,True,208,1,0,-1,-1,-0.2835101360150392
cross,cross_A_to_B,A,combined,True,209,1,0,-1,1,0.2586877739100763
cross,cross_A_to_B,A,combined,True,210,1,0,1,1,0.5571744655105453
cross,cross_A_to_B,A,combined,True,211,1,0,-1,1,0.289069403777
cross,cross_A_to_B,A,combined,True,212,1,0,1,-1,-0.0752868216087683
cross,cross_A_to_B,A,combined,True,214,1,0,-1,1,0.7440992268246788
cross,cross_A_to_B,A,combined,True,215,1,0,1,-1,-0.011758910157659017
cross,cross_A_to_B,A,combined,True,216,1,0,-1,1,1.2897468350269228
cross,cross_A_to_B,A,combined,True,217,1,0,-1,1,1.0157172517273676
cross,cross_A_to_B,A,combined,True,218,1,0,1,-1,-1.4542838071518853
cross,cross_A_to_B,A,combined,True,219,1,0,-1,1,1.4736408767930107
cross,cross_A_to_B,A,combined,True,220,1,1,1,1,1.3368992572976366
cross,cross_A_to_B,A,combined,True,221,1,1,1,1,0.5120981127975147
cross,cross_A_to_B,A,combined,True,223,1,1,1,1,2.388881929500265
cross,cross_A_to_B,A,combined,True,225,1,1,1,-1,-0.458790686698417
cross,cross_A_to_B,A,combined,True,226,1,1,1,-1,-0.043388884931158625
cross,cross_A_to_B,A,combined,True,227,1,1,1,1,0.4795329165445899
cross,cross_A_to_B,A,combined,True,228,1,1,1,1,0.5029459650172772
cross,cross_A_to_B,A,combined,True,229,1,1,-1,-1,-1.195198636092797
cross,cross_A_to_B,A,combined,True,230,1,1,1,1,0.3757694289855107
cross,cross_A_to_B,A,combined,True,232,1,1,-1,-1,-0.2994860975957161
cross,cross_A_to_B,A,combined,True,233,1,1,1,-1,-1.275630826176542
cross,cross_A_to_B,A,combined,True,234,1,1,-1,1,0.10088614379943296
cross,cross_A_to_B,A,combined,True,236,1,1,-1,1,1.2063880521452535
cross,cross_A_to_B,A,combined,True,237,1,1,-1,-1,-4.98062623484601
cross,cross_A_to_B,A,combined,True,238,1,1,1,-1,-3.3073310261706084
cross,cross_A_to_B,A,combined,True,239,1,1,1,1,5.271057566284555
cross,cross_A_to_B,A,combined,True,240,1,2,-1,1,0.2635661527047877
cross,cross_A_to_B,A,combined,True,241,1,2,1,1,2.178808245650408
cross,cross_A_to_B,A,combined,True,242,1,2,1,-1,-3.7343482796666794
cross,cross_A_to_B,A,combined,True,243,1,2,1,-1,-0.7759950644691868
cross,cross_A_to_B,A,combined,True,244,1,2,1,-1,-1.6378172358670873
cross,cross_A_to_B,A,combined,True,247,1,2,1,1,1.4385894882501185
cross,cross_A_to_B,A,combined,True,248,1,2,1,1,0.9870260167948012
cross,cross_A_to_B,A,combined,True,249,1,2,-1,1,10.024222151663999
cross,cross_A_to_B,A,combined,True,250,1,2,1,-1,-6.274465826636414
cross,cross_A_to_B,A,combined,True,251,1,2,-1,-1,-0.10983034419470232
cross,cross_A_to_B,A,combined,True,252,1,2,1,1,0.6571698027017452
cross,cross_A_to_B,A,combined,True,254,1,2,1,-1,-3.6701582836536786
cross,cross_A_to_B,A,combined,True,255,1,2,-1,-1,-2.62515798183
cross,cross_A_to_B,A,combined,True,256,1,2,1,-1,-0.37106661918008516
cross,cross_A_to_B,A,combined,True,257,1,2,1,1,0.8893103844726093
cross,cross_A_to_B,A,combined,True,258,1,2,1,-1,-6.458929094803602
cross,cross_A_to_B,A,combined,True,259,1,2,1,-1,-0.4809074166643132
cross,cross_A_to_B,A,combined,True,260,1,3,-1,-1,-4.171431082218688
cross,cross_A_to_B,A,combined,True,261,1,3,-1,1,3.6173953458949653
cross,cross_A_to_B,A,combined,True,263,1,3,-1,-1,-0.907829027702001
cross,cross_A_to_B,A,combined,True,264,1,3,-1,1,0.2968749222654529
cross,cross_A_to_B,A,combined,True,265,1,3,-1,1,5.578962762471512
cross,cross_A_to_B,A,combined,True,266,1,3,1,1,1.6464396676582111
cross,cross_A_to_B,A,combined,True,267,1,3,1,1,1.1098359918527705
cross,cross_A_to_B,A,combined,True,268,1,3,-1,1,0.487433265901103
cross,cross_A_to_B,A,combined,True,269,1,3,-1,1,2.770293714027456
cross,cross_A_to_B,A,combined,True,271,1,3,1,1,2.6992214052484877
cross,cross_A_to_B,A,combined,True,272,1,3,-1,-1,-0.2987285019150524
cross,cross_A_to_B,A,combined,True,273,1,3,-1,-1,-0.11784863733747077
cross,cross_A_to_B,A,combined,True,274,1,3,1,-1,-1.1715946918277858
cross,cross_A_to_B,A,combined,True,275,1,3,-1,1,1.2510990950844836
cross,cross_A_to_B,A,combined,True,276,1,3,-1,1,0.6803009543773069
cross,cross_A_to_B,A,combined,True,278,1,3,1,-1,-0.7516520070802949
cross,cross_A_to_B,A,combined,True,279,1,3,-1,1,1.3165651093121846
cross,cross_A_to_B,A,combined,True,280,1,4,-1,-1,-1.7718960788911164
cross,cross_A_to_B,A,combined,True,281,1,4,1,-1,-0.2483887510810458
cross,cross_A_to_B,A,combined,True,282,1,4,-1,-1,-0.9985803111367116
cross,cross_A_to_B,A,combined,True,283,1,4,-1,1,0.052910666292389635
cross,cross_A_to_B,A,combined,True,285,1,4,-1,1,0.8999255730293917
cross,cross_A_to_B,A,combined,True,286,1,4,-1,-1,-0.09862729394018487
cross,cross_A_to_B,A,combined,True,288,1,4,-1,1,2.35499294540638
cross,cross_A_to_B,A,combined,True,289,1,4,-1,-1,-3.1646708398730103
cross,cross_A_to_B,A,combined,True,290,1,4,1,1,0.43238757510985415
cross,cross_A_to_B,A,combined,True,292,1,4,-1,1,0.8397958646218203
cross,cross_A_to_B,A,combined,True,293,1,4,1,1,0.41781620526740476
cross,cross_A_to_B,A,combined,True,294,1,4,-1,1,0.7132255931629629
cross,cross_A_to_B,A,combined,True,295,1,4,1,-1,-0.2434595524602699
cross,cross_A_to_B,A,combined,True,297,1,4,1,1,0.2954978919348111
cross,cross_A_to_B,A,combined,True,298,1,4,1,1,1.0315441102111598
cross,cross_A_to_B,A,combined,True,299,1,4,1,1,2.5308355936756435
cross,cross_A_to_B,A,combined,True,300,2,0,-1,-1,-0.9211964223749814
cross,cross_A_to_B,A,combined,True,302,2,0,-1,-1,-0.011783617728741966
cross,cross_A_to_B,A,combined,True,303,2,0,1,-1,-1.2613295661236124
cross,cross_A_to_B,A,combined,True,304,2,0,-1,-1,-1.0352090379496988
cross,cross_A_to_B,A,combined,True,305,2,0,1,1,0.075524959035851
cross,cross_A_to_B,A,combined,True,307,2,0,1,1,0.6210598152481037
cross,cross_A_to_B,A,combined,True,308,2,0,1,-1,-0.9024231750291357
cross,cross_A_to_B,A,combined,True,311,2,0,1,-1,-1.0372158609858295
cross,cross_A_to_B,A,combined,True,312,2,0,1,1,0.5543005099246539
cross,cross_A_to_B,A,combined,True,316,2,0,-1,1,1.0002717790485796
cross,cross_A_to_B,A,combined,True,317,2,0,1,-1,-1.1146428238160118
cross,cross_A_to_B,A,combined,True,318,2,0,1,1,0.512093648256949
cross,cross_A_to_B,A,combined,True,320,2,1,1,-1,-1.0141780989058544
cross,cross_A_to_B,A,combined,True,323,2,1,-1,-1,-1.6763218925134078
cross,cross_A_to_B,A,combined,True,325,2,1,1,1,0.16145503233811487
cross,cross_A_to_B,A,combined,True,326,2,1,-1,1,0.08750314810383943
cross,cross_A_to_B,A,combined,True,327,2,1,-1,1,0.5854551391079521
cross,cross_A_to_B,A,combined,True,329,2,1,1,-1,-1.637675537467716
cross,cross_A_to_B,A,combined,True,330,2,1,1,-1,-1.8858850458452445
cross,cross_A_to_B,A,combined,True,332,2,1,1,1,1.1290865343892091
cross,cross_A_to_B,A,combined,True,334,2,1,-1,-1,-1.3356681470127403
cross,cross_A_to_B,A,combined,True,335,2,1,1,1,1.2193875117730686
cross,cross_A_to_B,A,combined,True,336,2,1,-1,1,0.07906946004014748
cross,cross_A_to_B,A,combined,True,337,2,1,-1,-1,-0.09692469473670094
cross,cross_A_to_B,A,combined,True,339,2,1,1,1,1.0921605140383233
cross,cross_A_to_B,A,combined,True,340,2,2,1,1,0.3861578331437336
cross,cross_A_to_B,A,combined,True,343,2,2,1,1,0.3301945566236985
cross,cross_A_to_B,A,combined,True,344,2,2,-1,-1,-0.2742554859175291
cross,cross_A_to_B,A,combined,True,345,2,2,-1,-1,-0.8347029041788014
cross,cross_A_to_B,A,combined,True,346,2,2,1,-1,-1.2876899675471853
cross,cross_A_to_B,A,combined,True,347,2,2,-1,-1,-0.06763790425630621
cross,cross_A_to_B,A,combined,True,351,2,2,-1,1,0.0559180610271687
cross,cross_A_to_B,A,combined,True,352,2,2,1,-1,-0.6156904340135122
cross,cross_A_to_B,A,combined,True,354,2,2,1,1,0.32539625266365285
cross,cross_A_to_B,A,combined,True,357,2,2,-1,-1,-1.1276282096140489
cross,cross_A_to_B,A,combined,True,358,2,2,-1,-1,-0.005298697912395893
cross,cross_A_to_B,A,combined,True,359,2,2,-1,-1,-1.191699484080349
cross,cross_A_to_B,A,combined,True,360,2,3,-1,-1,-0.8996066975866557
cross,cross_A_to_B,A,combined,True,361,2,3,1,1,0.2006850608127097
cross,cross_A_to_B,A,combined,True,362,2,3,-1,1,0.3793486704016898
cross,cross_A_to_B,A,combined,True,363,2,3,-1,1,0.26133666630348457
cross,cross_A_to_B,A,combined,True,364,2,3,1,1,0.517911833127027
cross,cross_A_to_B,A,combined,True,366,2,3,1,1,1.5297625715221417
cross,cross_A_to_B,A,combined,True,367,2,3,1,-1,-0.6076751006878546
cross,cross_A_to_B,A,combined,True,369,2,3,-1,1,0.8220328580401549
cross,cross_A_to_B,A,combined,True,370,2,3,1,-1,-0.32542311518347583
cross,cross_A_to_B,A,combined,True,371,2,3,1,-1,-0.9232479871500467
cross,cross_A_to_B,A,combined,True,372,2,3,1,1,0.44192630802572336
cross,cross_A_to_B,A,combined,True,373,2,3,-1,-1,-0.020195060906798276
cross,cross_A_to_B,A,combined,True,374,2,3,-1,1,0.2663595652446094
cross,cross_A_to_B,A,combined,True,375,2,3,1,-1,-1.1072124930771168
cross,cross_A_to_B,A,combined,True,376,2,3,1,1,0.7238131145502725
cross,cross_A_to_B,A,combined,True,377,2,3,-1,-1,-1.5087280164600338
cross,cross_A_to_B,A,combined,True,379,2,3,-1,1,0.4658718079746998
cross,cross_A_to_B,A,combined,True,380,2,4,1,1,0.8453345187223722
cross,cross_A_to_B,A,combined,True,382,2,4,1,1,0.502472951875345
cross,cross_A_to_B,A,combined,True,383,2,4,-1,1,0.9201120276834315
cross,cross_A_to_B,A,combined,True,385,2,4,1,-1,-1.1987525960914687
cross,cross_A_to_B,A,combined,True,386,2,4,-1,-1,-0.5524216259658773
cross,cross_A_to_B,A,combined,True,387,2,4,1,-1,-2.0705705614168646
cross,cross_A_to_B,A,combined,True,388,2,4,-1,1,0.9638672298490002
cross,cross_A_to_B,A,combined,True,389,2,4,1,-1,-0.18175843987740126
cross,cross_A_to_B,A,combined,True,390,2,4,-1,1,1.5384277157347799
cross,cross_A_to_B,A,combined,True,391,2,4,-1,-1,-0.2948076471027688
cross,cross_A_to_B,A,combined,True,392,2,4,1,-1,-0.5669733151462312
cross,cross_A_to_B,A,combined,True,393,2,4,-1,-1,-0.5737639910391719
cross,cross_A_to_B,A,combined,True,394,2,4,1,1,0.8440178473422717
cross,cross_A_to_B,A,combined,True,395,2,4,1,-1,-0.005536652771942749
cross,cross_A_to_B,A,combined,True,396,2,4,-1,1,0.5785821089811446
cross,cross_A_to_B,A,combined,True,397,2,4,-1,1,1.050332155413894
cross,cross_A_to_B,A,combined,True,398,2,4,1,-1,-1.0331191430411593
cross,cross_A_to_B,A,combined,True,399,2,4,-1,-1,-0.5003421425620206
cross,cross_B_to_A,B,erp,False,0,1,0,-1,1,0.21882083802358696
cross,cross_B_to_A,B,erp,False,3,1,0,-1,1,0.003563012197097058
cross,cross_B_to_A,B,erp,False,4,1,0,1,1,0.027792902836043
cross,cross_B_to_A,B,erp,False,5,1,0,-1,1,0.07603731826553654
cross,cross_B_to_A,B,erp,False,6,1,0,-1,-1,-0.0866380255563187
cross,cross_B_to_A,B,erp,False,7,1,0,-1,1,0.16221959875207417
cross,cross_B_to_A,B,erp,False,8,1,0,1,-1,-0.005221658651566444
cross,cross_B_to_A,B,erp,False,9,1,0,1,1,0.1020350334139324
cross,cross_B_to_A,B,erp,False,10,1,0,1,-1,-0.07381393952915213
cross,cross_B_to_A,B,erp,False,11,1,0,1,-1,-0.05006940406522334
cross,cross_B_to_A,B,erp,False,12,1,0,-1,-1,-0.045297374471364255
cross,cross_B_to_A,B,erp,False,15,1,0,-1,1,0.04244186127348355
cross,cross_B_to_A,B,erp,False,16,1,0,1,1,0.06246458948549087
cross,cross_B_to_A,B,erp,False,17,1,0,-1,1,0.20832377093407978
cross,cross_B_to_A,B,erp,False,18,1,0,-1,-1,-0.1381376645654754
cross,cross_B_to_A,B,erp,False,20,1,1,-1,-1,-0.08326883839062706
cross,cross_B_to_A,B,erp,False,22,1,1,1,-1,-0.08150747826862899
cross,cross_B_to_A,B,erp,False,23,1,1,-1,1,0.01808525509299402
cross,cross_B_to_A,B,erp,False,24,1,1,-1,1,0.08836496298510123
cross,cross_B_to_A,B,erp,False,25,1,1,1,-1,-0.04192913426617623
cross,cross_B_to_A,B,erp,False,27,1,1,-1,-1,-0.2689146799073258
cross,cross_B_to_A,B,erp,False,28,1,1,-1,1,0.20207065175488112
cross,cross_B_to_A,B,erp,False,29,1,1,-1,1,0.10333113902410405
cross,cross_B_to_A,B,erp,False,30,1,1,-1,1,0.03279928528087093
cross,cross_B_to_A,B,erp,False,31,1,1,1,-1,-0.06383720884893668
cross,cross_B_to_A,B,erp,False,32,1,1,1,-1,-0.013484280851165802
cross,cross_B_to_A,B,erp,False,33,1,1,-1,-1,-0.10665994136672763
cross,cross_B_to_A,B,erp,False,34,1,1,1,-1,-0.07866999600313508
cross,cross_B_to_A,B,erp,False,36,1,1,-1,-1,-0.27060391522490407
cross,cross_B_to_A,B,erp,False,37,1,1,-1,-1,-0.049669662563507216
cross,cross_B_to_A,B,erp,False,41,1,2,1,-1,-0.2917599719856277
cross,cross_B_to_A,B,erp,False,42,1,2,-1,1,0.1343971937701612
cross,cross_B_to_A,B,erp,False,43,1,2,1,1,0.0855941809692404
cross,cross_B_to_A,B,erp,False,44,1,2,-1,1,0.027165934134219305
cross,cross_B_to_A,B,erp,False,46,1,2,-1,1,0.11385404034761049
cross,cross_B_to_A,B,erp,False,47,1,2,1,-1,-0.015819054768390656
cross,cross_B_to_A,B,erp,False,48,1,2,-1,1,0.07951342977263211
cross,cross_B_to_A,B,erp,False,49,1,2,-1,-1,-0.01202915671659767
cross,cross_B_to_A,B,erp,False,50,1,2,1,-1,-0.014376590898913633
cross,cross_B_to_A,B,erp,False,51,1,2,1,1,0.20502189925463826
cross,cross_B_to_A,B,erp,False,53,1,2,-1,-1,-0.5331240088544894
cross,cross_B_to_A,B,erp,False,54,1,2,1,-1,-0.03683414863527545
cross,cross_B_to_A,B,erp,False,55,1,2,-1,1,0.019819388326169723
cross,cross_B_to_A,B,erp,False,56,1,2,-1,1,0.10467236678171753
cross,cross_B_to_A,B,erp,False,57,1,2,1,1,0.00945156957124976
cross,cross_B_to_A,B,erp,False,58,1,2,1,1,0.013148026503663937
cross,cross_B_to_A,B,erp,False,59,1,2,-1,1,0.11056195272311269
cross,cross_B_to_A,B,erp,False,60,1,3,1,-1,-0.08181125309747848
cross,cross_B_to_A,B,erp,False,61,1,3,-1,1,0.10813615087719373
cross,cross_B_to_A,B,erp,False,62,1,3,1,1,0.20902623007867083
cross,cross_B_to_A,B,erp,False,63,1,3,1,-1,-0.014310745582927817
cross,cross_B_to_A,B,erp,False,64,1,3,-1,1,0.15536267176913446
cross,cross_B_to_A,B,erp,False,65,1,3,1,1,0.11248787311651191
cross,cross_B_to_A,B,erp,False,66,1,3,-1,-1,-0.006987271592478278
cross,cross_B_to_A,B,erp,False,67,1,3,-1,1,0.20235249721888393
cross,cross_B_to_A,B,erp,False,68,1,3,1,1,0.18141297263017409
cross,cross_B_to_A,B,erp,False,69,1,3,1,-1,-0.11244135797096547
cross,cross_B_to_A,B,erp,False,70,1,3,-1,1,0.11340108157928898
cross,cross_B_to_A,B,erp,False,71,1,3,1,1,0.21781411122605895
cross,cross_B_to_A,B,erp,False,73,1,3,1,1,0.1360740635210272
cross,cross_B_to_A,B,erp,False,74,1,3,-1,-1,-0.22043493893107388
cross,cross_B_to_A,B,erp,False,75,1,3,1,-1,-0.1930499849883764
cross,cross_B_to_A,B,erp,False,78,1,3,-1,-1,-0.15992232028721357
cross,cross_B_to_A,B,erp,False,79,1,3,-1,-1,-0.30884817836467104
cross,cross_B_to_A,B,erp,False,80,1,4,-1,1,0.16759798958468447
cross,cross_B_to_A,B,erp,False,81,1,4,1,-1,-0.046516415168159755
cross,cross_B_to_A,B,erp,False,82,1,4,-1,1,0.09407445186334011
cross,cross_B_to_A,B,erp,False,83,1,4,1,1,0.20536357490382415
cross,cross_B_to_A,B,erp,False,84,1,4,-1,-1,-0.1719399283058968
cross,cross_B_to_A,B,erp,False,85,1,4,1,1,0.029409949299550375
cross,cross_B_to_A,B,erp,False,86,1,4,1,-1,-0.014598006769674158
cross,cross_B_to_A,B,erp,False,88,1,4,1,1,0.15479078662805576
cross,cross_B_to_A,B,erp,False,89,1,4,1,-1,-0.007125449754497717
cross,cross_B_to_A,B,erp,False,90,1,4,-1,-1,-0.2042156075386126
cross,cross_B_to_A,B,erp,False,91,1,4,1,1,0.28723450846230203
cross,cross_B_to_A,B,erp,False,92,1,4,1,1,0.10068140564567404
cross,cross_B_to_A,B,erp,False,93,1,4,1,1,0.1740234671531394
cross,cross_B_to_A,B,erp,False,94,1,4,-1,-1,-0.07924765136390681
cross,cross_B_to_A,B,erp,False,95,1,4,1,1,0.15824818239221958
cross,cross_B_to_A,B,erp,False,96,1,4,1,1,0.009177831096520553
cross,cross_B_to_A,B,erp,False,98,1,4,-1,1,0.1927473109153122
cross,cross_B_to_A,B,erp,False,99,1,4,1,-1,-0.02272700074663185
cross,cross_B_to_A,B,erp,False,100,2,0,1,-1,-0.178042898767929
cross,cross_B_to_A,B,erp,False,101,2,0,-1,-1,-0.1015291352647458
cross,cross_B_to_A,B,erp,False,102,2,0,-1,-1,-0.3557692809347248
cross,cross_B_to_A,B,erp,False,103,2,0,-1,-1,-0.10439032519289827
cross,cross_B_to_A,B,erp,False,104,2,0,1,-1,-0.13707271745223348
cross,cross_B_to_A,B,erp,False,105,2,0,-1,1,0.26783237914851843
cross,cross_B_to_A,B,erp,False,106,2,0,1,-1,-0.12523378089922005
cross,cross_B_to_A,B,erp,False,107,2,0,1,-1,-0.05620479195351964
cross,cross_B_to_A,B,erp,False,108,2,0,-1,-1,-0.19190143958793546
cross,cross_B_to_A,B,erp,False,109,2,0,-1,-1,-0.03792680663432879
cross,cross_B_to_A,B,erp,False,110,2,0,1,1,0.14258868274945852
cross,cross_B_to_A,B,erp,False,111,2,0,1,-1,-0.027856048191109626
cross,cross_B_to_A,B,erp,False,112,2,0,1,-1,-5.633199200868371e-05
cross,cross_B_to_A,B,erp,False,113,2,0,-1,-1,-0.0838946322463741
cross,cross_B_to_A,B,erp,False,114,2,0,-1,-1,-0.08487360688455382
cross,cross_B_to_A,B,erp,False,115,2,0,-1,-1,-0.06872652253482353
cross,cross_B_to_A,B,erp,False,116,2,0,1,-1,-0.1409433802155111
cross,cross_B_to_A,B,erp,False,118,2,0,-1,1,0.11227080030270829
cross,cross_B_to_A,B,erp,False,119,2,0,-1,1,0.28716107517134054
cross,cross_B_to_A,B,erp,False,120,2,1,1,1,0.18132201190908234
cross,cross_B_to_A,B,erp,False,123,2,1,1,1,0.14934099985857802
cross,cross_B_to_A,B,erp,False,124,2,1,-1,1,0.0841704864816559
cross,cross_B_to_A,B,erp,False,125,2,1,-1,1,0.012651545237117354
cross,cross_B_to_A,B,erp,False,126,2,1,1,1,0.15379064533095327
cross,cross_B_to_A,B,erp,False,127,2,1,1,1,0.11895630362405493
cross,cross_B_to_A,B,erp,False,128,2,1,1,1,0.2369547332778102
cross,cross_B_to_A,B,erp,False,131,2,1,-1,1,0.023496134299877965
cross,cross_B_to_A,B,erp,False,134,2,1,-1,-1,-0.05600030610064899
cross,cross_B_to_A,B,erp,False,135,2,1,1,1,0.011924145708163213
cross,cross_B_to_A,B,erp,False,136,2,1,1,-1,-0.17883165986267144
cross,cross_B_to_A,B,erp,False,137,2,1,-1,-1,-0.1460928546113224
cross,cross_B_to_A,B,erp,False,139,2,1,-1,1,0.10228893198258557
cross,cross_B_to_A,B,erp,False,141,2,2,-1,-1,-0.4324311212110767
cross,cross_B_to_A,B,erp,False,143,2,2,-1,-1,-0.06298741675165977
cross,cross_B_to_A,B,erp,False,145,2,2,-1,-1,-0.097379923758485
cross,cross_B_to_A,B,erp,False,146,2,2,-1,1,0.06351188075677186
cross,cross_B_to_A,B,erp,False,147,2,2,-1,-1,-0.2640278111892195
cross,cross_B_to_A,B,erp,False,149,2,2,1,-1,-0.2140846959428664
cross,cross_B_to_A,B,erp,False,150,2,2,-1,1,0.2172689435707788
cross,cross_B_to_A,B,erp,False,152,2,2,1,1,0.02911933910912584
cross,cross_B_to_A,B,erp,False,153,2,2,-1,1,0.1953999972361388
cross,cross_B_to_A,B,erp,False,154,2,2,-1,1,0.11216706413494577
cross,cross_B_to_A,B,erp,False,155,2,2,1,1,0.30611149014461586
cross,cross_B_to_A,B,erp,False,156,2,2,1,-1,-0.20862466152981288
cross,cross_B_to_A,B,erp,False,157,2,2,1,1,0.3637293249211563
cross,cross_B_to_A,B,erp,False,158,2,2,1,1,0.1512154807063845
cross,cross_B_to_A,B,erp,False,159,2,2,1,1,0.26782847294335393
cross,cross_B_to_A,B,erp,False,160,2,3,-1,-1,-0.1454041281137217
cross,cross_B_to_A,B,erp,False,163,2,3,-1,1,0.024971827836486448
cross,cross_B_to_A,B,erp,False,164,2,3,1,1,0.18072698033516751
cross,cross_B_to_A,B,erp,False,165,2,3,-1,1,0.1682936074608666
cross,cross_B_to_A,B,erp,False,166,2,3,1,1,0.154446930213184
cross,cross_B_to_A,B,erp,False,168,2,3,-1,-1,-0.16137073263600943
cross,cross_B_to_A,B,erp,False,169,2,3,-1,1,0.30662396491572436
cross,cross_B_to_A,B,erp,False,170,2,3,1,-1,-0.05728947215591794
cross,cross_B_to_A,B,erp,False,171,2,3,1,-1,-0.2719766595007687
cross,cross_B_to_A,B,erp,False,172,2,3,1,1,0.16656371063252906
cross,cross_B_to_A,B,erp,False,173,2,3,1,1,0.2854431198639324
cross,cross_B_to_A,B,erp,False,175,2,3,-1,-1,-0.18021882993078858
cross,cross_B_to_A,B,erp,False,176,2,3,-1,1,0.09056229213384907
cross,cross_B_to_A,B,erp,False,177,2,3,1,1,0.26381156554074925
cross,cross_B_to_A,B,erp,False,178,2,3,-1,1,0.05140751391184934
cross,cross_B_to_A,B,erp,False,180,2,4,-1,-1,-0.2199730035355268
cross,cross_B_to_A,B,erp,False,181,2,4,1,-1,-0.6187770521422449
cross,cross_B_to_A,B,erp,False,182,2,4,1,1,0.16806627734090462
cross,cross_B_to_A,B,erp,False,183,2,4,-1,1,0.08803851421426552
cross,cross_B_to_A,B,erp,False,184,2,4,1,-1,-0.11283134202727872
cross,cross_B_to_A,B,erp,False,186,2,4,-1,-1,-0.09842170061590434
cross,cross_B_to_A,B,erp,False,187,2,4,1,1,0.55597319456857
cross,cross_B_to_A,B,erp,False,188,2,4,-1,-1,-0.11849087860867195
cross,cross_B_to_A,B,erp,False,189,2,4,-1,1,0.199088417579083
cross,cross_B_to_A,B,erp,False,190,2,4,-1,-1,-0.18494064167769186
cross,cross_B_to_A,B,erp,False,191,2,4,-1,-1,-0.17253138477050967
cross,cross_B_to_A,B,erp,False,192,2,4,1,-1,-0.07909429277930209
cross,cross_B_to_A,B,erp,False,193,2,4,-1,-1,-0.5692597030551395
cross,cross_B_to_A,B,erp,False,194,2,4,-1,1,0.28321602248681543
cross,cross_B_to_A,B,erp,False,195,2,4,-1,1,0.09932911208538935
cross,cross_B_to_A,B,erp,False,196,2,4,-1,-1,-0.3177243114255853
cross,cross_B_to_A,B,erp,False,197,2,4,-1,-1,-0.4655025474241192
cross,cross_B_to_A,B,erp,False,198,2,4,-1,-1,-0.038524602611484576
cross,cross_B_to_A,B,erp,False,199,2,4,-1,1,0.21706611883262772
cross,cross_B_to_A,B,source,True,0,1,0,-1,1,0.15978680201825804
cross,cross_B_to_A,B,source,True,3,1,0,-1,1,0.04813762170752683
cross,cross_B_to_A,B,source,True,4,1,0,1,1,0.05603409658154288
cross,cross_B_to_A,B,source,True,5,1,0,-1,1,0.04363287183274347
cross,cross_B_to_A,B,source,True,6,1,0,-1,-1,-0.12112176634674354
cross,cross_B_to_A,B,source,True,7,1,0,-1,-1,-0.1821934246870937
cross,cross_B_to_A,B,source,True,8,1,0,1,1,0.03630917271307472
cross,cross_B_to_A,B,source,True,9,1,0,1,1,0.5021270570911158
cross,cross_B_to_A,B,source,True,10,1,0,1,-1,-0.011717081720816175
cross,cross_B_to_A,B,source,True,11,1,0,1,-1,-0.11921256451391124
cross,cross_B_to_A,B,source,True,12,1,0,-1,1,0.1411582107635923
cross,cross_B_to_A,B,source,True,15,1,0,-1,1,0.39167424430941433
cross,cross_B_to_A,B,source,True,16,1,0,1,1,0.14546767058973534
cross,cross_B_to_A,B,source,True,17,1,0,-1,1,0.30596213034287745
cross,cross_B_to_A,B,source,True,18,1,0,-1,-1,-0.12760237405615552
cross,cross_B_to_A,B,source,True,20,1,1,-1,1,0.39697360882637867
cross,cross_B_to_A,B,source,True,22,1,1,1,1,0.0022122284403221087
cross,cross_B_to_A,B,source,True,23,1,1,-1,1,0.22295185167644443
cross,cross_B_to_A,B,source,True,24,1,1,-1,-1,-0.09835252754480844
cross,cross_B_to_A,B,source,True,25,1,1,1,1,0.15148638737643005
cross,cross_B_to_A,B,source,True,27,1,1,-1,-1,-0.08947822255950241
cross,cross_B_to_A,B,source,True,28,1,1,-1,1,0.405089819289241
cross,cross_B_to_A,B,source,True,29,1,1,-1,1,0.13488405581675994
cross,cross_B_to_A,B,source,True,30,1,1,-1,1,0.18475108174643723
cross,cross_B_to_A,B,source,True,31,1,1,1,1,0.3008842581368193
cross,cross_B_to_A,B,source,True,32,1,1,1,1,0.13948079875211278
cross,cross_B_to_A,B,source,True,33,1,1,-1,-1,-0.001760476817405118
cross,cross_B_to_A,B,source,True,34,1,1,1,1,0.3524254416214408
cross,cross_B_to_A,B,source,True,36,1,1,-1,1,0.24793065030322758
cross,cross_B_to_A,B,source,True,37,1,1,-1,1,0.28346290143721736
cross,cross_B_to_A,B,source,True,41,1,2,1,1,0.016650365321061185
cross,cross_B_to_A,B,source,True,42,1,2,-1,1,0.14666002954855456
cross,cross_B_to_A,B,source,True,43,1,2,1,1,0.26363392134516805
cross,cross_B_to_A,B,source,True,44,1,2,-1,1,0.39171726009805696
cross,cross_B_to_A,B,source,True,46,1,2,-1,1,0.08078322577527727
cross,cross_B_to_A,B,source,True,47,1,2,1,1,0.008453786950622662
cross,cross_B_to_A,B,source,True,48,1,2,-1,1,0.5655924041333713
cross,cross_B_to_A,B,source,True,49,1,2,-1,1,0.11738226712817154
cross,cross_B_to_A,B,source,True,50,1,2,1,1,1.0168938591805923
cross,cross_B_to_A,B,source,True,51,1,2,1,1,0.4997952818890496
cross,cross_B_to_A,B,source,True,53,1,2,-1,-1,-0.27955710077585955
cross,cross_B_to_A,B,source,True,54,1,2,1,-1,-0.4436464634322184
cross,cross_B_to_A,B,source,True,55,1,2,-1,-1,-0.12372827231263167
cross,cross_B_to_A,B,source,True,56,1,2,-1,1,0.17792573015183089
cross,cross_B_to_A,B,source,True,57,1,2,1,1,0.1919090756424147
cross,cross_B_to_A,B,source,True,58,1,2,1,-1,-0.027346784634620397
cross,cross_B_to_A,B,source,True,59,1,2,-1,1,0.09154157426574516
cross,cross_B_to_A,B,source,True,60,1,3,1,1,0.14515805149925431
cross,cross_B_to_A,B,source,True,61,1,3,-1,-1,-0.08463024784823328
cross,cross_B_to_A,B,source,True,62,1,3,1,1,0.0034328849877475476
cross,cross_B_to_A,B,source,True,63,1,3,1,1,0.03375777095067614
cross,cross_B_to_A,B,source,True,64,1,3,-1,1,0.29104891431925084
cross,cross_B_to_A,B,source,True,65,1,3,1,1,0.5530373588004568
cross,cross_B_to_A,B,source,True,66,1,3,-1,1,0.3015085105427073
cross,cross_B_to_A,B,source,True,67,1,3,-1,-1,-0.11597444711856891
cross,cross_B_to_A,B,source,True,68,1,3,1,1,0.2762956656713257
cross,cross_B_to_A,B,source,True,69,1,3,1,1,0.10191695154072833
cross,cross_B_to_A,B,source,True,70,1,3,-1,1,0.3165166856622269
cross,cross_B_to_A,B,source,True,71,1,3,1,-1,-0.15426330841386632
cross,cross_B_to_A,B,source,True,73,1,3,1,-1,-0.1390681534918091
cross,cross_B_to_A,B,source,True,74,1,3,-1,-1,-0.007057202246579727
cross,cross_B_to_A,B,source,True,75,1,3,1,1,0.1320045661886132
cross,cross_B_to_A,B,source,True,78,1,3,-1,1,0.08341055275972142
cross,cross_B_to_A,B,source,True,79,1,3,-1,1,0.03636575253682727
cross,cross_B_to_A,B,source,True,80,1,4,-1,-1,-0.11752402429840136
cross,cross_B_to_A,B,source,True,81,1,4,1,1,0.23428904167910292
cross,cross_B_to_A,B,source,True,82,1,4,-1,-1,-0.4109762284431703
cross,cross_B_to_A,B,source,True,83,1,4,1,-1,-0.19514619618018
cross,cross_B_to_A,B,source,True,84,1,4,-1,-1,-0.04830079077213261
cross,cross_B_to_A,B,source,True,85,1,4,1,1,0.019367104814836646
cross,cross_B_to_A,B,source,True,86,1,4,1,1,0.22719312689041274
cross,cross_B_to_A,B,source,True,88,1,4,1,-1,-0.11381975929384652
cross,cross_B_to_A,B,source,True,89,1,4,1,1,0.22308220090033404
cross,cross_B_to_A,B,source,True,90,1,4,-1,1,0.6101155142193867
cross,cross_B_to_A,B,source,True,91,1,4,1,1,0.2717924622161143
cross,cross_B_to_A,B,source,True,92,1,4,1,1,0.21634277786750836
cross,cross_B_to_A,B,source,True,93,1,4,1,1,0.21841859820366422
cross,cross_B_to_A,B,source,True,94,1,4,-1,-1,-0.018495726242935884
cross,cross_B_to_A,B,source,True,95,1,4,1,1,0.21002061521247756
cross,cross_B_to_A,B,source,True,96,1,4,1,1,0.33283221440371275
cross,cross_B_to_A,B,source,True,98,1,4,-1,1,0.16222262363541629
cross,cross_B_to_A,B,source,True,99,1,4,1,-1,-0.16238419871058193
cross,cross_B_to_A,B,source,True,100,2,0,1,-1,-0.09755941717156821
cross,cross_B_to_A,B,source,True,101,2,0,-1,1,0.763046297456501
cross,cross_B_to_A,B,source,True,102,2,0,-1,-1,-0.039011172208343006
cross,cross_B_to_A,B,source,True,103,2,0,-1,-1,-0.12412161190590867
cross,cross_B_to_A,B,source,True,104,2,0,1,1,0.43401511708896573
cross,cross_B_to_A,B,source,True,105,2,0,-1,1,0.04927247371746097
cross,cross_B_to_A,B,source,True,106,2,0,1,-1,-0.037391677863296384
cross,cross_B_to_A,B,source,True,107,2,0,1,1,0.010916927506655523
cross,cross_B_to_A,B,source,True,108,2,0,-1,1,0.21743403820627022
cross,cross_B_to_A,B,source,True,109,2,0,-1,1,0.10403133021463115
cross,cross_B_to_A,B,source,True,110,2,0,1,-1,-0.11623557261281744
cross,cross_B_to_A,B,source,True,111,2,0,1,-1,-0.20034862521269256
cross,cross_B_to_A,B,source,True,112,2,0,1,-1,-0.04590475439737652
cross,cross_B_to_A,B,source,True,113,2,0,-1,-1,-0.10931653640531308
cross,cross_B_to_A,B,source,True,114,2,0,-1,-1,-0.4308553290203843
cross,cross_B_to_A,B,source,True,115,2,0,-1,1,0.4290683331152339
cross,cross_B_to_A,B,source,True,116,2,0,1,-1,-0.5737662219700956
cross,cross_B_to_A,B,source,True,118,2,0,-1,1,0.023385805043502066
cross,cross_B_to_A,B,source,True,119,2,0,-1,1,0.07909778981890392
cross,cross_B_to_A,B,source,True,120,2,1,1,1,0.12000075410558678
cross,cross_B_to_A,B,source,True,123,2,1,1,-1,-0.288905957374446
cross,cross_B_to_A,B,source,True,124,2,1,-1,-1,-0.14159176146341398
cross,cross_B_to_A,B,source,True,125,2,1,-1,1,0.15095616478288965
cross,cross_B_to_A,B,source,True,126,2,1,1,1,0.2656215750782014
cross,cross_B_to_A,B,source,True,127,2,1,1,1,0.06279341288775214
cross,cross_B_to_A,B,source,True,128,2,1,1,-1,-0.06785294303696532
cross,cross_B_to_A,B,source,True,131,2,1,-1,-1,-0.3104490131662215
cross,cross_B_to_A,B,source,True,134,2,1,-1,-1,-0.3223329975135459
cross,cross_B_to_A,B,source,True,135,2,1,1,1,0.004325656882983594
cross,cross_B_to_A,B,source,True,136,2,1,1,-1,-0.49300596972991706
cross,cross_B_to_A,B,source,True,137,2,1,-1,-1,-0.21822940828047618
cross,cross_B_to_A,B,source,True,139,2,1,-1,-1,-0.028350558730231894
cross,cross_B_to_A,B,source,True,141,2,2,-1,1,0.07596999791906939
cross,cross_B_to_A,B,source,True,143,2,2,-1,1,0.013004943539496439
cross,cross_B_to_A,B,source,True,145,2,2,-1,1,0.6549342528726636
cross,cross_B_to_A,B,source,True,146,2,2,-1,-1,-0.0613683528325722
cross,cross_B_to_A,B,source,True,147,2,2,-1,1,0.3999466766317209
cross,cross_B_to_A,B,source,True,149,2,2,1,-1,-0.23222214922213635
cross,cross_B_to_A,B,source,True,150,2,2,-1,1,0.014085531083912504
cross,cross_B_to_A,B,source,True,152,2,2,1,1,0.14189230754377366
cross,cross_B_to_A,B,source,True,153,2,2,-1,-1,-0.029220637096228068
cross,cross_B_to_A,B,source,True,154,2,2,-1,1,0.08254296549429713
cross,cross_B_to_A,B,source,True,155,2,2,1,1,0.11408322455503256
cross,cross_B_to_A,B,source,True,156,2,2,1,-1,-0.17471768483841082
cross,cross_B_to_A,B,source,True,157,2,2,1,-1,-0.12191126466128907
cross,cross_B_to_A,B,source,True,158,2,2,1,-1,-0.22292683152150544
cross,cross_B_to_A,B,source,True,159,2,2,1,1,0.07808431001241617
cross,cross_B_to_A,B,source,True,160,2,3,-1,-1,-0.3553637266842424
cross,cross_B_to_A,B,source,True,163,2,3,-1,-1,-0.3231315308107383
cross,cross_B_to_A,B,source,True,164,2,3,1,1,0.027832452907976722
cross,cross_B_to_A,B,source,True,165,2,3,-1,1,0.286230916216979
cross,cross_B_to_A,B,source,True,166,2,3,1,1,0.20542747601651662
cross,cross_B_to_A,B,source,True,168,2,3,-1,-1,-0.4991317739193405
cross,cross_B_to_A,B,source,True,169,2,3,-1,-1,-0.0036304288067797374
cross,cross_B_to_A,B,source,True,170,2,3,1,-1,-0.12835481202506926
cross,cross_B_to_A,B,source,True,171,2,3,1,1,0.07769664667528467
cross,cross_B_to_A,B,source,True,172,2,3,1,1,0.17833430168562264
cross,cross_B_to_A,B,source,True,173,2,3,1,-1,-0.21417431924495012
cross,cross_B_to_A,B,source,True,175,2,3,-1,1,0.097863151040849
cross,cross_B_to_A,B,source,True,176,2,3,-1,-1,-0.04683937545948746
cross,cross_B_to_A,B,source,True,177,2,3,1,-1,-0.09098943744677307
cross,cross_B_to_A,B,source,True,178,2,3,-1,-1,-0.3326341950198522
cross,cross_B_to_A,B,source,True,180,2,4,-1,1,0.19219150462032372
cross,cross_B_to_A,B,source,True,181,2,4,1,-1,-0.09952919508378749
cross,cross_B_to_A,B,source,True,182,2,4,1,-1,-0.004287547705411602
cross,cross_B_to_A,B,source,True,183,2,4,-1,1,0.026691166882030812
cross,cross_B_to_A,B,source,True,184,2,4,1,-1,-0.11566238235238466
cross,cross_B_to_A,B,source,True,186,2,4,-1,1,0.07169381518612761
cross,cross_B_to_A,B,source,True,187,2,4,1,-1,-0.10796439083100728
cross,cross_B_to_A,B,source,True,188,2,4,-1,-1,-0.0516862555317799
cross,cross_B_to_A,B,source,True,189,2,4,-1,1,0.11608829062498077
cross,cross_B_to_A,B,source,True,190,2,4,-1,1,0.1842077636656157
cross,cross_B_to_A,B,source,True,191,2,4,-1,-1,-0.11579614864866136
cross,cross_B_to_A,B,source,True,192,2,4,1,-1,-0.19960042416553456
cross,cross_B_to_A,B,source,True,193,2,4,-1,-1,-0.2702691249494007
cross,cross_B_to_A,B,source,True,194,2,4,-1,1,0.20335509584682443
cross,cross_B_to_A,B,source,True,195,2,4,-1,-1,-0.242132314134519
cross,cross_B_to_A,B,source,True,196,2,4,-1,-1,-0.030654441312944036
cross,cross_B_to_A,B,source,True,197,2,4,-1,1,0.03791016043354526
cross,cross_B_to_A,B,source,True,198,2,4,-1,-1,-0.3595086922149992
cross,cross_B_to_A,B,source,True,199,2,4,-1,-1,-0.15465616619930406
cross,cross_B_to_A,B,combined,False,0,1,0,-1,1,0.05258587518863781
cross,cross_B_to_A,B,combined,False,3,1,0,-1,1,0.28531051373384225
cross,cross_B_to_A,B,combined,False,4,1,0,1,1,0.3125127610405722
cross,cross_B_to_A,B,combined,False,5,1,0,-1,1,0.8728832421387639
cross,cross_B_to_A,B,combined,False,6,1,0,-1,1,0.05383315707015967
cross,cross_B_to_A,B,combined,False,7,1,0,-1,1,0.06646867196389925
cross,cross_B_to_A,B,combined,False,8,1,0,1,1,0.08490973445459707
cross,cross_B_to_A,B,combined,False,9,1,0,1,1,0.2583482878237982
cross,cross_B_to_A,B,combined,False,10,1,0,1,1,0.5209389584124013
cross,cross_B_to_A,B,combined,False,11,1,0,1,-1,-0.08182853544770033
cross,cross_B_to_A,B,combined,False,12,1,0,-1,1,0.2038740337175273
cross,cross_B_to_A,B,combined,False,15,1,0,-1,1,0.28472987767052205
cross,cross_B_to_A,B,combined,False,16,1,0,1,1,0.20399020752174937
cross,cross_B_to_A,B,combined,False,17,1,0,-1,1,0.29568834225086904
cross,cross_B_to_A,B,combined,False,18,1,0,-1,1,0.026807987773657702
cross,cross_B_to_A,B,combined,False,20,1,1,-1,1,0.2999798693477876
cross,cross_B_to_A,B,combined,False,22,1,1,1,1,0.10585517806778647
cross,cross_B_to_A,B,combined,False,23,1,1,-1,1,0.48400387672803086
cross,cross_B_to_A,B,combined,False,24,1,1,-1,1,0.4106631016547651
cross,cross_B_to_A,B,combined,False,25,1,1,1,1,0.3885692776824597
cross,cross_B_to_A,B,combined,False,27,1,1,-1,-1,-0.10827181768211905
cross,cross_B_to_A,B,combined,False,28,1,1,-1,1,0.4490536646036805
cross,cross_B_to_A,B,combined,False,29,1,1,-1,1,0.131118215146766
cross,cross_B_to_A,B,combined,False,30,1,1,-1,1,0.32279538279478526
cross,cross_B_to_A,B,combined,False,31,1,1,1,1,0.306829686373892
cross,cross_B_to_A,B,combined,False,32,1,1,1,1,0.078214641125716
cross,cross_B_to_A,B,combined,False,33,1,1,-1,1,0.19635097161264678
cross,cross_B_to_A,B,combined,False,34,1,1,1,1,0.4597322760983565
cross,cross_B_to_A,B,combined,False,36,1,1,-1,1,0.4515777091809583
cross,cross_B_to_A,B,combined,False,37,1,1,-1,1,0.36439417677866515
cross,cross_B_to_A,B,combined,False,41,1,2,1,-1,-0.0760503423639863
cross,cross_B_to_A,B,combined,False,42,1,2,-1,1,0.11388634395292524
cross,cross_B_to_A,B,combined,False,43,1,2,1,1,0.2668967715640584
cross,cross_B_to_A,B,combined,False,44,1,2,-1,1,0.5313969017996883
cross,cross_B_to_A,B,combined,False,46,1,2,-1,1,0.10169718975932471
cross,cross_B_to_A,B,combined,False,47,1,2,1,-1,-0.14743050932666193
cross,cross_B_to_A,B,combined,False,48,1,2,-1,1,0.7024593057191592
cross,cross_B_to_A,B,combined,False,49,1,2,-1,1,0.26398130470732134
cross,cross_B_to_A,B,combined,False,50,1,2,1,1,0.4572263479223417
cross,cross_B_to_A,B,combined,False,51,1,2,1,1,0.7101628031834281
cross,cross_B_to_A,B,combined,False,53,1,2,-1,-1,-0.44529001118201444
cross,cross_B_to_A,B,combined,False,54,1,2,1,-1,-0.42060879862201406
cross,cross_B_to_A,B,combined,False,55,1,2,-1,-1,-0.13521059091123397
cross,cross_B_to_A,B,combined,False,56,1,2,-1,1,0.23511249071968707
cross,cross_B_to_A,B,combined,False,57,1,2,1,1,0.3873881915065114
cross,cross_B_to_A,B,combined,False,58,1,2,1,-1,-0.00900280444639141
cross,cross_B_to_A,B,combined,False,59,1,2,-1,1,0.2873461902513687
cross,cross_B_to_A,B,combined,False,60,1,3,1,1,0.14664093644374868
cross,cross_B_to_A,B,combined,False,61,1,3,-1,1,0.003844221671574323
cross,cross_B_to_A,B,combined,False,62,1,3,1,1,0.3920248433366866
cross,cross_B_to_A,B,combined,False,63,1,3,1,1,0.3429827584930247
cross,cross_B_to_A,B,combined,False,64,1,3,-1,1,0.39368912306018633
cross,cross_B_to_A,B,combined,False,65,1,3,1,1,0.40323128319042684
cross,cross_B_to_A,B,combined,False,66,1,3,-1,1,0.5257217493587957
cross,cross_B_to_A,B,combined,False,67,1,3,-1,-1,-0.057887865769582096
cross,cross_B_to_A,B,combined,False,68,1,3,1,1,0.18999774491895613
cross,cross_B_to_A,B,combined,False,69,1,3,1,1,0.12836153331793546
cross,cross_B_to_A,B,combined,False,70,1,3,-1,1,0.32277764646422097
cross,cross_B_to_A,B,combined,False,71,1,3,1,-1,-0.10199804029999693
cross,cross_B_to_A,B,combined,False,73,1,3,1,1,0.3332132758228184
cross,cross_B_to_A,B,combined,False,74,1,3,-1,-1,-0.12361945477921438
cross,cross_B_to_A,B,combined,False,75,1,3,1,1,0.27665432668014384
cross,cross_B_to_A,B,combined,False,78,1,3,-1,1,0.039052121945867053
cross,cross_B_to_A,B,combined,False,79,1,3,-1,1,0.09545497818052065
cross,cross_B_to_A,B,combined,False,80,1,4,-1,-1,-0.20247050648351897
cross,cross_B_to_A,B,combined,False,81,1,4,1,1,0.30994889467822306
cross,cross_B_to_A,B,combined,False,82,1,4,-1,-1,-0.615805568902775
cross,cross_B_to_A,B,combined,False,83,1,4,1,1,0.23506026712093323
cross,cross_B_to_A,B,combined,False,84,1,4,-1,1,0.11778048371492081
cross,cross_B_to_A,B,combined,False,85,1,4,1,1,0.1270124961383383
cross,cross_B_to_A,B,combined,False,86,1,4,1,1,0.3616322993205999
cross,cross_B_to_A,B,combined,False,88,1,4,1,-1,-0.0847371695878539
cross,cross_B_to_A,B,combined,False,89,1,4,1,1,0.2192097604484264
cross,cross_B_to_A,B,combined,False,90,1,4,-1,1,0.9948427237319736
cross,cross_B_to_A,B,combined,False,91,1,4,1,1,0.3428857690975641
cross,cross_B_to_A,B,combined,False,92,1,4,1,1,0.18311539334290564
cross,cross_B_to_A,B,combined,False,93,1,4,1,1,0.30949472562232944
cross,cross_B_to_A,B,combined,False,94,1,4,-1,1,0.2338578278821785
cross,cross_B_to_A,B,combined,False,95,1,4,1,1,0.29083341574564847
cross,cross_B_to_A,B,combined,False,96,1,4,1,1,0.480428371931694
cross,cross_B_to_A,B,combined,False,98,1,4,-1,1,0.19069373101758044
cross,cross_B_to_A,B,combined,False,99,1,4,1,-1,-0.1407092245969966
cross,cross_B_to_A,B,combined,False,100,2,0,1,-1,-0.1980612334846783
cross,cross_B_to_A,B,combined,False,101,2,0,-1,1,0.4333665512184792
cross,cross_B_to_A,B,combined,False,102,2,0,-1,1,0.06143334806540065
cross,cross_B_to_A,B,combined,False,103,2,0,-1,-1,-0.14557554558406258
cross,cross_B_to_A,B,combined,False,104,2,0,1,1,0.16184025879472178
cross,cross_B_to_A,B,combined,False,105,2,0,-1,-1,-0.019540521839272153
cross,cross_B_to_A,B,combined,False,106,2,0,1,-1,-0.430454992911848
cross,cross_B_to_A,B,combined,False,107,2,0,1,-1,-0.15384662194118265
cross,cross_B_to_A,B,combined,False,108,2,0,-1,1,0.1114486634269108
cross,cross_B_to_A,B,combined,False,109,2,0,-1,-1,-0.10059126478786432
cross,cross_B_to_A,B,combined,False,110,2,0,1,-1,-0.1367873939075895
cross,cross_B_to_A,B,combined,False,111,2,0,1,-1,-0.3610796909613773
cross,cross_B_to_A,B,combined,False,112,2,0,1,-1,-0.22362072224939278
cross,cross_B_to_A,B,combined,False,113,2,0,-1,-1,-0.10344316318808615
cross,cross_B_to_A,B,combined,False,114,2,0,-1,-1,-0.4480118305108343
cross,cross_B_to_A,B,combined,False,115,2,0,-1,1,0.4248599032503745
cross,cross_B_to_A,B,combined,False,116,2,0,1,-1,-0.5430496330935143
cross,cross_B_to_A,B,combined,False,118,2,0,-1,-1,-0.1074187308075599
cross,cross_B_to_A,B,combined,False,119,2,0,-1,1,0.05669408657118278
cross,cross_B_to_A,B,combined,False,120,2,1,1,-1,-0.0875581853597347
cross,cross_B_to_A,B,combined,False,123,2,1,1,-1,-0.37221231166662194
cross,cross_B_to_A,B,combined,False,124,2,1,-1,-1,-0.10368226021816303
cross,cross_B_to_A,B,combined,False,125,2,1,-1,1,0.06999681176666447
cross,cross_B_to_A,B,combined,False,126,2,1,1,1,0.022425168686319195
cross,cross_B_to_A,B,combined,False,127,2,1,1,-1,-0.4050933540756793
cross,cross_B_to_A,B,combined,False,128,2,1,1,-1,-0.10155830315033207
cross,cross_B_to_A,B,combined,False,131,2,1,-1,-1,-0.4499036184419917
cross,cross_B_to_A,B,combined,False,134,2,1,-1,-1,-0.6172947367316364
cross,cross_B_to_A,B,combined,False,135,2,1,1,-1,-0.13542381971763764
cross,cross_B_to_A,B,combined,False,136,2,1,1,-1,-0.80942121155602
cross,cross_B_to_A,B,combined,False,137,2,1,-1,-1,-0.6711502588220334
cross,cross_B_to_A,B,combined,False,139,2,1,-1,1,0.07222968863172244
cross,cross_B_to_A,B,combined,False,141,2,2,-1,1,0.09056514071388375
cross,cross_B_to_A,B,combined,False,143,2,2,-1,-1,-0.17377212790878185
cross,cross_B_to_A,B,combined,False,145,2,2,-1,1,0.7295924804039834
cross,cross_B_to_A,B,combined,False,146,2,2,-1,-1,-0.2131334085052569
cross,cross_B_to_A,B,combined,False,147,2,2,-1,-1,-0.12777544174520108
cross,cross_B_to_A,B,combined,False,149,2,2,1,1,0.08267804225499514
cross,cross_B_to_A,B,combined,False,150,2,2,-1,-1,-0.03310626797261803
cross,cross_B_to_A,B,combined,False,152,2,2,1,-1,-0.0238592519945565
cross,cross_B_to_A,B,combined,False,153,2,2,-1,1,0.23004893882362024
cross,cross_B_to_A,B,combined,False,154,2,2,-1,-1,-0.23086194651556066
cross,cross_B_to_A,B,combined,False,155,2,2,1,1,0.06991582420361356
cross,cross_B_to_A,B,combined,False,156,2,2,1,-1,-0.11666351854005036
cross,cross_B_to_A,B,combined,False,157,2,2,1,1,0.07774791516217006
cross,cross_B_to_A,B,combined,False,158,2,2,1,-1,-0.13053497342755446
cross,cross_B_to_A,B,combined,False,159,2,2,1,1,0.20224126677005397
cross,cross_B_to_A,B,combined,False,160,2,3,-1,-1,-0.6292046545918835
cross,cross_B_to_A,B,combined,False,163,2,3,-1,-1,-0.029532190038818514
cross,cross_B_to_A,B,combined,False,164,2,3,1,1,0.2111077229264431
cross,cross_B_to_A,B,combined,False,165,2,3,-1,1,0.379399778372339
cross,cross_B_to_A,B,combined,False,166,2,3,1,-1,-0.03088028015036223
cross,cross_B_to_A,B,combined,False,168,2,3,-1,-1,-0.6476262545420551
cross,cross_B_to_A,B,combined,False,169,2,3,-1,1,0.12559147410927182
cross,cross_B_to_A,B,combined,False,170,2,3,1,-1,-0.3525446217438352
cross,cross_B_to_A,B,combined,False,171,2,3,1,-1,-0.002716437858178623
cross,cross_B_to_A,B,combined,False,172,2,3,1,1,0.1717922174553253
cross,cross_B_to_A,B,combined,False,173,2,3,1,-1,-0.2983096591476629
cross,cross_B_to_A,B,combined,False,175,2,3,-1,-1,-0.08842214752584207
cross,cross_B_to_A,B,combined,False,176,2,3,-1,-1,-0.14184237037288655
cross,cross_B_to_A,B,combined,False,177,2,3,1,-1,-0.16897274644219076
cross,cross_B_to_A,B,combined,False,178,2,3,-1,-1,-0.5851857639890485
cross,cross_B_to_A,B,combined,False,180,2,4,-1,1,0.2478333753639307
cross,cross_B_to_A,B,combined,False,181,2,4,1,1,0.007029229163189225
cross,cross_B_to_A,B,combined,False,182,2,4,1,1,0.022616876645502968
cross,cross_B_to_A,B,combined,False,183,2,4,-1,1,0.011606988551855855
cross,cross_B_to_A,B,combined,False,184,2,4,1,-1,-0.24201518044208162
cross,cross_B_to_A,B,combined,False,186,2,4,-1,1,0.2875121626230475
cross,cross_B_to_A,B,combined,False,187,2,4,1,1,0.6467594762391121
cross,cross_B_to_A,B,combined,False,188,2,4,-1,1,0.026914635748936742
cross,cross_B_to_A,B,combined,False,189,2,4,-1,1,0.3964170036557701
cross,cross_B_to_A,B,combined,False,190,2,4,-1,1,0.04028062132076476
cross,cross_B_to_A,B,combined,False,191,2,4,-1,-1,-0.04919371521950416
cross,cross_B_to_A,B,combined,False,192,2,4,1,-1,-0.21710119212585618
cross,cross_B_to_A,B,combined,False,193,2,4,-1,-1,-0.3672179993853422
cross,cross_B_to_A,B,combined,False,194,2,4,-1,1,0.06715120486220907
cross,cross_B_to_A,B,combined,False,195,2,4,-1,1,0.09373532504067458
cross,cross_B_to_A,B,combined,False,196,2,4,-1,1,0.01769935099235991
cross,cross_B_to_A,B,combined,False,197,2,4,-1,-1,-0.03840694630925866
cross,cross_B_to_A,B,combined,False,198,2,4,-1,-1,-0.4066860518520238
cross,cross_B_to_A,B,combined,False,199,2,4,-1,-1,-0.14952422257290732
within,within_A_block0,A,erp,False,0,1,0,-1,-1,-0.14845798907942911
within,within_A_block0,A,erp,False,3,1,0,-1,-1,-0.5076521226746382
within,within_A_block0,A,erp,False,4,1,0,1,-1,-0.4998349260242297
within,within_A_block0,A,erp,False,5,1,0,-1,-1,-0.7862192291830027
within,within_A_block0,A,erp,False,6,1,0,-1,1,0.4450068046976232
within,within_A_block0,A,erp,False,7,1,0,-1,1,0.30126602544632425
within,within_A_block0,A,erp,False,8,1,0,1,1,0.2812752171499387
within,within_A_block0,A,erp,False,9,1,0,1,1,0.6597605621099631
within,within_A_block0,A,erp,False,10,1,0,1,-1,-0.7911363256133991
within,within_A_block0,A,erp,False,11,1,0,1,1,0.026288100279413286
within,within_A_block0,A,erp,False,12,1,0,-1,1,0.21714573543380922
within,within_A_block0,A,erp,False,15,1,0,-1,-1,-0.28025768692266384
within,within_A_block0,A,erp,False,16,1,0,1,1,0.6671150055325682
within,within_A_block0,A,erp,False,17,1,0,-1,1,0.29698730112006405
within,within_A_block0,A,erp,False,18,1,0,-1,1,0.30525681650815795
within,within_A_block0,A,erp,False,100,2,0,1,-1,-0.36587159056325624
within,within_A_block0,A,erp,False,101,2,0,-1,-1,-1.1342469356253888
within,within_A_block0,A,erp,False,102,2,0,-1,1,0.14642905089512098
within,within_A_block0,A,erp,False,103,2,0,-1,-1,-0.8868076433648923
within,within_A_block0,A,erp,False,104,2,0,1,1,0.014628996806067551
within,within_A_block0,A,erp,False,105,2,0,-1,-1,-0.6955035455300268
within,within_A_block0,A,erp,False,106,2,0,1,-1,-0.2610067651264067
within,within_A_block0,A,erp,False,107,2,0,1,-1,-0.11634257040461217
within,within_A_block0,A,erp,False,108,2,0,-1,1,0.007300438996534708
within,within_A_block0,A,erp,False,109,2,0,-1,1,0.429926919723407
within,within_A_block0,A,erp,False,110,2,0,1,-1,-0.6343841550353274
within,within_A_block0,A,erp,False,111,2,0,1,1,0.5310842175110447
within,within_A_block0,A,erp,False,112,2,0,1,-1,-0.13187392518729435
within,within_A_block0,A,erp,False,113,2,0,-1,1,0.18639788503343943
within,within_A_block0,A,erp,False,114,2,0,-1,-1,-0.1967856474645556
within,within_A_block0,A,erp,False,115,2,0,-1,-1,-0.6029974140729902
within,within_A_block0,A,erp,False,116,2,0,1,1,0.34891873768041376
within,within_A_block0,A,erp,False,118,2,0,-1,1,1.0318566137038787
within,within_A_block0,A,erp,False,119,2,0,-1,-1,-0.03292998987121383
within,within_A_block0,A,source,False,0,1,0,-1,-1,-0.3339474406773429
within,within_A_block0,A,source,False,3,1,0,-1,-1,-0.21354150086003112
within,within_A_block0,A,source,False,4,1,0,1,1,0.020854239656477903
within,within_A_block0,A,source,False,5,1,0,-1,1,0.27536359612650896
within,within_A_block0,A,source,False,6,1,0,-1,-1,-0.2855356775981823
within,within_A_block0,A,source,False,7,1,0,-1,-1,-0.22177253926497245
within,within_A_block0,A,source,False,8,1,0,1,1,0.08096495652721997
within,within_A_block0,A,source,False,9,1,0,1,1,0.6118579361280582
within,within_A_block0,A,source,False,10,1,0,1,-1,-0.666803176793802
within,within_A_block0,A,source,False,11,1,0,1,-1,-0.33050578953949117
within,within_A_block0,A,source,False,12,1,0,-1,-1,-0.03669008954330358
within,within_A_block0,A,source,False,15,1,0,-1,1,0.8420595989133213
within,within_A_block0,A,source,False,16,1,0,1,-1,-0.2834097673090063
within,within_A_block0,A,source,False,17,1,0,-1,1,0.6106538196806722
within,within_A_block0,A,source,False,18,1,0,-1,1,0.064524344098258
within,within_A_block0,A,source,False,100,2,0,1,1,0.13936547735592128
within,within_A_block0,A,source,False,101,2,0,-1,1,0.32182438365590504
within,within_A_block0,A,source,False,102,2,0,-1,-1,-0.21513078577564718
within,within_A_block0,A,source,False,103,2,0,-1,-1,-0.012583977557286477
within,within_A_block0,A,source,False,104,2,0,1,1,0.41693366164145806
within,within_A_block0,A,source,False,105,2,0,-1,-1,-0.2702646781305165
within,within_A_block0,A,source,False,106,2,0,1,1,0.5571276015098934
within,within_A_block0,A,source,False,107,2,0,1,-1,-0.3260000133757912
within,within_A_block0,A,source,False,108,2,0,-1,-1,-0.6177336248954169
within,within_A_block0,A,source,False,109,2,0,-1,-1,-0.03186220354093198
within,within_A_block0,A,source,False,110,2,0,1,-1,-0.1910537550773449
within,within_A_block0,A,source,False,111,2,0,1,1,0.5227522011714416
within,within_A_block0,A,source,False,112,2,0,1,-1,-0.1325125772805329
within,within_A_block0,A,source,False,113,2,0,-1,-1,-0.20693924375653014
within,within_A_block0,A,source,False,114,2,0,-1,1,0.089749026380137
within,within_A_block0,A,source,False,115,2,0,-1,-1,-0.29962774127532343
within,within_A_block0,A,source,False,116,2,0,1,-1,-0.2181978494103854
within,within_A_block0,A,source,False,118,2,0,-1,1,0.44275381187950724
within,within_A_block0,A,source,False,119,2,0,-1,-1,-0.4288855460356112
within,within_A_block0,A,combined,True,0,1,0,-1,-1,-1.0541948454434888
within,within_A_block0,A,combined,True,3,1,0,-1,-1,-0.1723787428306044
within,within_A_block0,A,combined,True,4,1,0,1,1,0.40928082864961507
within,within_A_block0,A,combined,True,5,1,0,-1,1,0.5012181584963036
within,within_A_block0,A,combined,True,6,1,0,-1,1,0.11022902266337717
within,within_A_block0,A,combined,True,7,1,0,-1,1,0.43070299833778486
within,within_A_block0,A,combined,True,8,1,0,1,1,0.07312257862209655
within,within_A_block0,A,combined,True,9,1,0,1,-1,-0.06344753775015086
within,within_A_block0,A,combined,True,10,1,0,1,-1,-0.1173110212514232
within,within_A_block0,A,combined,True,11,1,0,1,1,0.005668065338884479
within,within_A_block0,A,combined,True,12,1,0,-1,1,0.15558980374389533
within,within_A_block0,A,combined,True,15,1,0,-1,1,0.22122718861486423
within,within_A_block0,A,combined,True,16,1,0,1,1,0.026524147611112242
within,within_A_block0,A,combined,True,17,1,0,-1,1,0.4259710900045852
within,within_A_block0,A,combined,True,18,1,0,-1,1,0.5912714305802245
within,within_A_block0,A,combined,True,100,2,0,1,1,0.12911108627958143
within,within_A_block0,A,combined,True,101,2,0,-1,-1,-0.8119621355110236
within,within_A_block0,A,combined,True,102,2,0,-1,1,0.03777782067176756
within,within_A_block0,A,combined,True,103,2,0,-1,1,0.08761061818129585
within,within_A_block0,A,combined,True,104,2,0,1,1,0.06882577950875829
within,within_A_block0,A,combined,True,105,2,0,-1,-1,-0.5196455807404077
within,within_A_block0,A,combined,True,106,2,0,1,1,0.369318122676146
within,within_A_block0,A,combined,True,107,2,0,1,-1,-0.6507964166259749
within,within_A_block0,A,combined,True,108,2,0,-1,-1,-0.6399757013791842
within,within_A_block0,A,combined,True,109,2,0,-1,-1,-0.12209451710777414
within,within_A_block0,A,combined,True,110,2,0,1,-1,-0.29484784628193433
within,within_A_block0,A,combined,True,111,2,0,1,1,0.1734116775643737
within,within_A_block0,A,combined,True,112,2,0,1,1,0.24276199929835918
within,within_A_block0,A,combined,True,113,2,0,-1,-1,-0.2445049666194425
within,within_A_block0,A,combined,True,114,2,0,-1,-1,-0.08177387976519522
within,within_A_block0,A,combined,True,115,2,0,-1,-1,-0.3073471270866685
within,within_A_block0,A,combined,True,116,2,0,1,1,0.36246688506991687
within,within_A_block0,A,combined,True,118,2,0,-1,1,0.3020415639811884
within,within_A_block0,A,combined,True,119,2,0,-1,-1,-0.3749769840542159
within,within_A_block1,A,erp,True,20,1,1,-1,-1,-0.45677792852353866
within,within_A_block1,A,erp,True,22,1,1,1,1,0.7658511493500826
within,within_A_block1,A,erp,True,23,1,1,-1,1,0.9332440410477352
within,within_A_block1,A,erp,True,24,1,1,-1,-1,-0.42346361624347534
within,within_A_block1,A,erp,True,25,1,1,1,1,0.8613872609310745
within,within_A_block1,A,erp,True,27,1,1,-1,1,0.9543639683959586
within,within_A_block1,A,erp,True,28,1,1,-1,1,0.5027589336499397
within,within_A_block1,A,erp,True,29,1,1,-1,1,0.3361284672626662
within,within_A_block1,A,erp,True,30,1,1,-1,1,0.8253792900404948
within,within_A_block1,A,erp,True,31,1,1,1,-1,-0.00423106309919157
within,within_A_block1,A,erp,True,32,1,1,1,1,0.2313859233344259
within,within_A_block1,A,erp,True,33,1,1,-1,-1,-0.032384588824165325
within,within_A_block1,A,erp,True,34,1,1,1,-1,-0.24125952583970509
within,within_A_block1,A,erp,True,36,1,1,-1,-1,-0.6397963035707138
within,within_A_block1,A,erp,True,37,1,1,-1,-1,-0.27544902910048463
within,within_A_block1,A,erp,True,120,2,1,1,1,0.008728916911926628
within,within_A_block1,A,erp,True,123,2,1,1,1,0.4804870493101594
within,within_A_block1,A,erp,True,124,2,1,-1,-1,-0.695290710288151
within,within_A_block1,A,erp,True,125,2,1,-1,-1,-0.11244462984663281
within,within_A_block1,A,erp,True,126,2,1,1,1,0.39013507240174583
within,within_A_block1,A,erp,True,127,2,1,1,-1,-0.438958313923393
within,within_A_block1,A,erp,True,128,2,1,1,1,0.5498770452967529
within,within_A_block1,A,erp,True,131,2,1,-1,1,0.4654411107333419
within,within_A_block1,A,erp,True,134,2,1,-1,-1,-0.13710221929805433
within,within_A_block1,A,erp,True,135,2,1,1,1,0.44910925742759045
within,within_A_block1,A,erp,True,136,2,1,1,-1,-0.06521103562167373
within,within_A_block1,A,erp,True,137,2,1,-1,1,0.6435486204572501
within,within_A_block1,A,erp,True,139,2,1,-1,1,0.6730108759846142
within,within_A_block1,A,source,False,20,1,1,-1,1,0.07789154095576147
within,within_A_block1,A,source,False,22,1,1,1,1,0.37803089741841606
within,within_A_block1,A,source,False,23,1,1,-1,-1,-0.05211061436395916
within,within_A_block1,A,source,False,24,1,1,-1,1,0.010108700155125962
within,within_A_block1,A,source,False,25,1,1,1,1,0.2628404781363307
within,within_A_block1,A,source,False,27,1,1,-1,1,0.1917899649864076
within,within_A_block1,A,source,False,28,1,1,-1,-1,-0.02154239579164871
within,within_A_block1,A,source,False,29,1,1,-1,-1,-0.03152980438263429
within,within_A_block1,A,source,False,30,1,1,-1,-1,-0.07927746273605119
within,within_A_block1,A,source,False,31,1,1,1,-1,-0.030527481324882325
within,within_A_block1,A,source,False,32,1,1,1,1,0.12193423678353764
within,within_A_block1,A,source,False,33,1,1,-1,1,0.10978894330631368
within,within_A_block1,A,source,False,34,1,1,1,-1,-0.11374331075907222
within,within_A_block1,A,source,False,36,1,1,-1,-1,-0.047195752654619096
within,within_A_block1,A,source,False,37,1,1,-1,-1,-0.05924318722718614
within,within_A_block1,A,source,False,120,2,1,1,-1,-0.05851634378776974
within,within_A_block1,A,source,False,123,2,1,1,1,0.0796417673535904
within,within_A_block1,A,source,False,124,2,1,-1,1,0.027741508840004325
within,within_A_block1,A,source,False,125,2,1,-1,-1,-0.17158428519267957
within,within_A_block1,A,source,False,126,2,1,1,1,0.02148482100627638
within,within_A_block1,A,source,False,127,2,1,1,1,0.05441985887727966
within,within_A_block1,A,source,False,128,2,1,1,1,0.09515609458888082
within,within_A_block1,A,source,False,131,2,1,-1,-1,-0.03028639255775784
within,within_A_block1,A,source,False,134,2,1,-1,1,0.10671905604479374
within,within_A_block1,A,source,False,135,2,1,1,-1,-0.13184144267894235
within,within_A_block1,A,source,False,136,2,1,1,1,0.3824495857935212
within,within_A_block1,A,source,False,137,2,1,-1,1,0.22258320418157793
within,within_A_block1,A,source,False,139,2,1,-1,1,0.0018651278455315517
within,within_A_block1,A,combined,False,20,1,1,-1,1,0.35058489229715845
within,within_A_block1,A,combined,False,22,1,1,1,1,1.0758446356669449
within,within_A_block1,A,combined,False,23,1,1,-1,-1,-0.42154715102885626
within,within_A_block1,A,combined,False,24,1,1,-1,-1,-8.734043247818693e-05
within,within_A_block1,A,combined,False,25,1,1,1,1,1.0649077007881604
within,within_A_block1,A,combined,False,27,1,1,-1,1,1.2080657877081833
within,within_A_block1,A,combined,False,28,1,1,-1,-1,-0.25048451531058263
within,within_A_block1,A,combined,False,29,1,1,-1,1,0.08043998057152717
within,within_A_block1,A,combined,False,30,1,1,-1,-1,-0.46181767494021636
within,within_A_block1,A,combined,False,31,1,1,1,-1,-0.005587309474968331
within,within_A_block1,A,combined,False,32,1,1,1,1,0.42231308821386265
within,within_A_block1,A,combined,False,33,1,1,-1,1,0.5788468536887521
within,within_A_block1,A,combined,False,34,1,1,1,-1,-0.5288141279795348
within,within_A_block1,A,combined,False,36,1,1,-1,-1,-0.16020611077992258
within,within_A_block1,A,combined,False,37,1,1,-1,1,0.21937032036971357
within,within_A_block1,A,combined,False,120,2,1,1,1,0.024179997816909295
within,within_A_block1,A,combined,False,123,2,1,1,1,0.4373663285101751
within,within_A_block1,A,combined,False,124,2,1,-1,1,0.1266032944494824
within,within_A_block1,A,combined,False,125,2,1,-1,-1,-0.7904971368241841
within,within_A_block1,A,combined,False,126,2,1,1,-1,-0.006372408412948536
within,within_A_block1,A,combined,False,127,2,1,1,1,0.28810958916904333
within,within_A_block1,A,combined,False,128,2,1,1,1,0.19944442437671717
within,within_A_block1,A,combined,False,131,2,1,-1,-1,-0.22087968992827658
within,within_A_block1,A,combined,False,134,2,1,-1,1,0.3308549368553669
within,within_A_block1,A,combined,False,135,2,1,1,-1,-0.4180573660818521
within,within_A_block1,A,combined,False,136,2,1,1,1,1.4931258336362463
within,within_A_block1,A,combined,False,137,2,1,-1,1,1.1171451627822742
within,within_A_block1,A,combined,False,139,2,1,-1,-1,-0.3100566669406574
within,within_A_block2,A,erp,False,41,1,2,1,-1,-0.44440861658206543
within,within_A_block2,A,erp,False,42,1,2,-1,1,0.46327296415808156
within,within_A_block2,A,erp,False,43,1,2,1,1,0.28231990927464645
within,within_A_block2,A,erp,False,44,1,2,-1,-1,-1.5099621754137762
within,within_A_block2,A,erp,False,46,1,2,-1,1,0.4383233467674668
within,within_A_block2,A,erp,False,47,1,2,1,-1,-0.1038271058633051
within,within_A_block2,A,erp,False,48,1,2,-1,1,0.6289651508012173
within,within_A_block2,A,erp,False,49,1,2,-1,1,0.8243134675970653
within,within_A_block2,A,erp,False,50,1,2,1,1,1.0549583614173834
within,within_A_block2,A,erp,False,51,1,2,1,1,9.494384136290314
within,within_A_block2,A,erp,False,53,1,2,-1,-1,-0.14542918985871633
within,within_A_block2,A,erp,False,54,1,2,1,1,0.9891420735354344
within,within_A_block2,A,erp,False,55,1,2,-1,1,2.1613654604438386
within,within_A_block2,A,erp,False,56,1,2,-1,-1,-0.24174796609075994
within,within_A_block2,A,erp,False,57,1,2,1,-1,-0.20272935281682836
within,within_A_block2,A,erp,False,58,1,2,1,1,0.1353269216141939
within,within_A_block2,A,erp,False,59,1,2,-1,-1,-1.0894098933536587
within,within_A_block2,A,erp,False,141,2,2,-1,-1,-0.2520059210373329
within,within_A_block2,A,erp,False,143,2,2,-1,-1,-0.7774722595377773
within,within_A_block2,A,erp,False,145,2,2,-1,1,0.18421760040325974
within,within_A_block2,A,erp,False,146,2,2,-1,1,1.250790319892265
within,within_A_block2,A,erp,False,147,2,2,-1,-1,-0.5488380908984978
within,within_A_block2,A,erp,False,149,2,2,1,-1,-2.046862996327441
within,within_A_block2,A,erp,False,150,2,2,-1,1,4.942924449938675
within,within_A_block2,A,erp,False,152,2,2,1,1,0.1930203882728585
within,within_A_block2,A,erp,False,153,2,2,-1,1,0.8765714396867893
within,within_A_block2,A,erp,False,154,2,2,-1,1,2.44392052466054
within,within_A_block2,A,erp,False,155,2,2,1,1,2.4163405547560783
within,within_A_block2,A,erp,False,156,2,2,1,1,0.3773599063610686
within,within_A_block2,A,erp,False,157,2,2,1,1,0.09601645309496917
within,within_A_block2,A,erp,False,158,2,2,1,-1,-0.07110170877765497
within,within_A_block2,A,erp,False,159,2,2,1,1,2.8266205054398537
within,within_A_block2,A,source,True,41,1,2,1,-1,-1.9410758271166002
within,within_A_block2,A,source,True,42,1,2,-1,1,0.35167048537002443
within,within_A_block2,A,source,True,43,1,2,1,-1,-0.895168647710654
within,within_A_block2,A,source,True,44,1,2,-1,-1,-1.3796270117697165
within,within_A_block2,A,source,True,46,1,2,-1,1,0.5867718878068897
within,within_A_block2,A,source,True,47,1,2,1,1,0.7272676704868765
within,within_A_block2,A,source,True,48,1,2,-1,-1,-0.41729564578954254
within,within_A_block2,A,source,True,49,1,2,-1,1,1.8179978551062668
within,within_A_block2,A,source,True,50,1,2,1,-1,-0.37182543721424666
within,within_A_block2,A,source,True,51,1,2,1,1,2.1984774350412195
within,within_A_block2,A,source,True,53,1,2,-1,-1,-7.1308599035142874
within,within_A_block2,A,source,True,54,1,2,1,1,0.3455616294267795
within,within_A_block2,A,source,True,55,1,2,-1,1,1.778909813065142
within,within_A_block2,A,source,True,56,1,2,-1,-1,-0.7319869401233651
within,within_A_block2,A,source,True,57,1,2,1,-1,-0.6472970137847971
within,within_A_block2,A,source,True,58,1,2,1,-1,-0.32508189870360826
within,within_A_block2,A,source,True,59,1,2,-1,-1,-0.4083123943940723
within,within_A_block2,A,source,True,141,2,2,-1,1,0.7306309784335835
within,within_A_block2,A,source,True,143,2,2,-1,-1,-0.54482019244597
within,within_A_block2,A,source,True,145,2,2,-1,-1,-0.366539592559341
within,within_A_block2,A,source,True,146,2,2,-1,1,0.7028722895780887
within,within_A_block2,A,source,True,147,2,2,-1,1,1.5629469293091178
within,within_A_block2,A,source,True,149,2,2,1,-1,-2.276235927250206
within,within_A_block2,A,source,True,150,2,2,-1,1,3.1226141211825285
within,within_A_block2,A,source,True,152,2,2,1,1,0.5131122430133527
within,within_A_block2,A,source,True,153,2,2,-1,-1,-0.631543532545815
within,within_A_block2,A,source,True,154,2,2,-1,1,1.7200372030729172
within,within_A_block2,A,source,True,155,2,2,1,1,2.815080876871706
within,within_A_block2,A,source,True,156,2,2,1,1,0.6284828523193856
within,within_A_block2,A,source,True,157,2,2,1,-1,-1.0500224014854966
within,within_A_block2,A,source,True,158,2,2,1,-1,-0.9070646411268902
within,within_A_block2,A,source,True,159,2,2,1,1,2.325436209358329
within,within_A_block2,A,combined,False,41,1,2,1,-1,-0.08364824514954851
within,within_A_block2,A,combined,False,42,1,2,-1,1,0.0025639477237170945
within,within_A_block2,A,combined,False,43,1,2,1,-1,-0.1041948247491452
within,within_A_block2,A,combined,False,44,1,2,-1,-1,-0.1723469715491069
within,within_A_block2,A,combined,False,46,1,2,-1,1,0.12125958167452343
within,within_A_block2,A,combined,False,47,1,2,1,1,0.019165108930109077
within,within_A_block2,A,combined,False,48,1,2,-1,1,0.0356706001257569
within,within_A_block2,A,combined,False,49,1,2,-1,1,0.12452540412007736
within,within_A_block2,A,combined,False,50,1,2,1,-1,-0.02592286098663411
within,within_A_block2,A,combined,False,51,1,2,1,1,0.7979787607915401
within,within_A_block2,A,combined,False,53,1,2,-1,-1,-0.3319058783739843
within,within_A_block2,A,combined,False,54,1,2,1,-1,-0.014992157999611544
within,within_A_block2,A,combined,False,55,1,2,-1,1,0.12897427284564514
within,within_A_block2,A,combined,False,56,1,2,-1,-1,-0.06565231493182452
within,within_A_block2,A,combined,False,57,1,2,1,-1,-0.018765302790034067
within,within_A_block2,A,combined,False,58,1,2,1,-1,-0.06956430764880218
within,within_A_block2,A,combined,False,59,1,2,-1,-1,-0.14512949151012616
within,within_A_block2,A,combined,False,141,2,2,-1,-1,-0.034780687029675246
within,within_A_block2,A,combined,False,143,2,2,-1,-1,-0.11124127534139434
within,within_A_block2,A,combined,False,145,2,2,-1,-1,-0.04154104333605871
within,within_A_block2,A,combined,False,146,2,2,-1,1,0.08826470524162595
within,within_A_block2,A,combined,False,147,2,2,-1,1,0.08138601119714622
within,within_A_block2,A,combined,False,149,2,2,1,-1,-0.3115983687491454
within,within_A_block2,A,combined,False,150,2,2,-1,1,0.3725873413952771
within,within_A_block2,A,combined,False,152,2,2,1,-1,-0.04845996616445478
within,within_A_block2,A,combined,False,153,2,2,-1,-1,-0.09351602528082963
within,within_A_block2,A,combined,False,154,2,2,-1,1,0.36634787276498804
within,within_A_block2,A,combined,False,155,2,2,1,1,0.35872486040990254
within,within_A_block2,A,combined,False,156,2,2,1,1,0.12149681411880214
within,within_A_block2,A,combined,False,157,2,2,1,-1,-0.03248567401710166
within,within_A_block2,A,combined,False,158,2,2,1,-1,-0.118644780075466
within,within_A_block2,A,combined,False,159,2,2,1,1,0.2466181296555652
within,within_A_block3,A,erp,False,60,1,3,1,1,0.18211335339750415
within,within_A_block3,A,erp,False,61,1,3,-1,-1,-0.03439267118822952
within,within_A_block3,A,erp,False,62,1,3,1,-1,-0.0298808546363988
within,within_A_block3,A,erp,False,63,1,3,1,-1,-0.1859292199508979
within,within_A_block3,A,erp,False,64,1,3,-1,1,0.14694392376941406
within,within_A_block3,A,erp,False,65,1,3,1,1,0.02892069776821299
within,within_A_block3,A,erp,False,66,1,3,-1,-1,-0.031829024228051034
within,within_A_block3,A,erp,False,67,1,3,-1,1,0.09227200114056638
within,within_A_block3,A,erp,False,68,1,3,1,1,0.176521460714479
within,within_A_block3,A,erp,False,69,1,3,1,1,0.1151075296628794
within,within_A_block3,A,erp,False,70,1,3,-1,-1,-0.015220276046394005
within,within_A_block3,A,erp,False,71,1,3,1,-1,-0.005083202860574683
within,within_A_block3,A,erp,False,73,1,3,1,-1,-0.18902044508589774
within,within_A_block3,A,erp,False,74,1,3,-1,-1,-0.05865621496881778
within,within_A_block3,A,erp,False,75,1,3,1,-1,-0.34604885207109215
within,within_A_block3,A,erp,False,78,1,3,-1,-1,-0.09785778394356977
within,within_A_block3,A,erp,False,79,1,3,-1,-1,-0.07198087517730684
within,within_A_block3,A,erp,False,160,2,3,-1,-1,-0.15228293097312148
within,within_A_block3,A,erp,False,163,2,3,-1,-1,-0.26952193284980475
within,within_A_block3,A,erp,False,164,2,3,1,1,0.024727964757087516
within,within_A_block3,A,erp,False,165,2,3,-1,1,0.15937748559943307
within,within_A_block3,A,erp,False,166,2,3,1,-1,-0.07119690499511486
within,within_A_block3,A,erp,False,168,2,3,-1,1,0.004730591046989561
within,within_A_block3,A,erp,False,169,2,3,-1,1,0.055954642272079295
within,within_A_block3,A,erp,False,170,2,3,1,1,0.05825144449449586
within,within_A_block3,A,erp,False,171,2,3,1,-1,-0.16105086696289073
within,within_A_block3,A,erp,False,172,2,3,1,1,0.05249663825079527
within,within_A_block3,A,erp,False,173,2,3,1,1,0.14837087016026154
within,within_A_block3,A,erp,False,175,2,3,-1,1,0.2451301985637908
within,within_A_block3,A,erp,False,176,2,3,-1,-1,-0.20849520179121622
within,within_A_block3,A,erp,False,177,2,3,1,-1,-0.009824324104645291
within,within_A_block3,A,erp,False,178,2,3,-1,1,0.07278433392455573
within,within_A_block3,A,source,False,60,1,3,1,1,0.6151821498664628
within,within_A_block3,A,source,False,61,1,3,-1,1,0.02457833201643994
within,within_A_block3,A,source,False,62,1,3,1,-1,-0.8595048979309524
within,within_A_block3,A,source,False,63,1,3,1,-1,-0.876723671998655
within,within_A_block3,A,source,False,64,1,3,-1,-1,-1.1883076386252505
within,within_A_block3,A,source,False,65,1,3,1,1,0.6028194130547111
within,within_A_block3,A,source,False,66,1,3,-1,-1,-1.382751086218195
within,within_A_block3,A,source,False,67,1,3,-1,1,1.1441454485150753
within,within_A_block3,A,source,False,68,1,3,1,1,0.41821134154804573
within,within_A_block3,A,source,False,69,1,3,1,1,0.9012199746586512
within,within_A_block3,A,source,False,70,1,3,-1,1,0.8049053815811497
within,within_A_block3,A,source,False,71,1,3,1,-1,-0.6062758049424549
within,within_A_block3,A,source,False,73,1,3,1,-1,-0.8879144058512859
within,within_A_block3,A,source,False,74,1,3,-1,-1,-0.4296757280427879
within,within_A_block3,A,source,False,75,1,3,1,-1,-1.0521029368654529
within,within_A_block3,A,source,False,78,1,3,-1,1,0.32621934110073675
within,within_A_block3,A,source,False,79,1,3,-1,1,0.29339634426246447
within,within_A_block3,A,source,False,160,2,3,-1,1,0.9368509048264645
within,within_A_block3,A,source,False,163,2,3,-1,-1,-0.880433070212717
within,within_A_block3,A,source,False,164,2,3,1,-1,-0.8647416570899787
within,within_A_block3,A,source,False,165,2,3,-1,-1,-0.9032972117784344
within,within_A_block3,A,source,False,166,2,3,1,-1,-0.45997601091802187
within,within_A_block3,A,source,False,168,2,3,-1,1,1.0748345880082035
within,within_A_block3,A,source,False,169,2,3,-1,-1,-0.13250227123847408
within,within_A_block3,A,source,False,170,2,3,1,-1,-0.27829267649897543
within,within_A_block3,A,source,False,171,2,3,1,-1,-0.7615233670570585
within,within_A_block3,A,source,False,172,2,3,1,1,0.3645629738965621
within,within_A_block3,A,source,False,173,2,3,1,1,0.43010562088735704
within,within_A_block3,A,source,False,175,2,3,-1,-1,-0.3567286496510014
within,within_A_block3,A,source,False,176,2,3,-1,-1,-0.04891303089208929
within,within_A_block3,A,source,False,177,2,3,1,1,0.6323859713109573
within,within_A_block3,A,source,False,178,2,3,-1,1,0.2043738886862177
within,within_A_block3,A,combined,True,60,1,3,1,1,0.7258470509308036
within,within_A_block3,A,combined,True,61,1,3,-1,-1,-0.010483564859498168
within,within_A_block3,A,combined,True,62,1,3,1,-1,-0.9716806952159914
within,within_A_block3,A,combined,True,63,1,3,1,-1,-1.0161133258404762
within,within_A_block3,A,combined,True,64,1,3,-1,-1,-1.3560955250651299
within,within_A_block3,A,combined,True,65,1,3,1,1,0.7308377758420774
within,within_A_block3,A,combined,True,66,1,3,-1,-1,-1.6049920635685253
within,within_A_block3,A,combined,True,67,1,3,-1,1,1.2468471836015058
within,within_A_block3,A,combined,True,68,1,3,1,1,0.5115782840869803
within,within_A_block3,A,combined,True,69,1,3,1,1,1.0310464503053889
within,within_A_block3,A,combined,True,70,1,3,-1,1,0.9540343714496553
within,within_A_block3,A,combined,True,71,1,3,1,-1,-0.6604576257620541
within,within_A_block3,A,combined,True,73,1,3,1,-1,-1.0502236882352909
within,within_A_block3,A,combined,True,74,1,3,-1,-1,-0.4737078538812724
within,within_A_block3,A,combined,True,75,1,3,1,-1,-1.2019835834358794
within,within_A_block3,A,combined,True,78,1,3,-1,1,0.41792906944767205
within,within_A_block3,A,combined,True,79,1,3,-1,1,0.28073408958001167
within,within_A_block3,A,combined,True,160,2,3,-1,1,1.0041794926801635
within,within_A_block3,A,combined,True,163,2,3,-1,-1,-0.985265508355155
within,within_A_block3,A,combined,True,164,2,3,1,-1,-1.1116576849867519
within,within_A_block3,A,combined,True,165,2,3,-1,-1,-1.1708255546318753
within,within_A_block3,A,combined,True,166,2,3,1,-1,-0.43345985751701077
within,within_A_block3,A,combined,True,168,2,3,-1,1,1.1796607025459016
within,within_A_block3,A,combined,True,169,2,3,-1,-1,-0.17701196435988203
within,within_A_block3,A,combined,True,170,2,3,1,-1,-0.33752374301565513
within,within_A_block3,A,combined,True,171,2,3,1,-1,-0.8110719734031115
within,within_A_block3,A,combined,True,172,2,3,1,1,0.36386089071436767
within,within_A_block3,A,combined,True,173,2,3,1,1,0.47581543984163244
within,within_A_block3,A,combined,True,175,2,3,-1,-1,-0.43845452559469345
within,within_A_block3,A,combined,True,176,2,3,-1,-1,-0.10183537493720059
within,within_A_block3,A,combined,True,177,2,3,1,1,0.7855106122850904
within,within_A_block3,A,combined,True,178,2,3,-1,1,0.16579751412717209
within,within_A_block4,A,erp,False,80,1,4,-1,-1,-0.0012298349792309242
within,within_A_block4,A,erp,False,81,1,4,1,-1,-0.07243966306916752
within,within_A_block4,A,erp,False,82,1,4,-1,1,0.20331464041673072
within,within_A_block4,A,erp,False,83,1,4,1,-1,-0.23713808338218473
within,within_A_block4,A,erp,False,84,1,4,-1,-1,-0.17813277020238624
within,within_A_block4,A,erp,False,85,1,4,1,-1,-0.0629415748774611
within,within_A_block4,A,erp,False,86,1,4,1,1,0.031865363518924286
within,within_A_block4,A,erp,False,88,1,4,1,1,0.26043511575869577
within,within_A_block4,A,erp,False,89,1,4,1,-1,-0.0027281056590351643
within,within_A_block4,A,erp,False,90,1,4,-1,-1,-0.7492208059862837
within,within_A_block4,A,erp,False,91,1,4,1,-1,-0.08914960519093076
within,within_A_block4,A,erp,False,92,1,4,1,1,0.09124139070774359
within,within_A_block4,A,erp,False,93,1,4,1,1,0.06656620170833272
within,within_A_block4,A,erp,False,94,1,4,-1,-1,-0.23797434747979393
within,within_A_block4,A,erp,False,95,1,4,1,-1,-0.005617530713839747
within,within_A_block4,A,erp,False,96,1,4,1,1,0.18114478263223802
within,within_A_block4,A,erp,False,98,1,4,-1,-1,-0.00046386220730703157
within,within_A_block4,A,erp,False,99,1,4,1,-1,-0.11613927433736616
within,within_A_block4,A,erp,False,180,2,4,-1,-1,-0.14729406432953757
within,within_A_block4,A,erp,False,181,2,4,1,-1,-0.2314703991540633
within,within_A_block4,A,erp,False,182,2,4,1,-1,-0.04779925263149788
within,within_A_block4,A,erp,False,183,2,4,-1,-1,-0.07931464175296199
within,within_A_block4,A,erp,False,184,2,4,1,-1,-0.32673083522117136
within,within_A_block4,A,erp,False,186,2,4,-1,1,0.0036868700740981773
within,within_A_block4,A,erp,False,187,2,4,1,1,0.36873231968974635
within,within_A_block4,A,erp,False,188,2,4,-1,-1,-0.2761413460630348
within,within_A_block4,A,erp,False,189,2,4,-1,1,0.14302182834804383
within,within_A_block4,A,erp,False,190,2,4,-1,-1,-0.03600730401522567
within,within_A_block4,A,erp,False,191,2,4,-1,-1,-0.1172922203601045
within,within_A_block4,A,erp,False,192,2,4,1,-1,-0.17289650008766205
within,within_A_block4,A,erp,False,193,2,4,-1,-1,-0.1875123097215556
within,within_A_block4,A,erp,False,194,2,4,-1,1,0.11826952534285987
within,within_A_block4,A,erp,False,195,2,4,-1,-1,-0.1753308810103518
within,within_A_block4,A,erp,False,196,2,4,-1,-1,-0.22692837547948086
within,within_A_block4,A,erp,False,197,2,4,-1,-1,-0.4719894498813899
within,within_A_block4,A,erp,False,198,2,4,-1,1,0.11898430877135141
within,within_A_block4,A,erp,False,199,2,4,-1,1,0.09523265357446221
within,within_A_block4,A,source,False,80,1,4,-1,1,0.5711798051446514
within,within_A_block4,A,source,False,81,1,4,1,-1,-0.3930593746755533
within,within_A_block4,A,source,False,82,1,4,-1,-1,-0.35085774979197093
within,within_A_block4,A,source,False,83,1,4,1,1,0.3273263404375111
within,within_A_block4,A,source,False,84,1,4,-1,1,0.5207414297572929
within,within_A_block4,A,source,False,85,1,4,1,-1,-0.6252320522019167
within,within_A_block4,A,source,False,86,1,4,1,-1,-0.8583963432117258
within,within_A_block4,A,source,False,88,1,4,1,1,0.8995267852279202
within,within_A_block4,A,source,False,89,1,4,1,1,0.9860440043183228
within,within_A_block4,A,source,False,90,1,4,-1,-1,-1.8357607177990303
within,within_A_block4,A,source,False,91,1,4,1,-1,-1.2659682052416303
within,within_A_block4,A,source,False,92,1,4,1,1,0.2720035889880527
within,within_A_block4,A,source,False,93,1,4,1,-1,-1.82911782612983
within,within_A_block4,A,source,False,94,1,4,-1,1,0.27653541106266555
within,within_A_block4,A,source,False,95,1,4,1,1,0.5820779873143143
within,within_A_block4,A,source,False,96,1,4,1,-1,-0.13773841945895457
within,within_A_block4,A,source,False,98,1,4,-1,-1,-0.43080957736612907
within,within_A_block4,A,source,False,99,1,4,1,-1,-0.945968810859113
within,within_A_block4,A,source,False,180,2,4,-1,-1,-1.0181000010109689
within,within_A_block4,A,source,False,181,2,4,1,-1,-1.0605657282242849
within,within_A_block4,A,source,False,182,2,4,1,1,0.23062497764901368
within,within_A_block4,A,source,False,183,2,4,-1,1,0.6272089171054969
within,within_A_block4,A,source,False,184,2,4,1,1,0.21833736430142292
within,within_A_block4,A,source,False,186,2,4,-1,-1,-0.6421496105094385
within,within_A_block4,A,source,False,187,2,4,1,1,1.3205201410589824
within,within_A_block4,A,source,False,188,2,4,-1,1,0.5078285625782383
within,within_A_block4,A,source,False,189,2,4,-1,1,0.1258703360080914
within,within_A_block4,A,source,False,190,2,4,-1,-1,-0.8263959168084536
within,within_A_block4,A,source,False,191,2,4,-1,-1,-0.895265410678248
within,within_A_block4,A,source,False,192,2,4,1,1,0.4027913200057005
within,within_A_block4,A,source,False,193,2,4,-1,1,0.17423948663932176
within,within_A_block4,A,source,False,194,2,4,-1,-1,-1.311665974800511
within,within_A_block4,A,source,False,195,2,4,-1,-1,-0.10799948261004605
within,within_A_block4,A,source,False,196,2,4,-1,-1,-0.9999194726488674
within,within_A_block4,A,source,False,197,2,4,-1,-1,-0.7314751040117242
within,within_A_block4,A,source,False,198,2,4,-1,-1,-0.3681600282882883
within,within_A_block4,A,source,False,199,2,4,-1,-1,-0.028063916412797273
within,within_A_block4,A,combined,True,80,1,4,-1,1,0.21598239177928827
within,within_A_block4,A,combined,True,81,1,4,1,-1,-0.2777160655634383
within,within_A_block4,A,combined,True,82,1,4,-1,1,0.14622267696502636
within,within_A_block4,A,combined,True,83,1,4,1,1,0.4072724736286155
within,within_A_block4,A,combined,True,84,1,4,-1,1,0.3303886950054474
within,within_A_block4,A,combined,True,85,1,4,1,-1,-0.2553412161977329
within,within_A_block4,A,combined,True,86,1,4,1,-1,-0.5198224052637962
within,within_A_block4,A,combined,True,88,1,4,1,1,0.46376804425836676
within,within_A_block4,A,combined,True,89,1,4,1,1,0.3506938017129633
within,within_A_block4,A,combined,True,90,1,4,-1,-1,-0.7817725227125786
within,within_A_block4,A,combined,True,91,1,4,1,-1,-0.6420511145246816
within,within_A_block4,A,combined,True,92,1,4,1,1,0.1436198370556771
within,within_A_block4,A,combined,True,93,1,4,1,-1,-0.815038397462087
within,within_A_block4,A,combined,True,94,1,4,-1,1,0.08939815657295641
within,within_A_block4,A,combined,True,95,1,4,1,1,0.29206361926315705
within,within_A_block4,A,combined,True,96,1,4,1,-1,-0.5277834458980589
within,within_A_block4,A,combined,True,98,1,4,-1,-1,-0.17630865882479305
within,within_A_block4,A,combined,True,99,1,4,1,-1,-0.5045665288528589
within,within_A_block4,A,combined,True,180,2,4,-1,-1,-0.13325518399736014
within,within_A_block4,A,combined,True,181,2,4,1,-1,-0.6293525818043717
within,within_A_block4,A,combined,True,182,2,4,1,-1,-0.027742187569694998
within,within_A_block4,A,combined,True,183,2,4,-1,-1,-0.13642972700173864
within,within_A_block4,A,combined,True,184,2,4,1,-1,-0.17244293122083545
within,within_A_block4,A,combined,True,186,2,4,-1,-1,-0.6320997971134509
within,within_A_block4,A,combined,True,187,2,4,1,1,0.5684629497191046
within,within_A_block4,A,combined,True,188,2,4,-1,-1,-0.07746009539456536
within,within_A_block4,A,combined,True,189,2,4,-1,1,0.1948826454894692
within,within_A_block4,A,combined,True,190,2,4,-1,-1,-0.09795323499352324
within,within_A_block4,A,combined,True,191,2,4,-1,-1,-0.4607885442395953
within,within_A_block4,A,combined,True,192,2,4,1,1,0.14105593132556765
within,within_A_block4,A,combined,True,193,2,4,-1,1,1.029276481781368
within,within_A_block4,A,combined,True,194,2,4,-1,-1,-0.494824995018651
within,within_A_block4,A,combined,True,195,2,4,-1,-1,-0.2850915937238584
within,within_A_block4,A,combined,True,196,2,4,-1,-1,-0.40640636439318417
within,within_A_block4,A,combined,True,197,2,4,-1,-1,-0.325445943153265
within,within_A_block4,A,combined,True,198,2,4,-1,-1,-0.06801425848995743
within,within_A_block4,A,combined,True,199,2,4,-1,-1,-0.12036966111609182
within,within_B_block0,B,erp,False,200,1,0,-1,-1,-0.0997440618355242
within,within_B_block0,B,erp,False,201,1,0,-1,-1,-0.018826885413563293
within,within_B_block0,B,erp,False,202,1,0,1,1,0.06470993880022582
within,within_B_block0,B,erp,False,203,1,0,-1,1,0.08640714873396782
within,within_B_block0,B,erp,False,204,1,0,1,-1,-0.2471990306852602
within,within_B_block0,B,erp,False,206,1,0,1,1,0.010708026794603226
within,within_B_block0,B,erp,False,207,1,0,-1,1,0.031995378410239035
within,within_B_block0,B,erp,False,208,1,0,-1,1,0.003341770761289118
within,within_B_block0,B,erp,False,209,1,0,-1,1,0.00011485786201280353
within,within_B_block0,B,erp,False,210,1,0,1,1,0.040735254617081315
within,within_B_block0,B,erp,False,211,1,0,-1,1,0.03466531062778214
within,within_B_block0,B,erp,False,212,1,0,1,-1,-0.03383389355696326
within,within_B_block0,B,erp,False,214,1,0,-1,1,0.03534362778889128
within,within_B_block0,B,erp,False,215,1,0,1,1,0.0315159459939222
within,within_B_block0,B,erp,False,216,1,0,-1,-1,-0.026507999116232084
within,within_B_block0,B,erp,False,217,1,0,-1,1,0.14048308446830707
within,within_B_block0,B,erp,False,218,1,0,1,-1,-0.003910642352931806
within,within_B_block0,B,erp,False,219,1,0,-1,1,0.11429923508444333
within,within_B_block0,B,erp,False,300,2,0,-1,-1,-0.1629847058615297
within,within_B_block0,B,erp,False,302,2,0,-1,-1,-0.008231009863580292
within,within_B_block0,B,erp,False,303,2,0,1,-1,-0.02105105551080791
within,within_B_block0,B,erp,False,304,2,0,-1,-1,-0.031923820607063114
within,within_B_block0,B,erp,False,305,2,0,1,1,0.2892004512039236
within,within_B_block0,B,erp,False,307,2,0,1,1,0.1413899731398102
within,within_B_block0,B,erp,False,308,2,0,1,-1,-0.009518793547714722
within,within_B_block0,B,erp,False,311,2,0,1,-1,-0.08376853349440452
within,within_B_block0,B,erp,False,312,2,0,1,-1,-0.05238481094407854
within,within_B_block0,B,erp,False,316,2,0,-1,1,0.10046206652880132
within,within_B_block0,B,erp,False,317,2,0,1,-1,-0.07455833274397979
within,within_B_block0,B,erp,False,318,2,0,1,1,0.034333482403722956
within,within_B_block0,B,source,False,200,1,0,-1,-1,-1.007681959852374
within,within_B_block0,B,source,False,201,1,0,-1,1,0.02068451559274717
within,within_B_block0,B,source,False,202,1,0,1,1,1.1181106017594018
within,within_B_block0,B,source,False,203,1,0,-1,1,0.004883839445141451
within,within_B_block0,B,source,False,204,1,0,1,-1,-0.002688389654267348
within,within_B_block0,B,source,False,206,1,0,1,1,0.8412433256122626
within,within_B_block0,B,source,False,207,1,0,-1,1,0.21908276149130834
within,within_B_block0,B,source,False,208,1,0,-1,1,0.3817132391744128
within,within_B_block0,B,source,False,209,1,0,-1,1,0.4813799920505032
within,within_B_block0,B,source,False,210,1,0,1,1,0.23586863415744394
within,within_B_block0,B,source,False,211,1,0,-1,1,1.0088311506081846
within,within_B_block0,B,source,False,212,1,0,1,-1,-0.8252343960752648
within,within_B_block0,B,source,False,214,1,0,-1,1,0.0006307108405138317
within,within_B_block0,B,source,False,215,1,0,1,1,0.5327167910463471
within,within_B_block0,B,source,False,216,1,0,-1,-1,-0.851007037693407
within,within_B_block0,B,source,False,217,1,0,-1,1,0.9330195523276419
within,within_B_block0,B,source,False,218,1,0,1,-1,-0.49024322621764804
within,within_B_block0,B,source,False,219,1,0,-1,1,0.6517764731525044
within,within_B_block0,B,source,False,300,2,0,-1,1,1.1175778382448422
within,within_B_block0,B,source,False,302,2,0,-1,1,1.1385761817392193
within,within_B_block0,B,source,False,303,2,0,1,1,0.4463721254380917
within,within_B_block0,B,source,False,304,2,0,-1,1,0.21876931623594048
within,within_B_block0,B,source,False,305,2,0,1,1,0.5034873811355413
within,within_B_block0,B,source,False,307,2,0,1,1,0.5986326372175272
within,within_B_block0,B,source,False,308,2,0,1,-1,-0.03842369060118489
within,within_B_block0,B,source,False,311,2,0,1,1,0.013391249222410861
within,within_B_block0,B,source,False,312,2,0,1,-1,-0.3367453708442454
within,within_B_block0,B,source,False,316,2,0,-1,1,0.029853783134783377
within,within_B_block0,B,source,False,317,2,0,1,1,1.2709064366827834
within,within_B_block0,B,source,False,318,2,0,1,1,0.6444295522000061
within,within_B_block0,B,combined,True,200,1,0,-1,-1,-0.7943407715092622
within,within_B_block0,B,combined,True,201,1,0,-1,1,0.11783414236916227
within,within_B_block0,B,combined,True,202,1,0,1,1,0.9973152364406552
within,within_B_block0,B,combined,True,203,1,0,-1,1,0.10284446217546603
within,within_B_block0,B,combined,True,204,1,0,1,-1,-0.8134368811679368
within,within_B_block0,B,combined,True,206,1,0,1,1,1.1537759367781608
within,within_B_block0,B,combined,True,207,1,0,-1,1,0.2146520174235257
within,within_B_block0,B,combined,True,208,1,0,-1,1,0.7313494574605436
within,within_B_block0,B,combined,True,209,1,0,-1,1,0.5703615979752882
within,within_B_block0,B,combined,True,210,1,0,1,1,0.598415510355058
within,within_B_block0,B,combined,True,211,1,0,-1,1,1.2171789189691147
within,within_B_block0,B,combined,True,212,1,0,1,-1,-0.5389400589060861
within,within_B_block0,B,combined,True,214,1,0,-1,-1,-0.23849855518509955
within,within_B_block0,B,combined,True,215,1,0,1,1,0.37367909454986903
within,within_B_block0,B,combined,True,216,1,0,-1,-1,-0.7268792568241026
within,within_B_block0,B,combined,True,217,1,0,-1,1,0.8406167517358879
within,within_B_block0,B,combined,True,218,1,0,1,-1,-0.2759736128090479
within,within_B_block0,B,combined,True,219,1,0,-1,1,0.5705004363243525
within,within_B_block0,B,combined,True,300,2,0,-1,1,1.2986595377830703
within,within_B_block0,B,combined,True,302,2,0,-1,1,1.2991015874151595
within,within_B_block0,B,combined,True,303,2,0,1,1,0.5647286079045826
within,within_B_block0,B,combined,True,304,2,0,-1,1,0.1322183749351203
within,within_B_block0,B,combined,True,305,2,0,1,1,0.6795228312822258
within,within_B_block0,B,combined,True,307,2,0,1,1,0.37439502000580804
within,within_B_block0,B,combined,True,308,2,0,1,-1,-0.00202172773702039
within,within_B_block0,B,combined,True,311,2,0,1,1,0.0922597793166469
within,within_B_block0,B,combined,True,312,2,0,1,-1,-0.43125472844840235
within,within_B_block0,B,combined,True,316,2,0,-1,-1,-0.22405557256196945
within,within_B_block0,B,combined,True,317,2,0,1,1,1.5305577837606723
within,within_B_block0,B,combined,True,318,2,0,1,1,0.449596334592103
within,within_B_block1,B,erp,False,220,1,1,1,-1,-1.065498492154548
within,within_B_block1,B,erp,False,221,1,1,1,-1,-0.7149223080711613
within,within_B_block1,B,erp,False,223,1,1,1,-1,-0.4628723225025368
within,within_B_block1,B,erp,False,225,1,1,1,-1,-0.029028640629657886
within,within_B_block1,B,erp,False,226,1,1,1,1,0.1579158274084823
within,within_B_block1,B,erp,False,227,1,1,1,-1,-0.2706494038775957
within,within_B_block1,B,erp,False,228,1,1,1,-1,-1.8108570757267104
within,within_B_block1,B,erp,False,229,1,1,-1,-1,-1.2925646625008207
within,within_B_block1,B,erp,False,230,1,1,1,-1,-0.05913305371168818
within,within_B_block1,B,erp,False,232,1,1,-1,-1,-0.1850371943591103
within,within_B_block1,B,erp,False,233,1,1,1,-1,-0.08096330483792527
within,within_B_block1,B,erp,False,234,1,1,-1,-1,-0.598260874660014
within,within_B_block1,B,erp,False,236,1,1,-1,1,0.5398458956561121
within,within_B_block1,B,erp,False,237,1,1,-1,1,0.7404445699584741
within,within_B_block1,B,erp,False,238,1,1,1,-1,-0.23203483323656388
within,within_B_block1,B,erp,False,239,1,1,1,-1,-0.7366720966960466
within,within_B_block1,B,erp,False,320,2,1,1,1,0.012144335373599926
within,within_B_block1,B,erp,False,323,2,1,-1,1,0.174726926964918
within,within_B_block1,B,erp,False,325,2,1,1,1,1.1053274040167083
within,within_B_block1,B,erp,False,326,2,1,-1,1,0.6495194132170671
within,within_B_block1,B,erp,False,327,2,1,-1,-1,-0.4198721339473291
within,within_B_block1,B,erp,False,329,2,1,1,-1,-0.8028763166692713
within,within_B_block1,B,erp,False,330,2,1,1,-1,-0.49988495282438283
within,within_B_block1,B,erp,False,332,2,1,1,1,0.3237537952331438
within,within_B_block1,B,erp,False,334,2,1,-1,1,0.43610875513417235
within,within_B_block1,B,erp,False,335,2,1,1,1,0.2609882063036727
within,within_B_block1,B,erp,False,336,2,1,-1,1,0.07260533590287342
within,within_B_block1,B,erp,False,337,2,1,-1,1,1.5461084806930876
within,within_B_block1,B,erp,False,339,2,1,1,-1,-0.7714377801411846
within,within_B_block1,B,source,True,220,1,1,1,-1,-0.3475889459767402
within,within_B_block1,B,source,True,221,1,1,1,-1,-0.38251933978924246
within,within_B_block1,B,source,True,223,1,1,1,-1,-0.16368217988799305
within,within_B_block1,B,source,True,225,1,1,1,-1,-0.24210543599890702
within,within_B_block1,B,source,True,226,1,1,1,1,0.6559109803765715
within,within_B_block1,B,source,True,227,1,1,1,1,0.6852930565150552
within,within_B_block1,B,source,True,228,1,1,1,-1,-0.33765099361135664
within,within_B_block1,B,source,True,229,1,1,-1,1,0.02773901244590757
within,within_B_block1,B,source,True,230,1,1,1,1,0.20777818868723016
within,within_B_block1,B,source,True,232,1,1,-1,1,0.2650255137166083
within,within_B_block1,B,source,True,233,1,1,1,1,0.6657775721684889
within,within_B_block1,B,source,True,234,1,1,-1,1,0.33797086200973664
within,within_B_block1,B,source,True,236,1,1,-1,-1,-0.15152085801268042
within,within_B_block1,B,source,True,237,1,1,-1,1,1.3185671912464751
within,within_B_block1,B,source,True,238,1,1,1,1,0.27916370614305247
within,within_B_block1,B,source,True,239,1,1,1,-1,-0.1265440645039094
within,within_B_block1,B,source,True,320,2,1,1,1,0.46833727304638206
within,within_B_block1,B,source,True,323,2,1,-1,-1,-0.009579899240942113
within,within_B_block1,B,source,True,325,2,1,1,-1,-0.22608791117217955
within,within_B_block1,B,source,True,326,2,1,-1,-1,-0.08636921922055675
within,within_B_block1,B,source,True,327,2,1,-1,-1,-0.3095424285129273
within,within_B_block1,B,source,True,329,2,1,1,1,0.32916100503025564
within,within_B_block1,B,source,True,330,2,1,1,1,0.33168229798095805
within,within_B_block1,B,source,True,332,2,1,1,-1,-0.6169334335607186
within,within_B_block1,B,source,True,334,2,1,-1,-1,-0.45521926643462113
within,within_B_block1,B,source,True,335,2,1,1,1,0.13301357769718966
within,within_B_block1,B,source,True,336,2,1,-1,1,0.16615117225090179
within,within_B_block1,B,source,True,337,2,1,-1,1,0.12557231448326162
within,within_B_block1,B,source,True,339,2,1,1,-1,-0.5660765016835523
within,within_B_block1,B,combined,False,220,1,1,1,-1,-0.21131810308130164
within,within_B_block1,B,combined,False,221,1,1,1,-1,-0.15006578730302894
within,within_B_block1,B,combined,False,223,1,1,1,-1,-0.08881593739680908
within,within_B_block1,B,combined,False,225,1,1,1,1,0.08237006309200283
within,within_B_block1,B,combined,False,226,1,1,1,1,0.30326869403411866
within,within_B_block1,B,combined,False,227,1,1,1,1,0.21008044996920075
within,within_B_block1,B,combined,False,228,1,1,1,-1,-0.1613697088710565
within,within_B_block1,B,combined,False,229,1,1,-1,-1,-0.15017381692736284
within,within_B_block1,B,combined,False,230,1,1,1,1,0.03689538585441625
within,within_B_block1,B,combined,False,232,1,1,-1,1,0.17292522983787229
within,within_B_block1,B,combined,False,233,1,1,1,1,0.19990140380564214
within,within_B_block1,B,combined,False,234,1,1,-1,1,0.2790313772458776
within,within_B_block1,B,combined,False,236,1,1,-1,-1,-0.015641713835574615
within,within_B_block1,B,combined,False,237,1,1,-1,1,0.2970608266596739
within,within_B_block1,B,combined,False,238,1,1,1,1,0.02634062897216843
within,within_B_block1,B,combined,False,239,1,1,1,-1,-0.06500009766767581
within,within_B_block1,B,combined,False,320,2,1,1,1,0.047331036165408735
within,within_B_block1,B,combined,False,323,2,1,-1,-1,-0.19685192239204413
within,within_B_block1,B,combined,False,325,2,1,1,1,0.17913128055957905
within,within_B_block1,B,combined,False,326,2,1,-1,1,0.0019719195670517744
within,within_B_block1,B,combined,False,327,2,1,-1,-1,-0.2387497134962808
within,within_B_block1,B,combined,False,329,2,1,1,1,0.12765876270384824
within,within_B_block1,B,combined,False,330,2,1,1,1,0.06623667253039058
within,within_B_block1,B,combined,False,332,2,1,1,-1,-0.039711198377012535
within,within_B_block1,B,combined,False,334,2,1,-1,-1,-0.12574548594402066
within,within_B_block1,B,combined,False,335,2,1,1,-1,-0.10395093715641915
within,within_B_block1,B,combined,False,336,2,1,-1,-1,-0.0019377238249143516
within,within_B_block1,B,combined,False,337,2,1,-1,1,0.17425659673905225
within,within_B_block1,B,combined,False,339,2,1,1,1,0.041956238928604235
within,within_B_block2,B,erp,False,240,1,2,-1,1,0.2161242072355028
within,within_B_block2,B,erp,False,241,1,2,1,-1,-0.4248197198062679
within,within_B_block2,B,erp,False,242,1,2,1,1,0.04257634730579892
within,within_B_block2,B,erp,False,243,1,2,1,1,0.13753453582251296
within,within_B_block2,B,erp,False,244,1,2,1,1,0.31053530391373935
within,within_B_block2,B,erp,False,247,1,2,1,1,0.11867060393770691
within,within_B_block2,B,erp,False,248,1,2,1,-1,-0.3676498772723406
within,within_B_block2,B,erp,False,249,1,2,-1,-1,-0.2623898843700582
within,within_B_block2,B,erp,False,250,1,2,1,1,0.09839061403429059
within,within_B_block2,B,erp,False,251,1,2,-1,1,0.040507122964776036
within,within_B_block2,B,erp,False,252,1,2,1,1,0.022305227761139863
within,within_B_block2,B,erp,False,254,1,2,1,1,0.10441409671926666
within,within_B_block2,B,erp,False,255,1,2,-1,-1,-0.11558411973904265
within,within_B_block2,B,erp,False,256,1,2,1,1,0.025991043326746826
within,within_B_block2,B,erp,False,257,1,2,1,-1,-0.2467945352135752
within,within_B_block2,B,erp,False,258,1,2,1,1,0.007813026603859847
within,within_B_block2,B,erp,False,259,1,2,1,-1,-0.010750726311102372
within,within_B_block2,B,erp,False,340,2,2,1,1,0.43912051713485095
within,within_B_block2,B,erp,False,343,2,2,1,1,0.45917250081844196
within,within_B_block2,B,erp,False,344,2,2,-1,1,0.16820432042650038
within,within_B_block2,B,erp,False,345,2,2,-1,1,0.16147898061825103
within,within_B_block2,B,erp,False,346,2,2,1,-1,-0.3450116676662157
within,within_B_block2,B,erp,False,347,2,2,-1,1,0.007784675391655596
within,within_B_block2,B,erp,False,351,2,2,-1,-1,-0.14818196272171422
within,within_B_block2,B,erp,False,352,2,2,1,1,0.3377350705231213
within,within_B_block2,B,erp,False,354,2,2,1,1,0.21393202371230544
within,within_B_block2,B,erp,False,357,2,2,-1,1,0.17637864659429583
within,within_B_block2,B,erp,False,358,2,2,-1,1,0.07111642174974661
within,within_B_block2,B,erp,False,359,2,2,-1,-1,-0.0915588766918261
within,within_B_block2,B,source,False,240,1,2,-1,-1,-0.10216075578128476
within,within_B_block2,B,source,False,241,1,2,1,-1,-0.8364198462712902
within,within_B_block2,B,source,False,242,1,2,1,-1,-0.08476782306405517
within,within_B_block2,B,source,False,243,1,2,1,1,0.18514901456598218
within,within_B_block2,B,source,False,244,1,2,1,1,0.2705720547483568
within,within_B_block2,B,source,False,247,1,2,1,-1,-0.27859567666974877
within,within_B_block2,B,source,False,248,1,2,1,-1,-0.04233398057600164
within,within_B_block2,B,source,False,249,1,2,-1,1,0.1307033344008684
within,within_B_block2,B,source,False,250,1,2,1,1,1.0596951645782093
within,within_B_block2,B,source,False,251,1,2,-1,-1,-0.11359485876765281
within,within_B_block2,B,source,False,252,1,2,1,-1,-0.11516257102158758
within,within_B_block2,B,source,False,254,1,2,1,1,1.394057855766248
within,within_B_block2,B,source,False,255,1,2,-1,1,0.45690510233333964
within,within_B_block2,B,source,False,256,1,2,1,1,0.43946076787972044
within,within_B_block2,B,source,False,257,1,2,1,-1,-0.758179409818693
within,within_B_block2,B,source,False,258,1,2,1,1,0.18118651308087946
within,within_B_block2,B,source,False,259,1,2,1,1,0.24626176130735045
within,within_B_block2,B,source,False,340,2,2,1,1,0.12915720257318036
within,within_B_block2,B,source,False,343,2,2,1,1,0.09268535156533918
within,within_B_block2,B,source,False,344,2,2,-1,1,0.9322716432543143
within,within_B_block2,B,source,False,345,2,2,-1,1,0.9411593122051595
within,within_B_block2,B,source,False,346,2,2,1,1,0.10388708328201879
within,within_B_block2,B,source,False,347,2,2,-1,-1,-0.4484764377683345
within,within_B_block2,B,source,False,351,2,2,-1,-1,-0.008134639899011283
within,within_B_block2,B,source,False,352,2,2,1,-1,-0.21748898194682675
within,within_B_block2,B,source,False,354,2,2,1,-1,-0.20300913343145027
within,within_B_block2,B,source,False,357,2,2,-1,-1,-0.20175971276844556
within,within_B_block2,B,source,False,358,2,2,-1,-1,-0.5174289872353143
within,within_B_block2,B,source,False,359,2,2,-1,-1,-0.2199483036890643
within,within_B_block2,B,combined,True,240,1,2,-1,-1,-0.6368817839306526
within,within_B_block2,B,combined,True,241,1,2,1,-1,-0.045739952114925264
within,within_B_block2,B,combined,True,242,1,2,1,1,0.042928094947798506
within,within_B_block2,B,combined,True,243,1,2,1,1,0.0516468323141879
within,within_B_block2,B,combined,True,244,1,2,1,-1,-0.500129155733149
within,within_B_block2,B,combined,True,247,1,2,1,1,0.8930102523306979
within,within_B_block2,B,combined,True,248,1,2,1,-1,-0.14836996717908377
within,within_B_block2,B,combined,True,249,1,2,-1,-1,-0.6473671633205921
within,within_B_block2,B,combined,True,250,1,2,1,1,0.10787796447095147
within,within_B_block2,B,combined,True,251,1,2,-1,1,0.06297607074779624
within,within_B_block2,B,combined,True,252,1,2,1,1,0.28738821088025485
within,within_B_block2,B,combined,True,254,1,2,1,-1,-0.7667109749019573
within,within_B_block2,B,combined,True,255,1,2,-1,-1,-0.06440674652880993
within,within_B_block2,B,combined,True,256,1,2,1,1,0.1635085927896853
within,within_B_block2,B,combined,True,257,1,2,1,1,0.9758385934733286
within,within_B_block2,B,combined,True,258,1,2,1,1,0.35927219192743703
within,within_B_block2,B,combined,True,259,1,2,1,1,0.17794808698573011
within,within_B_block2,B,combined,True,340,2,2,1,1,0.582184534738767
within,within_B_block2,B,combined,True,343,2,2,1,1,0.15862344769632877
within,within_B_block2,B,combined,True,344,2,2,-1,1,0.2833174846420003
within,within_B_block2,B,combined,True,345,2,2,-1,-1,-0.3401033256714483
within,within_B_block2,B,combined,True,346,2,2,1,1,0.005179796074007566
within,within_B_block2,B,combined,True,347,2,2,-1,-1,-0.2202045332123962
within,within_B_block2,B,combined,True,351,2,2,-1,-1,-0.18696652103410172
within,within_B_block2,B,combined,True,352,2,2,1,-1,-0.5270922444305397
within,within_B_block2,B,combined,True,354,2,2,1,1,1.010137706970891
within,within_B_block2,B,combined,True,357,2,2,-1,1,0.03727193447125568
within,within_B_block2,B,combined,True,358,2,2,-1,-1,-0.18751491722553762
within,within_B_block2,B,combined,True,359,2,2,-1,-1,-0.15881985712985408
within,within_B_block3,B,erp,False,260,1,3,-1,1,0.47521825399345624
within,within_B_block3,B,erp,False,261,1,3,-1,1,1.11268189396456
within,within_B_block3,B,erp,False,263,1,3,-1,-1,-0.6885192651814402
within,within_B_block3,B,erp,False,264,1,3,-1,1,0.24433736934099787
within,within_B_block3,B,erp,False,265,1,3,-1,-1,-1.3563490731761003
within,within_B_block3,B,erp,False,266,1,3,1,-1,-0.07195234174189122
within,within_B_block3,B,erp,False,267,1,3,1,1,0.5774409017028495
within,within_B_block3,B,erp,False,268,1,3,-1,1,0.5353074075849791
within,within_B_block3,B,erp,False,269,1,3,-1,-1,-0.42677021136169424
within,within_B_block3,B,erp,False,271,1,3,1,1,0.07327252458895339
within,within_B_block3,B,erp,False,272,1,3,-1,-1,-0.3659285762788015
within,within_B_block3,B,erp,False,273,1,3,-1,1,0.245376954350392
within,within_B_block3,B,erp,False,274,1,3,1,-1,-0.13488539118822848
within,within_B_block3,B,erp,False,275,1,3,-1,1,0.08915564280389487
within,within_B_block3,B,erp,False,276,1,3,-1,1,0.07326135637063402
within,within_B_block3,B,erp,False,278,1,3,1,1,0.13436384975812157
within,within_B_block3,B,erp,False,279,1,3,-1,1,0.07875585882385897
within,within_B_block3,B,erp,False,360,2,3,-1,-1,-0.23679729464819235
within,within_B_block3,B,erp,False,361,2,3,1,1,0.5166412268621545
within,within_B_block3,B,erp,False,362,2,3,-1,1,0.19010136853336365
within,within_B_block3,B,erp,False,363,2,3,-1,1,0.3284344081223321
within,within_B_block3,B,erp,False,364,2,3,1,1,0.24086347924830667
within,within_B_block3,B,erp,False,366,2,3,1,1,0.7001197450954848
within,within_B_block3,B,erp,False,367,2,3,1,1,0.5151946952162272
within,within_B_block3,B,erp,False,369,2,3,-1,-1,-0.4315421312786676
within,within_B_block3,B,erp,False,370,2,3,1,-1,-0.14538811998795387
within,within_B_block3,B,erp,False,371,2,3,1,1,0.9871642162748687
within,within_B_block3,B,erp,False,372,2,3,1,-1,-0.08968126963345635
within,within_B_block3,B,erp,False,373,2,3,-1,1,0.4825320350550186
within,within_B_block3,B,erp,False,374,2,3,-1,1,0.16605140982281993
within,within_B_block3,B,erp,False,375,2,3,1,1,0.8034675831954756
within,within_B_block3,B,erp,False,376,2,3,1,-1,-0.1767062844677074
within,within_B_block3,B,erp,False,377,2,3,-1,1,0.07212489066753876
within,within_B_block3,B,erp,False,379,2,3,-1,1,0.13433616872387869
within,within_B_block3,B,source,False,260,1,3,-1,1,0.04972097355107685
within,within_B_block3,B,source,False,261,1,3,-1,-1,-0.3100871103610037
within,within_B_block3,B,source,False,263,1,3,-1,1,0.08437970559647329
within,within_B_block3,B,source,False,264,1,3,-1,-1,-0.1452480133982903
within,within_B_block3,B,source,False,265,1,3,-1,-1,-0.16080025997283454
within,within_B_block3,B,source,False,266,1,3,1,1,0.1358639994753167
within,within_B_block3,B,source,False,267,1,3,1,-1,-0.08360456883554279
within,within_B_block3,B,source,False,268,1,3,-1,1,0.1608265542318975
within,within_B_block3,B,source,False,269,1,3,-1,-1,-0.08260156834999553
within,within_B_block3,B,source,False,271,1,3,1,1,0.10185687302486568
within,within_B_block3,B,source,False,272,1,3,-1,1,0.23862676213428502
within,within_B_block3,B,source,False,273,1,3,-1,-1,-0.09572145607767457
within,within_B_block3,B,source,False,274,1,3,1,-1,-0.16230734532126684
within,within_B_block3,B,source,False,275,1,3,-1,-1,-0.6481298741251473
within,within_B_block3,B,source,False,276,1,3,-1,1,0.1760298477680438
within,within_B_block3,B,source,False,278,1,3,1,1,0.13276385819538195
within,within_B_block3,B,source,False,279,1,3,-1,-1,-0.18239019133409617
within,within_B_block3,B,source,False,360,2,3,-1,1,0.08919372774554443
within,within_B_block3,B,source,False,361,2,3,1,1,0.11695612087135798
within,within_B_block3,B,source,False,362,2,3,-1,-1,-0.0731358220088712
within,within_B_block3,B,source,False,363,2,3,-1,-1,-0.0859447048538961
within,within_B_block3,B,source,False,364,2,3,1,-1,-0.3310854766868246
within,within_B_block3,B,source,False,366,2,3,1,-1,-0.6331620870078151
within,within_B_block3,B,source,False,367,2,3,1,-1,-0.06016981706682201
within,within_B_block3,B,source,False,369,2,3,-1,-1,-0.24151251344174773
within,within_B_block3,B,source,False,370,2,3,1,1,0.027828755657914542
within,within_B_block3,B,source,False,371,2,3,1,1,0.08821163356873363
within,within_B_block3,B,source,False,372,2,3,1,-1,-0.016885417319441817
within,within_B_block3,B,source,False,373,2,3,-1,-1,-0.4203418304090253
within,within_B_block3,B,source,False,374,2,3,-1,-1,-0.3735250340222635
within,within_B_block3,B,source,False,375,2,3,1,1,0.44575913443376824
within,within_B_block3,B,source,False,376,2,3,1,-1,-0.07340457608854362
within,within_B_block3,B,source,False,377,2,3,-1,1,0.0082003794795963
within,within_B_block3,B,source,False,379,2,3,-1,1,0.13178465172224973
within,within_B_block3,B,combined,True,260,1,3,-1,1,0.22431517890523978
within,within_B_block3,B,combined,True,261,1,3,-1,1,0.7209248556482395
within,within_B_block3,B,combined,True,263,1,3,-1,-1,-0.34672889849737537
within,within_B_block3,B,combined,True,264,1,3,-1,-1,-0.16012672059727706
within,within_B_block3,B,combined,True,265,1,3,-1,-1,-0.66763008667587
within,within_B_block3,B,combined,True,266,1,3,1,-1,-0.08183940072288776
within,within_B_block3,B,combined,True,267,1,3,1,1,0.05481833446955275
within,within_B_block3,B,combined,True,268,1,3,-1,1,0.2431877478363842
within,within_B_block3,B,combined,True,269,1,3,-1,-1,-0.1749086883709321
within,within_B_block3,B,combined,True,271,1,3,1,1,0.19679769537394787
within,within_B_block3,B,combined,True,272,1,3,-1,1,0.16209881150796202
within,within_B_block3,B,combined,True,273,1,3,-1,-1,-0.14279448710012305
within,within_B_block3,B,combined,True,274,1,3,1,-1,-0.13080587574306057
within,within_B_block3,B,combined,True,275,1,3,-1,-1,-0.5072974161500268
within,within_B_block3,B,combined,True,276,1,3,-1,-1,-0.10962055553646918
within,within_B_block3,B,combined,True,278,1,3,1,1,0.35971742376260196
within,within_B_block3,B,combined,True,279,1,3,-1,-1,-0.3693871897452854
within,within_B_block3,B,combined,True,360,2,3,-1,1,0.019579961617762424
within,within_B_block3,B,combined,True,361,2,3,1,1,0.016003666414423322
within,within_B_block3,B,combined,True,362,2,3,-1,-1,-0.0616575554485972
within,within_B_block3,B,combined,True,363,2,3,-1,1,0.256514401995211
within,within_B_block3,B,combined,True,364,2,3,1,1,0.7613146451424646
within,within_B_block3,B,combined,True,366,2,3,1,1,0.038602904439240186
within,within_B_block3,B,combined,True,367,2,3,1,1,0.22328647544293068
within,within_B_block3,B,combined,True,369,2,3,-1,1,0.3288893163269747
within,within_B_block3,B,combined,True,370,2,3,1,-1,-0.09866987568731767
within,within_B_block3,B,combined,True,371,2,3,1,1,0.1459747060374964
within,within_B_block3,B,combined,True,372,2,3,1,-1,-0.37948009396784976
within,within_B_block3,B,combined,True,373,2,3,-1,-1,-0.23167410578215142
within,within_B_block3,B,combined,True,374,2,3,-1,-1,-0.2687720434577271
within,within_B_block3,B,combined,True,375,2,3,1,1,0.39453288161819666
within,within_B_block3,B,combined,True,376,2,3,1,-1,-0.22846213541688815
within,within_B_block3,B,combined,True,377,2,3,-1,-1,-0.13992086722425764
within,within_B_block3,B,combined,True,379,2,3,-1,1,0.10538507321768445
within,within_B_block4,B,erp,False,280,1,4,-1,1,0.019913317526769655
within,within_B_block4,B,erp,False,281,1,4,1,-1,-0.13918013476717786
within,within_B_block4,B,erp,False,282,1,4,-1,1,0.04297265093914264
within,within_B_block4,B,erp,False,283,1,4,-1,1,0.3482456180852861
within,within_B_block4,B,erp,False,285,1,4,-1,1,0.1614950639032117
within,within_B_block4,B,erp,False,286,1,4,-1,1,0.8318131006119704
within,within_B_block4,B,erp,False,288,1,4,-1,-1,-0.5334839267575662
within,within_B_block4,B,erp,False,289,1,4,-1,-1,-0.27503941400977866
within,within_B_block4,B,erp,False,290,1,4,1,-1,-0.037696828286156406
within,within_B_block4,B,erp,False,292,1,4,-1,1,0.17020210198989547
within,within_B_block4,B,erp,False,293,1,4,1,1,0.11379154986784652
within,within_B_block4,B,erp,False,294,1,4,-1,1,0.06792940216124238
within,within_B_block4,B,erp,False,295,1,4,1,1,0.18759844972036963
within,within_B_block4,B,erp,False,297,1,4,1,1,0.4788260591142075
within,within_B_block4,B,erp,False,298,1,4,1,1,0.20064628845200158
within,within_B_block4,B,erp,False,299,1,4,1,1,0.23434401109492722
within,within_B_block4,B,erp,False,380,2,4,1,1,0.2147842798965296
within,within_B_block4,B,erp,False,382,2,4,1,1,0.1530406201858549
within,within_B_block4,B,erp,False,383,2,4,-1,-1,-0.11365369376687202
within,within_B_block4,B,erp,False,385,2,4,1,-1,-0.15026945239051823
within,within_B_block4,B,erp,False,386,2,4,-1,-1,-1.221820662716097
within,within_B_block4,B,erp,False,387,2,4,1,-1,-0.20939793344440813
within,within_B_block4,B,erp,False,388,2,4,-1,1,1.2438126721728828
within,within_B_block4,B,erp,False,389,2,4,1,1,0.05970644464840924
within,within_B_block4,B,erp,False,390,2,4,-1,-1,-0.04682387774535391
within,within_B_block4,B,erp,False,391,2,4,-1,-1,-0.9578167305289152
within,within_B_block4,B,erp,False,392,2,4,1,-1,-0.3538112526078148
within,within_B_block4,B,erp,False,393,2,4,-1,-1,-0.5917949964417999
within,within_B_block4,B,erp,False,394,2,4,1,-1,-0.4951424949444408
within,within_B_block4,B,erp,False,395,2,4,1,-1,-1.4457148686763204
within,within_B_block4,B,erp,False,396,2,4,-1,1,0.30018737549033375
within,within_B_block4,B,erp,False,397,2,4,-1,-1,-0.23724336326840287
within,within_B_block4,B,erp,False,398,2,4,1,1,0.25170902331057465
within,within_B_block4,B,erp,False,399,2,4,-1,-1,-1.3475998038992043
within,within_B_block4,B,source,False,280,1,4,-1,-1,-0.1710863278075914
within,within_B_block4,B,source,False,281,1,4,1,1,0.046588024904702555
within,within_B_block4,B,source,False,282,1,4,-1,-1,-0.09489602672432197
within,within_B_block4,B,source,False,283,1,4,-1,1,0.09657483224826321
within,within_B_block4,B,source,False,285,1,4,-1,1,0.07847916329813362
within,within_B_block4,B,source,False,286,1,4,-1,-1,-0.16038447227728636
within,within_B_block4,B,source,False,288,1,4,-1,-1,-0.06882781647381651
within,within_B_block4,B,source,False,289,1,4,-1,1,0.06790857071261948
within,within_B_block4,B,source,False,290,1,4,1,-1,-0.055900937587293094
within,within_B_block4,B,source,False,292,1,4,-1,1,0.04809916710201755
within,within_B_block4,B,source,False,293,1,4,1,-1,-0.05540550908917778
within,within_B_block4,B,source,False,294,1,4,-1,-1,-0.09268807224104958
within,within_B_block4,B,source,False,295,1,4,1,-1,-0.019189098601761295
within,within_B_block4,B,source,False,297,1,4,1,1,0.09072753274754916
within,within_B_block4,B,source,False,298,1,4,1,1,0.08016097952340324
within,within_B_block4,B,source,False,299,1,4,1,-1,-0.08951852603984939
within,within_B_block4,B,source,False,380,2,4,1,1,0.12426395388069672
within,within_B_block4,B,source,False,382,2,4,1,1,0.14407044909914404
within,within_B_block4,B,source,False,383,2,4,-1,1,0.020672686736631436
within,within_B_block4,B,source,False,385,2,4,1,1,0.12863076253461714
within,within_B_block4,B,source,False,386,2,4,-1,1,0.16503158935311146
within,within_B_block4,B,source,False,387,2,4,1,-1,-0.08597904581036384
within,within_B_block4,B,source,False,388,2,4,-1,-1,-0.07961818357557
within,within_B_block4,B,source,False,389,2,4,1,-1,-0.05789343949763318
within,within_B_block4,B,source,False,390,2,4,-1,1,0.05265667776518124
within,within_B_block4,B,source,False,391,2,4,-1,-1,-0.0980814332464674
within,within_B_block4,B,source,False,392,2,4,1,1,0.00811110480000073
within,within_B_block4,B,source,False,393,2,4,-1,-1,-0.027875514516541848
within,within_B_block4,B,source,False,394,2,4,1,1,0.014573488861995582
within,within_B_block4,B,source,False,395,2,4,1,1,0.02278357364248328
within,within_B_block4,B,source,False,396,2,4,-1,1,0.12459120761527392
within,within_B_block4,B,source,False,397,2,4,-1,-1,-0.011494538603128072
within,within_B_block4,B,source,False,398,2,4,1,-1,-0.05136287991079188
within,within_B_block4,B,source,False,399,2,4,-1,-1,-0.10159566123372983
within,within_B_block4,B,combined,True,280,1,4,-1,-1,-0.21915980361754941
within,within_B_block4,B,combined,True,281,1,4,1,1,0.13275629569810066
within,within_B_block4,B,combined,True,282,1,4,-1,-1,-0.14830215753926715
within,within_B_block4,B,combined,True,283,1,4,-1,1,0.18674551413078994
within,within_B_block4,B,combined,True,285,1,4,-1,1,0.13225386706851108
within,within_B_block4,B,combined,True,286,1,4,-1,-1,-0.10449337158691908
within,within_B_block4,B,combined,True,288,1,4,-1,-1,-0.14655642620473366
within,within_B_block4,B,combined,True,289,1,4,-1,1,0.1690980400635734
within,within_B_block4,B,combined,True,290,1,4,1,-1,-0.10896995146439985
within,within_B_block4,B,combined,True,292,1,4,-1,1,0.13179488935878056
within,within_B_block4,B,combined,True,293,1,4,1,1,0.00512821944718162
within,within_B_block4,B,combined,True,294,1,4,-1,-1,-0.1286339369797126
within,within_B_block4,B,combined,True,295,1,4,1,1,0.10400723458108824
within,within_B_block4,B,combined,True,297,1,4,1,1,0.09501163749267096
within,within_B_block4,B,combined,True,298,1,4,1,1,0.10433938417541581
within,within_B_block4,B,combined,True,299,1,4,1,-1,-0.13927277769915228
within,within_B_block4,B,combined,True,380,2,4,1,1,0.0881945088533577
within,within_B_block4,B,combined,True,382,2,4,1,1,0.1528346898959019
within,within_B_block4,B,combined,True,383,2,4,-1,1,0.10024550769469223
within,within_B_block4,B,combined,True,385,2,4,1,1,0.09461318720715038
within,within_B_block4,B,combined,True,386,2,4,-1,1,0.18545803211217818
within,within_B_block4,B,combined,True,387,2,4,1,1,0.03672260133543438
within,within_B_block4,B,combined,True,388,2,4,-1,-1,-0.24659524891416232
within,within_B_block4,B,combined,True,389,2,4,1,-1,-0.07848021612099669
within,within_B_block4,B,combined,True,390,2,4,-1,1,0.028716966849607263
within,within_B_block4,B,combined,True,391,2,4,-1,-1,-0.08418884732852334
within,within_B_block4,B,combined,True,392,2,4,1,-1,-0.10505926263593544
within,within_B_block4,B,combined,True,393,2,4,-1,-1,-0.08637822819835642
within,within_B_block4,B,combined,True,394,2,4,1,-1,-0.016322669112552403
within,within_B_block4,B,combined,True,395,2,4,1,1,0.07589326874696802
within,within_B_block4,B,combined,True,396,2,4,-1,1,0.09064057130746755
within,within_B_block4,B,combined,True,397,2,4,-1,1,0.013107483394627206
within,within_B_block4,B,combined,True,398,2,4,1,-1,-0.061398712116023796
within,within_B_block4,B,combined,True,399,2,4,-1,-1,-0.15170096359852167
