task,direction,channel,time_s,amplitude
1,-1,F3,-0.19921875,4.158361306680625
1,-1,F3,-0.1953125,3.8131095779285795
1,-1,F3,-0.19140625,3.394704602519004
1,-1,F3,-0.1875,2.9335322662417296
1,-1,F3,-0.18359375,2.6967605219076964
1,-1,F3,-0.1796875,2.5496343264417796
1,-1,F3,-0.17578125,2.5138581926370622
1,-1,F3,-0.171875,2.6635965382957236
1,-1,F3,-0.16796875,2.7459552299787338
1,-1,F3,-0.1640625,2.7971564088543825
1,-1,F3,-0.16015625,2.6666952563221993
1,-1,F3,-0.15625,2.3664326073541586
1,-1,F3,-0.15234375,2.035144635816607
1,-1,F3,-0.1484375,1.4193531098119312
1,-1,F3,-0.14453125,0.8370590368749924
1,-1,F3,-0.140625,0.3349398484638787
1,-1,F3,-0.13671875,-0.13036641821885397
1,-1,F3,-0.1328125,-0.40130768567085273
1,-1,F3,-0.12890625,-0.6785347557594038
1,-1,F3,-0.125,-0.8098280489850542
1,-1,F3,-0.12109375,-0.9136506020927478
1,-1,F3,-0.1171875,-0.8933766159070927
1,-1,F3,-0.11328125,-0.661674434836717
1,-1,F3,-0.109375,-0.4026619036770289
1,-1,F3,-0.10546875,0.0628488919304947
1,-1,F3,-0.1015625,0.49126480452133403
1,-1,F3,-0.09765625,0.9019064394320369
1,-1,F3,-0.09375,1.2851728371903608
1,-1,F3,-0.08984375,1.418223629110201
1,-1,F3,-0.0859375,1.5304543872439793
1,-1,F3,-0.08203125,1.4996886383088799
1,-1,F3,-0.078125,1.3172274364928787
1,-1,F3,-0.07421875,1.0823023747048848
1,-1,F3,-0.0703125,0.6250920909715617
1,-1,F3,-0.06640625,0.038987315377091214
1,-1,F3,-0.0625,-0.590479494583191
1,-1,F3,-0.05859375,-1.2016416582343716
1,-1,F3,-0.0546875,-1.5723176665271719
1,-1,F3,-0.05078125,-1.6409981807255458
1,-1,F3,-0.046875,-1.6599351448140813
1,-1,F3,-0.04296875,-1.6447543163536615
1,-1,F3,-0.0390625,-1.6465045808364671
1,-1,F3,-0.03515625,-1.9480370014076895
1,-1,F3,-0.03125,-2.430243887348545
1,-1,F3,-0.02734375,-3.027747350051868
1,-1,F3,-0.0234375,-3.721505111657204
1,-1,F3,-0.01953125,-4.305493657424395
1,-1,F3,-0.015625,-4.733074682598444
1,-1,F3,-0.01171875,-4.955903319862176
1,-1,F3,-0.0078125,-5.034844784645359
1,-1,F3,-0.00390625,-5.17458100919476
1,-1,F3,0.0,-5.3551205817371414
1,-1,F3,0.00390625,-5.574751499994901
1,-1,F3,0.0078125,-5.750085846225348
1,-1,F3,0.01171875,-5.7117656105128365
1,-1,F3,0.015625,-5.629330758218607
1,-1,F3,0.01953125,-5.598838376995049
1,-1,F3,0.0234375,-5.660248298737694
1,-1,F3,0.02734375,-5.906560960242331
1,-1,F3,0.03125,-6.182619247739699
1,-1,F3,0.03515625,-6.46489210966675
1,-1,F3,0.0390625,-6.66597888290219
1,-1,F3,0.04296875,-6.753059926411471
1,-1,F3,0.046875,-6.978490565329065
1,-1,F3,0.05078125,-7.198196845245893
1,-1,F3,0.0546875,-7.474909440639388
1,-1,F3,0.05859375,-7.832513785814866
1,-1,F3,0.0625,-8.026213651310382
1,-1,F3,0.06640625,-8.26182401918357
1,-1,F3,0.0703125,-8.479702900120014
1,-1,F3,0.07421875,-8.702837376994092
1,-1,F3,0.078125,-9.067898978501475
1,-1,F3,0.08203125,-9.38080661345461
1,-1,F3,0.0859375,-9.80612941710743
1,-1,F3,0.08984375,-10.349369618679278
1,-1,F3,0.09375,-10.83388167278796
1,-1,F3,0.09765625,-11.259981655662566
1,-1,F3,0.1015625,-11.497375651733272
1,-1,F3,0.10546875,-11.649534593859084
1,-1,F3,0.109375,-11.810187622393592
1,-1,F3,0.11328125,-12.05416781154055
1,-1,F3,0.1171875,-12.49421492574055
1,-1,F3,0.12109375,-12.94378880683886
1,-1,F3,0.125,-13.35773673932092
1,-1,F3,0.12890625,-13.70843224252412
1,-1,F3,0.1328125,-13.86466704993534
1,-1,F3,0.13671875,-13.907688893700138
1,-1,F3,0.140625,-13.868998332300759
1,-1,F3,0.14453125,-13.737335288660256
1,-1,F3,0.1484375,-13.60770792492644
1,-1,F3,0.15234375,-13.559246274374114
1,-1,F3,0.15625,-13.699844987235485
1,-1,F3,0.16015625,-13.871897072440696
1,-1,F3,0.1640625,-14.00581990278019
1,-1,F3,0.16796875,-14.151863524215813
1,-1,F3,0.171875,-14.261247909199922
1,-1,F3,0.17578125,-14.496995235125178
1,-1,F3,0.1796875,-14.795161607280804
1,-1,F3,0.18359375,-15.17339137504203
1,-1,F3,0.1875,-15.577132516118965
1,-1,F3,0.19140625,-15.89223445338779
1,-1,F3,0.1953125,-16.231928742885838
1,-1,F3,0.19921875,-16.580264770967773
1,-1,F3,0.203125,-16.964925949250322
1,-1,F3,0.20703125,-17.22121917608829
1,-1,F3,0.2109375,-17.40893690078963
1,-1,F3,0.21484375,-17.568782969551737
1,-1,F3,0.21875,-17.593756131829714
1,-1,F3,0.22265625,-17.665398861585736
1,-1,F3,0.2265625,-17.699419062064337
1,-1,F3,0.23046875,-17.747723946743164
1,-1,F3,0.234375,-17.76818926687093
1,-1,F3,0.23828125,-17.71032358136872
1,-1,F3,0.2421875,-17.81021100594226
1,-1,F3,0.24609375,-17.958302887531378
1,-1,F3,0.25,-18.233351737194994
1,-1,F3,0.25390625,-18.508108324395373
1,-1,F3,0.2578125,-18.594916291843752
1,-1,F3,0.26171875,-18.598560062218745
1,-1,F3,0.265625,-18.36889220903016
1,-1,F3,0.26953125,-18.009396124712392
1,-1,F3,0.2734375,-17.594617180018805
1,-1,F3,0.27734375,-17.26432116819327
1,-1,F3,0.28125,-16.975736079426056
1,-1,F3,0.28515625,-16.683833511891336
1,-1,F3,0.2890625,-16.625911544669734
1,-1,F3,0.29296875,-16.480677790579954
1,-1,F3,0.296875,-16.35160366779217
1,-1,F3,0.30078125,-16.34024786525033
1,-1,F3,0.3046875,-16.336419607609464
1,-1,F3,0.30859375,-16.498679907215404
1,-1,F3,0.3125,-16.667438068530434
1,-1,F3,0.31640625,-16.81898055858361
1,-1,F3,0.3203125,-16.94504813878436
1,-1,F3,0.32421875,-17.005852401094558
1,-1,F3,0.328125,-16.964905316235416
1,-1,F3,0.33203125,-16.890897276080953
1,-1,F3,0.3359375,-16.816815306539883
1,-1,F3,0.33984375,-16.717899886971296
1,-1,F3,0.34375,-16.743188756700636
1,-1,F3,0.34765625,-16.764445433518993
1,-1,F3,0.3515625,-16.756383081861795
1,-1,F3,0.35546875,-16.82936013665436
1,-1,F3,0.359375,-17.00282508080155
1,-1,F3,0.36328125,-17.276457337601375
1,-1,F3,0.3671875,-17.67778348590343
1,-1,F3,0.37109375,-18.103946523555578
1,-1,F3,0.375,-18.355119644941706
1,-1,F3,0.37890625,-18.504517635554716
1,-1,F3,0.3828125,-18.614995809979423
1,-1,F3,0.38671875,-18.7800298638127
1,-1,F3,0.390625,-19.133179326050325
1,-1,F3,0.39453125,-19.645032616101652
1,-1,F3,0.3984375,-20.326067564000343
1,-1,F3,0.40234375,-21.028462964547437
1,-1,F3,0.40625,-21.668471811573532
1,-1,F3,0.41015625,-22.302342951941462
1,-1,F3,0.4140625,-22.829402272242266
1,-1,F3,0.41796875,-23.325195776605586
1,-1,F3,0.421875,-23.71382520078175
1,-1,F3,0.42578125,-24.01315634531991
1,-1,F3,0.4296875,-24.41147113193548
1,-1,F3,0.43359375,-24.795850605618877
1,-1,F3,0.4375,-25.26998138067512
1,-1,F3,0.44140625,-25.837850267315794
1,-1,F3,0.4453125,-26.27790588945361
1,-1,F3,0.44921875,-26.59316926302965
1,-1,F3,0.453125,-26.74084963612973
1,-1,F3,0.45703125,-26.644588924798903
1,-1,F3,0.4609375,-26.439878965986615
1,-1,F3,0.46484375,-26.209029348552125
1,-1,F3,0.46875,-25.91274935625245
1,-1,F3,0.47265625,-25.596221142890705
1,-1,F3,0.4765625,-25.251488196029914
1,-1,F3,0.48046875,-24.897317304075937
1,-1,F3,0.484375,-24.518088644980093
1,-1,F3,0.48828125,-24.10416219332196
1,-1,F3,0.4921875,-23.729454252804874
1,-1,F3,0.49609375,-23.361016172355736
1,-1,F3,0.5,-23.081181725376474
1,-1,F3,0.50390625,-22.88183283645353
1,-1,F3,0.5078125,-22.66463853513475
1,-1,F3,0.51171875,-22.428889701970437
1,-1,F3,0.515625,-22.106459225132433
1,-1,F3,0.51953125,-21.832664845376236
1,-1,F3,0.5234375,-21.627417078561635
1,-1,F3,0.52734375,-21.400378043388585
1,-1,F3,0.53125,-21.233357689196065
1,-1,F3,0.53515625,-21.0340050619521
1,-1,F3,0.5390625,-20.895116545218396
1,-1,F3,0.54296875,-20.785570335012608
1,-1,F3,0.546875,-20.6073313353848
1,-1,F3,0.55078125,-20.53330738943639
1,-1,F3,0.5546875,-20.447975152438904
1,-1,F3,0.55859375,-20.482720951138248
1,-1,F3,0.5625,-20.57135186761771
1,-1,F3,0.56640625,-20.48220355795105
1,-1,F3,0.5703125,-20.363374305363532
1,-1,F3,0.57421875,-20.026605338602295
1,-1,F3,0.578125,-19.57848356534999
1,-1,F3,0.58203125,-19.112821800976473
1,-1,F3,0.5859375,-18.475383447633174
1,-1,F3,0.58984375,-17.866056594932736
1,-1,F3,0.59375,-17.243735644730315
1,-1,F3,0.59765625,-16.7416584613907
1,-1,F3,0.6015625,-16.48365331168538
1,-1,F3,0.60546875,-16.19235139622537
1,-1,F3,0.609375,-15.9589799395702
1,-1,F3,0.61328125,-15.621804874866037
1,-1,F3,0.6171875,-15.114534986648119
1,-1,F3,0.62109375,-14.677197481382239
1,-1,F3,0.625,-14.191639576620386
1,-1,F3,0.62890625,-13.737095802262802
1,-1,F3,0.6328125,-13.218267862368718
1,-1,F3,0.63671875,-12.605758686677955
1,-1,F3,0.640625,-11.954299209293348
1,-1,F3,0.64453125,-11.179250286874753
1,-1,F3,0.6484375,-10.370307131003068
1,-1,F3,0.65234375,-9.50094578145997
1,-1,F3,0.65625,-8.703702585752627
1,-1,F3,0.66015625,-7.977795750086116
1,-1,F3,0.6640625,-7.335389350853063
1,-1,F3,0.66796875,-6.828900136230896
1,-1,F3,0.671875,-6.2833423352865445
1,-1,F3,0.67578125,-5.805257904969956
1,-1,F3,0.6796875,-5.396656676670947
1,-1,F3,0.68359375,-5.042858455394519
1,-1,F3,0.6875,-4.8961796934768635
1,-1,F3,0.69140625,-4.837585550388152
1,-1,F3,0.6953125,-4.809517825885738
1,-1,F3,0.69921875,-4.725261614826756
1,-1,F3,0.703125,-4.500656864921481
1,-1,F3,0.70703125,-4.225649180697843
1,-1,F3,0.7109375,-3.7822338033389826
1,-1,F3,0.71484375,-3.2854284813294505
1,-1,F3,0.71875,-2.718007747571111
1,-1,F3,0.72265625,-2.0581883271610124
1,-1,F3,0.7265625,-1.5680912935603217
1,-1,F3,0.73046875,-1.0001782079068988
1,-1,F3,0.734375,-0.5228665944835207
1,-1,F3,0.73828125,-0.28462705206813155
1,-1,F3,0.7421875,-0.17710266322847446
1,-1,F3,0.74609375,-0.4306129610669771
1,-1,F3,0.75,-0.7551000363349054
1,-1,F3,0.75390625,-1.1569309047260354
1,-1,F3,0.7578125,-1.5690212460083686
1,-1,F3,0.76171875,-1.8451694911543868
1,-1,F3,0.765625,-2.1266515066970992
1,-1,F3,0.76953125,-2.2112332151824443
1,-1,F3,0.7734375,-2.3699476396824046
1,-1,F3,0.77734375,-2.611057529761844
1,-1,F3,0.78125,-2.8851893831373268
1,-1,F3,0.78515625,-3.328093990921584
1,-1,F3,0.7890625,-3.7755253407640357
1,-1,F3,0.79296875,-4.246794921856839
1,-1,F3,0.796875,-4.620894685707206
1,-1,F3,0.80078125,-5.082127267097565
1,-1,Fz,-0.19921875,-1.9772341613978117
1,-1,Fz,-0.1953125,-2.002129487021058
1,-1,Fz,-0.19140625,-2.053277891476427
1,-1,Fz,-0.1875,-2.132838487666419
1,-1,Fz,-0.18359375,-2.0732330618627635
1,-1,Fz,-0.1796875,-1.9458639376484785
1,-1,Fz,-0.17578125,-1.7506949811034702
1,-1,Fz,-0.171875,-1.436597272126339
1,-1,Fz,-0.16796875,-1.227708807918277
1,-1,Fz,-0.1640625,-0.9985653634869851
1,-1,Fz,-0.16015625,-0.9204791359341746
1,-1,Fz,-0.15625,-1.1108012815188728
1,-1,Fz,-0.15234375,-1.3383995234650596
1,-1,Fz,-0.1484375,-1.7354779053769207
1,-1,Fz,-0.14453125,-2.0374368419991344
1,-1,Fz,-0.140625,-2.2910897689592735
1,-1,Fz,-0.13671875,-2.594553838697638
1,-1,Fz,-0.1328125,-2.7065174704675306
1,-1,Fz,-0.12890625,-2.804667552357295
1,-1,Fz,-0.125,-2.7766897377007274
1,-1,Fz,-0.12109375,-2.652073548624433
1,-1,Fz,-0.1171875,-2.4086505347516107
1,-1,Fz,-0.11328125,-2.0139815396444805
1,-1,Fz,-0.109375,-1.5925705406877457
1,-1,Fz,-0.10546875,-0.9228166940971482
1,-1,Fz,-0.1015625,-0.26824713269459216
1,-1,Fz,-0.09765625,0.3822108099172794
1,-1,Fz,-0.09375,1.1534508749835777
1,-1,Fz,-0.08984375,1.7325367242364877
1,-1,Fz,-0.0859375,2.325502536605839
1,-1,Fz,-0.08203125,2.804948194522281
1,-1,Fz,-0.078125,3.033425218990521
1,-1,Fz,-0.07421875,3.1802735362309367
1,-1,Fz,-0.0703125,3.046160321715477
1,-1,Fz,-0.06640625,2.7389619879334255
1,-1,Fz,-0.0625,2.3597880167247878
1,-1,Fz,-0.05859375,2.0231565683215202
1,-1,Fz,-0.0546875,1.9556569740523693
1,-1,Fz,-0.05078125,2.033564461883298
1,-1,Fz,-0.046875,2.0943529953830593
1,-1,Fz,-0.04296875,2.1570996895195593
1,-1,Fz,-0.0390625,2.1954404141539925
1,-1,Fz,-0.03515625,2.0839640509375963
1,-1,Fz,-0.03125,1.8865519755193956
1,-1,Fz,-0.02734375,1.633124530040481
1,-1,Fz,-0.0234375,1.3847326941165785
1,-1,Fz,-0.01953125,1.1751658611411624
1,-1,Fz,-0.015625,1.0040733855707993
1,-1,Fz,-0.01171875,1.029106784851526
1,-1,Fz,-0.0078125,1.1301199451731039
1,-1,Fz,-0.00390625,1.229227946159603
1,-1,Fz,0.0,1.321028152358106
1,-1,Fz,0.00390625,1.3254264201434514
1,-1,Fz,0.0078125,1.4976971720248622
1,-1,Fz,0.01171875,1.9437380171943905
1,-1,Fz,0.015625,2.5032690517061837
1,-1,Fz,0.01953125,3.0417951348689414
1,-1,Fz,0.0234375,3.4668819351766134
1,-1,Fz,0.02734375,3.7520494070433905
1,-1,Fz,0.03125,3.8486305660156312
1,-1,Fz,0.03515625,3.8384930234011625
1,-1,Fz,0.0390625,3.784356943400849
1,-1,Fz,0.04296875,3.700675722256304
1,-1,Fz,0.046875,3.582066005265152
1,-1,Fz,0.05078125,3.438756532584485
1,-1,Fz,0.0546875,3.3242401619871615
1,-1,Fz,0.05859375,3.298515879681596
1,-1,Fz,0.0625,3.4451971548336537
1,-1,Fz,0.06640625,3.6022776173640088
1,-1,Fz,0.0703125,3.8127141178927917
1,-1,Fz,0.07421875,4.0117087369332225
1,-1,Fz,0.078125,4.00182693534828
1,-1,Fz,0.08203125,4.027212698789366
1,-1,Fz,0.0859375,3.973332422789328
1,-1,Fz,0.08984375,3.7653037490950525
1,-1,Fz,0.09375,3.577334077464314
1,-1,Fz,0.09765625,3.4854978118389037
1,-1,Fz,0.1015625,3.5966475810808562
1,-1,Fz,0.10546875,3.7073998600452036
1,-1,Fz,0.109375,3.797632591708399
1,-1,Fz,0.11328125,3.8245743626189372
1,-1,Fz,0.1171875,3.6131606623351105
1,-1,Fz,0.12109375,3.369497861447925
1,-1,Fz,0.125,3.144256854510976
1,-1,Fz,0.12890625,2.98587579785053
1,-1,Fz,0.1328125,3.0678601666271232
1,-1,Fz,0.13671875,3.3173447067643025
1,-1,Fz,0.140625,3.709528584202345
1,-1,Fz,0.14453125,4.125803962711501
1,-1,Fz,0.1484375,4.402506425707465
1,-1,Fz,0.15234375,4.6317984297636325
1,-1,Fz,0.15625,4.7155664032905875
1,-1,Fz,0.16015625,4.723448869260409
1,-1,Fz,0.1640625,4.76424384329907
1,-1,Fz,0.16796875,4.840731009808589
1,-1,Fz,0.171875,5.092546438385025
1,-1,Fz,0.17578125,5.361108358609957
1,-1,Fz,0.1796875,5.652649258233457
1,-1,Fz,0.18359375,5.909796752825582
1,-1,Fz,0.1875,6.090666444690612
1,-1,Fz,0.19140625,6.315725915293653
1,-1,Fz,0.1953125,6.407504628374469
1,-1,Fz,0.19921875,6.468446078297262
1,-1,Fz,0.203125,6.5536086193007215
1,-1,Fz,0.20703125,6.658830826202886
1,-1,Fz,0.2109375,6.904570294115386
1,-1,Fz,0.21484375,7.1813952874515135
1,-1,Fz,0.21875,7.474325180006975
1,-1,Fz,0.22265625,7.790838624490705
1,-1,Fz,0.2265625,8.08369582550441
1,-1,Fz,0.23046875,8.209562245613842
1,-1,Fz,0.234375,8.263541661052905
1,-1,Fz,0.23828125,8.390435824598342
1,-1,Fz,0.2421875,8.427632508988275
1,-1,Fz,0.24609375,8.524670721558094
1,-1,Fz,0.25,8.66892727149315
1,-1,Fz,0.25390625,8.827050559673236
1,-1,Fz,0.2578125,9.076500146892249
1,-1,Fz,0.26171875,9.352479143916767
1,-1,Fz,0.265625,9.769528261313395
1,-1,Fz,0.26953125,10.253548097264503
1,-1,Fz,0.2734375,10.8203073356561
1,-1,Fz,0.27734375,11.334449349651765
1,-1,Fz,0.28125,11.789645269730451
1,-1,Fz,0.28515625,12.3070853622098
1,-1,Fz,0.2890625,12.738526719289958
1,-1,Fz,0.29296875,13.326189770153928
1,-1,Fz,0.296875,13.927049660480634
1,-1,Fz,0.30078125,14.468048118547447
1,-1,Fz,0.3046875,15.041072439826921
1,-1,Fz,0.30859375,15.512432525306297
1,-1,Fz,0.3125,15.96375601231624
1,-1,Fz,0.31640625,16.358490154654273
1,-1,Fz,0.3203125,16.655806679918392
1,-1,Fz,0.32421875,16.843814240424337
1,-1,Fz,0.328125,17.063247387640786
1,-1,Fz,0.33203125,17.227293012872366
1,-1,Fz,0.3359375,17.387818066414624
1,-1,Fz,0.33984375,17.608788343933817
1,-1,Fz,0.34375,17.668540044692467
1,-1,Fz,0.34765625,17.701463854740233
1,-1,Fz,0.3515625,17.67786450060159
1,-1,Fz,0.35546875,17.531259817133165
1,-1,Fz,0.359375,17.28328354756542
1,-1,Fz,0.36328125,16.95574687184195
1,-1,Fz,0.3671875,16.58636204968534
1,-1,Fz,0.37109375,16.23572919760698
1,-1,Fz,0.375,16.02336623795032
1,-1,Fz,0.37890625,15.87108166476815
1,-1,Fz,0.3828125,15.769730308426729
1,-1,Fz,0.38671875,15.698463712752734
1,-1,Fz,0.390625,15.473559425960804
1,-1,Fz,0.39453125,15.096584547650949
1,-1,Fz,0.3984375,14.563073355840046
1,-1,Fz,0.40234375,14.019622614544835
1,-1,Fz,0.40625,13.599528940304829
1,-1,Fz,0.41015625,13.225299789503932
1,-1,Fz,0.4140625,13.01172247412027
1,-1,Fz,0.41796875,12.855634805200454
1,-1,Fz,0.421875,12.722214992185325
1,-1,Fz,0.42578125,12.581808329898571
1,-1,Fz,0.4296875,12.260177437843923
1,-1,Fz,0.43359375,11.884244359477725
1,-1,Fz,0.4375,11.420450209365832
1,-1,Fz,0.44140625,10.901816405405562
1,-1,Fz,0.4453125,10.531969648691954
1,-1,Fz,0.44921875,10.353177159432752
1,-1,Fz,0.453125,10.451502191913967
1,-1,Fz,0.45703125,10.80181693493814
1,-1,Fz,0.4609375,11.245127300425086
1,-1,Fz,0.46484375,11.65445215582856
1,-1,Fz,0.46875,12.013839086835945
1,-1,Fz,0.47265625,12.329484310213594
1,-1,Fz,0.4765625,12.620942117713575
1,-1,Fz,0.48046875,12.940026523211774
1,-1,Fz,0.484375,13.350666036905016
1,-1,Fz,0.48828125,13.868190838668404
1,-1,Fz,0.4921875,14.437794051783857
1,-1,Fz,0.49609375,15.040363619550513
1,-1,Fz,0.5,15.594114172317111
1,-1,Fz,0.50390625,16.104225796004567
1,-1,Fz,0.5078125,16.533440853193962
1,-1,Fz,0.51171875,16.90955842241155
1,-1,Fz,0.515625,17.303852251818668
1,-1,Fz,0.51953125,17.595498156871773
1,-1,Fz,0.5234375,17.837455189949175
1,-1,Fz,0.52734375,18.05419111341253
1,-1,Fz,0.53125,18.222696380087488
1,-1,Fz,0.53515625,18.49222198866283
1,-1,Fz,0.5390625,18.82118397870545
1,-1,Fz,0.54296875,19.15458629769594
1,-1,Fz,0.546875,19.49926881030168
1,-1,Fz,0.55078125,19.843365644516297
1,-1,Fz,0.5546875,20.16719650947249
1,-1,Fz,0.55859375,20.305614166700682
1,-1,Fz,0.5625,20.49970591839431
1,-1,Fz,0.56640625,20.824874342037166
1,-1,Fz,0.5703125,21.07503033059399
1,-1,Fz,0.57421875,21.4513216258098
1,-1,Fz,0.578125,21.88706641035749
1,-1,Fz,0.58203125,22.30375283191887
1,-1,Fz,0.5859375,22.817223499086086
1,-1,Fz,0.58984375,23.240733657387196
1,-1,Fz,0.59375,23.579416318891305
1,-1,Fz,0.59765625,23.90429000139298
1,-1,Fz,0.6015625,24.124575312764588
1,-1,Fz,0.60546875,24.371512056794202
1,-1,Fz,0.609375,24.634489221844078
1,-1,Fz,0.61328125,24.947366094409915
1,-1,Fz,0.6171875,25.258254975028287
1,-1,Fz,0.62109375,25.4290802510153
1,-1,Fz,0.625,25.664254215502197
1,-1,Fz,0.62890625,25.98755690518313
1,-1,Fz,0.6328125,26.442729179590554
1,-1,Fz,0.63671875,27.017269441581682
1,-1,Fz,0.640625,27.653801329175835
1,-1,Fz,0.64453125,28.484958562996216
1,-1,Fz,0.6484375,29.441922839719
1,-1,Fz,0.65234375,30.362231501338478
1,-1,Fz,0.65625,31.11367459583795
1,-1,Fz,0.66015625,31.693202799093058
1,-1,Fz,0.6640625,32.09350540995073
1,-1,Fz,0.66796875,32.40147638431754
1,-1,Fz,0.671875,32.77337421716583
1,-1,Fz,0.67578125,33.18923481623992
1,-1,Fz,0.6796875,33.676932156955054
1,-1,Fz,0.68359375,34.20806581071142
1,-1,Fz,0.6875,34.66164721553345
1,-1,Fz,0.69140625,35.02781069055471
1,-1,Fz,0.6953125,35.297578747562866
1,-1,Fz,0.69921875,35.40924322064509
1,-1,Fz,0.703125,35.423217482786285
1,-1,Fz,0.70703125,35.37191529366942
1,-1,Fz,0.7109375,35.40492789877876
1,-1,Fz,0.71484375,35.47731904164059
1,-1,Fz,0.71875,35.568425745675626
1,-1,Fz,0.72265625,35.877217956310524
1,-1,Fz,0.7265625,36.16152131990616
1,-1,Fz,0.73046875,36.55008429300852
1,-1,Fz,0.734375,36.93756721970422
1,-1,Fz,0.73828125,37.09687934170002
1,-1,Fz,0.7421875,37.1324974519668
1,-1,Fz,0.74609375,36.81257343807706
1,-1,Fz,0.75,36.46431273602564
1,-1,Fz,0.75390625,36.05699470394019
1,-1,Fz,0.7578125,35.53718676577328
1,-1,Fz,0.76171875,35.20319742301359
1,-1,Fz,0.765625,34.91394086959725
1,-1,Fz,0.76953125,34.64119749061578
1,-1,Fz,0.7734375,34.18820775076798
1,-1,Fz,0.77734375,33.657271440632016
1,-1,Fz,0.78125,33.095363743361546
1,-1,Fz,0.78515625,32.467363815512996
1,-1,Fz,0.7890625,31.9154520069565
1,-1,Fz,0.79296875,31.3029700585358
1,-1,Fz,0.796875,30.75777877146932
1,-1,Fz,0.80078125,30.12491548958436
1,-1,F4,-0.19921875,1.2577506573783688
1,-1,F4,-0.1953125,1.2948215239967387
1,-1,F4,-0.19140625,1.3086679677170978
1,-1,F4,-0.1875,1.2892833500999274
1,-1,F4,-0.18359375,1.3058235273923078
1,-1,F4,-0.1796875,1.3338436947610255
1,-1,F4,-0.17578125,1.4680195606696034
1,-1,F4,-0.171875,1.732504987043573
1,-1,F4,-0.16796875,1.8620310994323972
1,-1,F4,-0.1640625,1.9640539257194354
1,-1,F4,-0.16015625,1.9070697654569917
1,-1,F4,-0.15625,1.61921772113437
1,-1,F4,-0.15234375,1.3133337785498718
1,-1,F4,-0.1484375,0.8310076414849409
1,-1,F4,-0.14453125,0.3943879157889645
1,-1,F4,-0.140625,-0.07266572367402357
1,-1,F4,-0.13671875,-0.5637804109212736
1,-1,F4,-0.1328125,-0.8305585260024075
1,-1,F4,-0.12890625,-1.0689576763718485
1,-1,F4,-0.125,-1.1822568065880903
1,-1,F4,-0.12109375,-1.2579605978906134
1,-1,F4,-0.1171875,-1.190619633672006
1,-1,F4,-0.11328125,-0.9602916923307276
1,-1,F4,-0.109375,-0.7944234668233279
1,-1,F4,-0.10546875,-0.41464567177204753
1,-1,F4,-0.1015625,-0.059494596190657334
1,-1,F4,-0.09765625,0.26115547064744293
1,-1,F4,-0.09375,0.7235918849196161
1,-1,F4,-0.08984375,1.0400066512934638
1,-1,F4,-0.0859375,1.4563619343127474
1,-1,F4,-0.08203125,1.8069438421003503
1,-1,F4,-0.078125,1.9173530874398463
1,-1,F4,-0.07421875,1.9412328066437197
1,-1,F4,-0.0703125,1.6299789541427652
1,-1,F4,-0.06640625,1.189947627339567
1,-1,F4,-0.0625,0.7176802072740611
1,-1,F4,-0.05859375,0.26155932407249205
1,-1,F4,-0.0546875,0.039178892110987684
1,-1,F4,-0.05078125,-0.14596736490966888
1,-1,F4,-0.046875,-0.4149141082421408
1,-1,F4,-0.04296875,-0.6919599263902505
1,-1,F4,-0.0390625,-1.0222362279318702
1,-1,F4,-0.03515625,-1.456496291458371
1,-1,F4,-0.03125,-1.8322090530860748
1,-1,F4,-0.02734375,-2.178361339159354
1,-1,F4,-0.0234375,-2.4386168244414304
1,-1,F4,-0.01953125,-2.604131531788409
1,-1,F4,-0.015625,-2.853257241488473
1,-1,F4,-0.01171875,-3.033674019153919
1,-1,F4,-0.0078125,-3.252899189046537
1,-1,F4,-0.00390625,-3.5464298795891653
1,-1,F4,0.0,-3.858078742215654
1,-1,F4,0.00390625,-4.233799126572195
1,-1,F4,0.0078125,-4.3296703788990465
1,-1,F4,0.01171875,-4.098243628493728
1,-1,F4,0.015625,-3.717005623398408
1,-1,F4,0.01953125,-3.336291353550113
1,-1,F4,0.0234375,-3.0884346632601303
1,-1,F4,0.02734375,-2.95597938346148
1,-1,F4,0.03125,-3.0473015844125464
1,-1,F4,0.03515625,-3.328623105447237
1,-1,F4,0.0390625,-3.6649490930420217
1,-1,F4,0.04296875,-4.030360909778997
1,-1,F4,0.046875,-4.40315874394243
1,-1,F4,0.05078125,-4.70150504602211
1,-1,F4,0.0546875,-4.971387875567514
1,-1,F4,0.05859375,-5.184688010382075
1,-1,F4,0.0625,-5.236924172066532
1,-1,F4,0.06640625,-5.291114104191122
1,-1,F4,0.0703125,-5.264470687987791
1,-1,F4,0.07421875,-5.272646691748474
1,-1,F4,0.078125,-5.451171424128561
1,-1,F4,0.08203125,-5.558885303243487
1,-1,F4,0.0859375,-5.782588404974185
1,-1,F4,0.08984375,-6.118707004006901
1,-1,F4,0.09375,-6.44898388136943
1,-1,F4,0.09765625,-6.781119437385177
1,-1,F4,0.1015625,-6.938904499901125
1,-1,F4,0.10546875,-7.084476796455738
1,-1,F4,0.109375,-7.274311969590435
1,-1,F4,0.11328125,-7.514765872449553
1,-1,F4,0.1171875,-7.953994600984738
1,-1,F4,0.12109375,-8.441757633539158
1,-1,F4,0.125,-8.868493142990067
1,-1,F4,0.12890625,-9.161888922474041
1,-1,F4,0.1328125,-9.194053428698414
1,-1,F4,0.13671875,-9.039499124375686
1,-1,F4,0.140625,-8.758758726432566
1,-1,F4,0.14453125,-8.520337173719978
1,-1,F4,0.1484375,-8.478581127550044
1,-1,F4,0.15234375,-8.470685029921075
1,-1,F4,0.15625,-8.67248375260748
1,-1,F4,0.16015625,-8.989418498452759
1,-1,F4,0.1640625,-9.191578690166349
1,-1,F4,0.16796875,-9.358819999930894
1,-1,F4,0.171875,-9.29338748604301
1,-1,F4,0.17578125,-9.1792487742038
1,-1,F4,0.1796875,-9.055212569999382
1,-1,F4,0.18359375,-8.85316619325424
1,-1,F4,0.1875,-8.749088347943594
1,-1,F4,0.19140625,-8.617058375711988
1,-1,F4,0.1953125,-8.570074647991149
1,-1,F4,0.19921875,-8.620113944036351
1,-1,F4,0.203125,-8.678082358581188
1,-1,F4,0.20703125,-8.738662475450464
1,-1,F4,0.2109375,-8.68455926310621
1,-1,F4,0.21484375,-8.641162377988174
1,-1,F4,0.21875,-8.579406358196648
1,-1,F4,0.22265625,-8.489399571738655
1,-1,F4,0.2265625,-8.507347962613693
1,-1,F4,0.23046875,-8.668584820029578
1,-1,F4,0.234375,-8.889092553714509
1,-1,F4,0.23828125,-9.074762950535465
1,-1,F4,0.2421875,-9.320269813415479
1,-1,F4,0.24609375,-9.464881620131957
1,-1,F4,0.25,-9.53119600441562
1,-1,F4,0.25390625,-9.585000655411681
1,-1,F4,0.2578125,-9.514582529406304
1,-1,F4,0.26171875,-9.439950627598439
1,-1,F4,0.265625,-9.300264992913615
1,-1,F4,0.26953125,-9.071642223246874
1,-1,F4,0.2734375,-8.749470491679613
1,-1,F4,0.27734375,-8.451660467098396
1,-1,F4,0.28125,-8.184714461331888
1,-1,F4,0.28515625,-7.850756840245352
1,-1,F4,0.2890625,-7.577488313130087
1,-1,F4,0.29296875,-7.169758801883771
1,-1,F4,0.296875,-6.768338170450434
1,-1,F4,0.30078125,-6.482232110716828
1,-1,F4,0.3046875,-6.14443941396213
1,-1,F4,0.30859375,-5.870094962345079
1,-1,F4,0.3125,-5.684831104945378
1,-1,F4,0.31640625,-5.535513994626507
1,-1,F4,0.3203125,-5.435856174764982
1,-1,F4,0.32421875,-5.415772728643642
1,-1,F4,0.328125,-5.366370587266221
1,-1,F4,0.33203125,-5.37135278566719
1,-1,F4,0.3359375,-5.35337230271268
1,-1,F4,0.33984375,-5.321538300583519
1,-1,F4,0.34375,-5.472397448675281
1,-1,F4,0.34765625,-5.686985854336209
1,-1,F4,0.3515625,-5.970862741258754
1,-1,F4,0.35546875,-6.369057326012149
1,-1,F4,0.359375,-6.876656039056341
1,-1,F4,0.36328125,-7.377232840744933
1,-1,F4,0.3671875,-7.886678552778074
1,-1,F4,0.37109375,-8.350292084647368
1,-1,F4,0.375,-8.631913992432754
1,-1,F4,0.37890625,-8.887223228677005
1,-1,F4,0.3828125,-9.112213820032125
1,-1,F4,0.38671875,-9.358323512587438
1,-1,F4,0.390625,-9.766260250426992
1,-1,F4,0.39453125,-10.263381448817816
1,-1,F4,0.3984375,-10.89140609541532
1,-1,F4,0.40234375,-11.532023758391446
1,-1,F4,0.40625,-12.05659467316304
1,-1,F4,0.41015625,-12.490538205468928
1,-1,F4,0.4140625,-12.666525373174498
1,-1,F4,0.41796875,-12.727963622347431
1,-1,F4,0.421875,-12.742004430993994
1,-1,F4,0.42578125,-12.798564276168467
1,-1,F4,0.4296875,-13.145100462301045
1,-1,F4,0.43359375,-13.571057447785542
1,-1,F4,0.4375,-14.153895915899215
1,-1,F4,0.44140625,-14.929296825969724
1,-1,F4,0.4453125,-15.592584096024071
1,-1,F4,0.44921875,-16.060145895145162
1,-1,F4,0.453125,-16.22436397182174
1,-1,F4,0.45703125,-16.12724357822129
1,-1,F4,0.4609375,-15.882537812022054
1,-1,F4,0.46484375,-15.621900674746938
1,-1,F4,0.46875,-15.406994865940309
1,-1,F4,0.47265625,-15.233422253453796
1,-1,F4,0.4765625,-15.14794344728978
1,-1,F4,0.48046875,-15.023995319330453
1,-1,F4,0.484375,-14.86102461124435
1,-1,F4,0.48828125,-14.642393788334449
1,-1,F4,0.4921875,-14.315656755119928
1,-1,F4,0.49609375,-14.000860293664909
1,-1,F4,0.5,-13.732903585905769
1,-1,F4,0.50390625,-13.462941790986475
1,-1,F4,0.5078125,-13.211460047753308
1,-1,F4,0.51171875,-12.933672571393803
1,-1,F4,0.515625,-12.54719102401162
1,-1,F4,0.51953125,-12.174921764655393
1,-1,F4,0.5234375,-11.842739845322882
1,-1,F4,0.52734375,-11.499626347210034
1,-1,F4,0.53125,-11.239889374112257
1,-1,F4,0.53515625,-10.968898170616868
1,-1,F4,0.5390625,-10.684959849717291
1,-1,F4,0.54296875,-10.439016862492027
1,-1,F4,0.546875,-10.18138959306233
1,-1,F4,0.55078125,-9.905216434260648
1,-1,F4,0.5546875,-9.601007741966507
1,-1,F4,0.55859375,-9.420892155623163
1,-1,F4,0.5625,-9.20988813483115
1,-1,F4,0.56640625,-8.869868327605921
1,-1,F4,0.5703125,-8.497115303236313
1,-1,F4,0.57421875,-7.946918277652021
1,-1,F4,0.578125,-7.3491785820730335
1,-1,F4,0.58203125,-6.841245898023608
1,-1,F4,0.5859375,-6.3151654742692465
1,-1,F4,0.58984375,-5.9195297948435766
1,-1,F4,0.59375,-5.6777593749591055
1,-1,F4,0.59765625,-5.42732552699794
1,-1,F4,0.6015625,-5.244378071255742
1,-1,F4,0.60546875,-4.982730581986253
1,-1,F4,0.609375,-4.623631734630024
1,-1,F4,0.61328125,-4.214749749882461
1,-1,F4,0.6171875,-3.7357169329369597
1,-1,F4,0.62109375,-3.387751579546034
1,-1,F4,0.625,-3.028909033734905
1,-1,F4,0.62890625,-2.5888424589887364
1,-1,F4,0.6328125,-2.085612533227849
1,-1,F4,0.63671875,-1.4193924532012439
1,-1,F4,0.640625,-0.6686205117074664
1,-1,F4,0.64453125,0.22081898546740675
1,-1,F4,0.6484375,1.2515631310727287
1,-1,F4,0.65234375,2.2242844671651874
1,-1,F4,0.65625,3.0466821331780842
1,-1,F4,0.66015625,3.7510974371194195
1,-1,F4,0.6640625,4.294079105393799
1,-1,F4,0.66796875,4.7350109554467075
1,-1,F4,0.671875,5.239644458796974
1,-1,F4,0.67578125,5.844110258485134
1,-1,F4,0.6796875,6.528384063390977
1,-1,F4,0.68359375,7.288366981575365
1,-1,F4,0.6875,8.03591869628346
1,-1,F4,0.69140625,8.692111988394469
1,-1,F4,0.6953125,9.173346436388965
1,-1,F4,0.69921875,9.393410559786812
1,-1,F4,0.703125,9.518292228389054
1,-1,F4,0.70703125,9.546361037616638
1,-1,F4,0.7109375,9.612820992201218
1,-1,F4,0.71484375,9.717773202965247
1,-1,F4,0.71875,9.72842417394423
1,-1,F4,0.72265625,9.882401573333077
1,-1,F4,0.7265625,10.02834029482571
1,-1,F4,0.73046875,10.250598061261496
1,-1,F4,0.734375,10.428078948447446
1,-1,F4,0.73828125,10.402474291293196
1,-1,F4,0.7421875,10.360089786986464
1,-1,F4,0.74609375,10.010890274992754
1,-1,F4,0.75,9.663388580056209
1,-1,F4,0.75390625,9.361534362834856
1,-1,F4,0.7578125,8.997167456758541
1,-1,F4,0.76171875,8.82839565219621
1,-1,F4,0.765625,8.67881161155267
1,-1,F4,0.76953125,8.563839506962628
1,-1,F4,0.7734375,8.278190583625944
1,-1,F4,0.77734375,7.863244766942255
1,-1,F4,0.78125,7.54335337857767
1,-1,F4,0.78515625,7.202825036635991
1,-1,F4,0.7890625,6.882521644997375
1,-1,F4,0.79296875,6.414257231757286
1,-1,F4,0.796875,5.8552469230289255
1,-1,F4,0.80078125,5.195622143721227
1,1,F3,-0.19921875,2.934178032895349
1,1,F3,-0.1953125,3.061656760888365
1,1,F3,-0.19140625,3.2741776178337147
1,1,F3,-0.1875,3.463148052685929
1,1,F3,-0.18359375,3.542959731126425
1,1,F3,-0.1796875,3.486946796148163
1,1,F3,-0.17578125,3.2991747483880216
1,1,F3,-0.171875,3.1975524656853764
1,1,F3,-0.16796875,2.9969246619177783
1,1,F3,-0.1640625,2.812653911042879
1,1,F3,-0.16015625,2.6945206087826152
1,1,F3,-0.15625,2.4411131965309925
1,1,F3,-0.15234375,2.289140022823339
1,1,F3,-0.1484375,2.12200776662793
1,1,F3,-0.14453125,1.8017940531118841
1,1,F3,-0.140625,1.4744320158807303
1,1,F3,-0.13671875,1.105160406300418
1,1,F3,-0.1328125,0.7357568701427577
1,1,F3,-0.12890625,0.377096907717952
1,1,F3,-0.125,-0.036870183389816916
1,1,F3,-0.12109375,-0.5112240429424609
1,1,F3,-0.1171875,-1.0275110895277717
1,1,F3,-0.11328125,-1.4540930648604697
1,1,F3,-0.109375,-1.5944581793224735
1,1,F3,-0.10546875,-1.4755221530818536
1,1,F3,-0.1015625,-1.1094130362199706
1,1,F3,-0.09765625,-0.4562487534347345
1,1,F3,-0.09375,0.26290624140797997
1,1,F3,-0.08984375,0.9096908583807315
1,1,F3,-0.0859375,1.3625096410578512
1,1,F3,-0.08203125,1.5515520274971657
1,1,F3,-0.078125,1.4066935309054889
1,1,F3,-0.07421875,0.9566475480076836
1,1,F3,-0.0703125,0.39212008414639477
1,1,F3,-0.06640625,-0.1557572086444695
1,1,F3,-0.0625,-0.5576708393866074
1,1,F3,-0.05859375,-0.8101926074185173
1,1,F3,-0.0546875,-0.8998599620828026
1,1,F3,-0.05078125,-0.9779963037862431
1,1,F3,-0.046875,-1.0955536985359753
1,1,F3,-0.04296875,-1.2896296536860121
1,1,F3,-0.0390625,-1.7223995550704898
1,1,F3,-0.03515625,-2.319841616039224
1,1,F3,-0.03125,-3.1012522779723186
1,1,F3,-0.02734375,-3.9062598343633645
1,1,F3,-0.0234375,-4.4863523942081045
1,1,F3,-0.01953125,-4.851230052121171
1,1,F3,-0.015625,-5.038751451456099
1,1,F3,-0.01171875,-5.089314044981215
1,1,F3,-0.0078125,-5.0333212984310505
1,1,F3,-0.00390625,-4.95179125697082
1,1,F3,0.0,-4.921801362330187
1,1,F3,0.00390625,-4.9277129709986225
1,1,F3,0.0078125,-4.985981508016344
1,1,F3,0.01171875,-5.073587027405113
1,1,F3,0.015625,-5.072143199362269
1,1,F3,0.01953125,-4.963581753789855
1,1,F3,0.0234375,-4.727007413643077
1,1,F3,0.02734375,-4.488841225887713
1,1,F3,0.03125,-4.416613062485045
1,1,F3,0.03515625,-4.438352244817781
1,1,F3,0.0390625,-4.669858721032002
1,1,F3,0.04296875,-4.99740621336349
1,1,F3,0.046875,-5.24424961831978
1,1,F3,0.05078125,-5.528811802151698
1,1,F3,0.0546875,-5.773414204116625
1,1,F3,0.05859375,-6.045825595176529
1,1,F3,0.0625,-6.339153133017982
1,1,F3,0.06640625,-6.603671267710919
1,1,F3,0.0703125,-6.852359630134241
1,1,F3,0.07421875,-7.019171475245653
1,1,F3,0.078125,-7.131794384640908
1,1,F3,0.08203125,-7.212107636605575
1,1,F3,0.0859375,-7.364648761756422
1,1,F3,0.08984375,-7.581565163392289
1,1,F3,0.09375,-7.867124118436477
1,1,F3,0.09765625,-8.154632071837268
1,1,F3,0.1015625,-8.443090643680861
1,1,F3,0.10546875,-8.77463859756036
1,1,F3,0.109375,-9.05153203553554
1,1,F3,0.11328125,-9.435299441714417
1,1,F3,0.1171875,-9.849232479934146
1,1,F3,0.12109375,-10.27120360893749
1,1,F3,0.125,-10.754516975101142
1,1,F3,0.12890625,-11.1671030373227
1,1,F3,0.1328125,-11.561063685358445
1,1,F3,0.13671875,-11.829449595624967
1,1,F3,0.140625,-11.991147162557272
1,1,F3,0.14453125,-12.139238557018881
1,1,F3,0.1484375,-12.180998083737126
1,1,F3,0.15234375,-12.235316149160154
1,1,F3,0.15625,-12.363739172265515
1,1,F3,0.16015625,-12.620199609137426
1,1,F3,0.1640625,-12.984857507199752
1,1,F3,0.16796875,-13.334813329138242
1,1,F3,0.171875,-13.550852467197934
1,1,F3,0.17578125,-13.417165187177902
1,1,F3,0.1796875,-13.091589215720969
1,1,F3,0.18359375,-12.70275052797804
1,1,F3,0.1875,-12.410568786660953
1,1,F3,0.19140625,-12.331713464175461
1,1,F3,0.1953125,-12.474716517879358
1,1,F3,0.19921875,-12.977083579320697
1,1,F3,0.203125,-13.589145255400354
1,1,F3,0.20703125,-14.276747020913863
1,1,F3,0.2109375,-14.914948047117624
1,1,F3,0.21484375,-15.284604913529208
1,1,F3,0.21875,-15.54107377911718
1,1,F3,0.22265625,-15.642037549513775
1,1,F3,0.2265625,-15.583431354194385
1,1,F3,0.23046875,-15.375466185535721
1,1,F3,0.234375,-15.15555038077456
1,1,F3,0.23828125,-15.111855117426678
1,1,F3,0.2421875,-15.195881038224645
1,1,F3,0.24609375,-15.462201398764677
1,1,F3,0.25,-15.773975024276439
1,1,F3,0.25390625,-16.05106188965108
1,1,F3,0.2578125,-16.2950404519788
1,1,F3,0.26171875,-16.224272024821712
1,1,F3,0.265625,-15.910886711592116
1,1,F3,0.26953125,-15.548812723865328
1,1,F3,0.2734375,-15.148592635350166
1,1,F3,0.27734375,-14.83877370385716
1,1,F3,0.28125,-14.725412922622795
1,1,F3,0.28515625,-14.758348896615658
1,1,F3,0.2890625,-14.908288039603043
1,1,F3,0.29296875,-15.121318115398529
1,1,F3,0.296875,-15.255940304338218
1,1,F3,0.30078125,-15.249852121321243
1,1,F3,0.3046875,-15.068724622814829
1,1,F3,0.30859375,-14.709926051947404
1,1,F3,0.3125,-14.1806034500833
1,1,F3,0.31640625,-13.727138863876544
1,1,F3,0.3203125,-13.52486911667145
1,1,F3,0.32421875,-13.55623741117594
1,1,F3,0.328125,-13.895711871016694
1,1,F3,0.33203125,-14.32071045680571
1,1,F3,0.3359375,-14.658294162793133
1,1,F3,0.33984375,-14.875725111868839
1,1,F3,0.34375,-14.9315452928236
1,1,F3,0.34765625,-14.78866432927596
1,1,F3,0.3515625,-14.444521726440232
1,1,F3,0.35546875,-14.230699486307874
1,1,F3,0.359375,-14.242938762643703
1,1,F3,0.36328125,-14.398065712584708
1,1,F3,0.3671875,-14.749531772636992
1,1,F3,0.37109375,-15.13505081363917
1,1,F3,0.375,-15.598170369266125
1,1,F3,0.37890625,-16.17067116938223
1,1,F3,0.3828125,-16.69049885171507
1,1,F3,0.38671875,-17.239039192855863
1,1,F3,0.390625,-17.684981103279366
1,1,F3,0.39453125,-18.03885965444484
1,1,F3,0.3984375,-18.30973939733289
1,1,F3,0.40234375,-18.407634443477427
1,1,F3,0.40625,-18.508385448047477
1,1,F3,0.41015625,-18.546080717458693
1,1,F3,0.4140625,-18.72052312500048
1,1,F3,0.41796875,-19.1796122285075
1,1,F3,0.421875,-19.90793465933789
1,1,F3,0.42578125,-20.96632780528053
1,1,F3,0.4296875,-22.04764572147288
1,1,F3,0.43359375,-23.05850099319883
1,1,F3,0.4375,-23.848216621767733
1,1,F3,0.44140625,-24.201629820026632
1,1,F3,0.4453125,-24.288926890606753
1,1,F3,0.44921875,-24.135705826497464
1,1,F3,0.453125,-23.835718063458522
1,1,F3,0.45703125,-23.518075622988725
1,1,F3,0.4609375,-23.186248710159937
1,1,F3,0.46484375,-22.98641215148517
1,1,F3,0.46875,-22.961774912221443
1,1,F3,0.47265625,-23.010641880399
1,1,F3,0.4765625,-23.139972536597718
1,1,F3,0.48046875,-23.37820429961117
1,1,F3,0.484375,-23.612805364515438
1,1,F3,0.48828125,-23.889982223346337
1,1,F3,0.4921875,-24.15932793297278
1,1,F3,0.49609375,-24.316825158516295
1,1,F3,0.5,-24.505555905894997
1,1,F3,0.50390625,-24.566023528604262
1,1,F3,0.5078125,-24.460229043982388
1,1,F3,0.51171875,-24.417229420209864
1,1,F3,0.515625,-24.381306389347507
1,1,F3,0.51953125,-24.394457098628184
1,1,F3,0.5234375,-24.484817359386838
1,1,F3,0.52734375,-24.483786849780508
1,1,F3,0.53125,-24.48336317335366
1,1,F3,0.53515625,-24.37860397453141
1,1,F3,0.5390625,-24.077074052452726
1,1,F3,0.54296875,-23.834667295688455
1,1,F3,0.546875,-23.625326315159146
1,1,F3,0.55078125,-23.523192966207585
1,1,F3,0.5546875,-23.45700941093171
1,1,F3,0.55859375,-23.280860301493988
1,1,F3,0.5625,-23.071550198925728
1,1,F3,0.56640625,-22.762917048706765
1,1,F3,0.5703125,-22.528230629122348
1,1,F3,0.57421875,-22.285968167520792
1,1,F3,0.578125,-21.99078385494561
1,1,F3,0.58203125,-21.778376650065468
1,1,F3,0.5859375,-21.426156985568014
1,1,F3,0.58984375,-21.18585060191328
1,1,F3,0.59375,-21.04770246177781
1,1,F3,0.59765625,-20.780169835623184
1,1,F3,0.6015625,-20.534920460151085
1,1,F3,0.60546875,-20.178427677109894
1,1,F3,0.609375,-19.741851219095196
1,1,F3,0.61328125,-19.206529274205295
1,1,F3,0.6171875,-18.48257091659634
1,1,F3,0.62109375,-17.69385053960009
1,1,F3,0.625,-16.961786648940247
1,1,F3,0.62890625,-16.353101437038045
1,1,F3,0.6328125,-15.881044489561582
1,1,F3,0.63671875,-15.485322339561803
1,1,F3,0.640625,-15.07728501106518
1,1,F3,0.64453125,-14.770747378106629
1,1,F3,0.6484375,-14.493481969425538
1,1,F3,0.65234375,-14.299278296347952
1,1,F3,0.65625,-14.227590253727943
1,1,F3,0.66015625,-14.023112647256186
1,1,F3,0.6640625,-13.78208776097739
1,1,F3,0.66796875,-13.424782498990284
1,1,F3,0.671875,-12.995650070078824
1,1,F3,0.67578125,-12.620922196025978
1,1,F3,0.6796875,-12.261058090096437
1,1,F3,0.68359375,-12.087651839729862
1,1,F3,0.6875,-12.019121062826898
1,1,F3,0.69140625,-12.112773840883905
1,1,F3,0.6953125,-12.232580755883797
1,1,F3,0.69921875,-12.289443641722169
1,1,F3,0.703125,-12.365617963356977
1,1,F3,0.70703125,-12.211485154841053
1,1,F3,0.7109375,-11.931604566496341
1,1,F3,0.71484375,-11.521117812279517
1,1,F3,0.71875,-10.977707482821822
1,1,F3,0.72265625,-10.410817699187009
1,1,F3,0.7265625,-9.813879488734022
1,1,F3,0.73046875,-9.301569510150836
1,1,F3,0.734375,-8.788170410479056
1,1,F3,0.73828125,-8.238186863441188
1,1,F3,0.7421875,-7.665898690611264
1,1,F3,0.74609375,-7.076973819886061
1,1,F3,0.75,-6.556090769460537
1,1,F3,0.75390625,-6.073176178929319
1,1,F3,0.7578125,-5.7368122334817
1,1,F3,0.76171875,-5.606181553102554
1,1,F3,0.765625,-5.533746910554221
1,1,F3,0.76953125,-5.4254047646482775
1,1,F3,0.7734375,-5.16471493070017
1,1,F3,0.77734375,-4.828639850857659
1,1,F3,0.78125,-4.497416530934339
1,1,F3,0.78515625,-4.183670832553526
1,1,F3,0.7890625,-3.9933863252156807
1,1,F3,0.79296875,-3.95725349792266
1,1,F3,0.796875,-3.9510338270851415
1,1,F3,0.80078125,-3.84217418547649
1,1,Fz,-0.19921875,-2.80260905833706
1,1,Fz,-0.1953125,-2.335948429910045
1,1,Fz,-0.19140625,-1.692920727103884
1,1,Fz,-0.1875,-1.0324378449301808
1,1,Fz,-0.18359375,-0.5392610064452011
1,1,Fz,-0.1796875,-0.2465214210991804
1,1,Fz,-0.17578125,-0.20003366329407613
1,1,Fz,-0.171875,-0.1359909788201017
1,1,Fz,-0.16796875,-0.15015152070338067
1,1,Fz,-0.1640625,-0.17805000014358502
1,1,Fz,-0.16015625,-0.13338630495250525
1,1,Fz,-0.15625,-0.20720670160129662
1,1,Fz,-0.15234375,-0.222361239476232
1,1,Fz,-0.1484375,-0.3296166317174618
1,1,Fz,-0.14453125,-0.5658012035205169
1,1,Fz,-0.140625,-0.7779451653941792
1,1,Fz,-0.13671875,-1.0495039731007516
1,1,Fz,-0.1328125,-1.3016092373908252
1,1,Fz,-0.12890625,-1.532140011990516
1,1,Fz,-0.125,-1.7523845210909628
1,1,Fz,-0.12109375,-1.9642876375774443
1,1,Fz,-0.1171875,-2.1910211556481753
1,1,Fz,-0.11328125,-2.294836219437622
1,1,Fz,-0.109375,-2.161831896740427
1,1,Fz,-0.10546875,-1.904392546186223
1,1,Fz,-0.1015625,-1.4809724692066641
1,1,Fz,-0.09765625,-0.836726915622557
1,1,Fz,-0.09375,-0.11996879273187552
1,1,Fz,-0.08984375,0.6053515329250179
1,1,Fz,-0.0859375,1.1429509744501216
1,1,Fz,-0.08203125,1.4906718934830643
1,1,Fz,-0.078125,1.6072145093261319
1,1,Fz,-0.07421875,1.5022963339322752
1,1,Fz,-0.0703125,1.347540195448412
1,1,Fz,-0.06640625,1.250209034952813
1,1,Fz,-0.0625,1.3085772767560888
1,1,Fz,-0.05859375,1.4179797706023556
1,1,Fz,-0.0546875,1.7028807247416746
1,1,Fz,-0.05078125,1.9750413129941993
1,1,Fz,-0.046875,2.1748036551598946
1,1,Fz,-0.04296875,2.3497318668963256
1,1,Fz,-0.0390625,2.2379933585379876
1,1,Fz,-0.03515625,1.913384796646999
1,1,Fz,-0.03125,1.3878339497451475
1,1,Fz,-0.02734375,0.8430057190551121
1,1,Fz,-0.0234375,0.47061930441877986
1,1,Fz,-0.01953125,0.3346004379780182
1,1,Fz,-0.015625,0.41632010698703126
1,1,Fz,-0.01171875,0.6230107631491717
1,1,Fz,-0.0078125,0.9155608761504842
1,1,Fz,-0.00390625,1.122338879835861
1,1,Fz,0.0,1.1970258370074638
1,1,Fz,0.00390625,1.2219091953968215
1,1,Fz,0.0078125,1.2489969757109438
1,1,Fz,0.01171875,1.275476533284471
1,1,Fz,0.015625,1.4004403668856418
1,1,Fz,0.01953125,1.6998224881118935
1,1,Fz,0.0234375,2.14099476489069
1,1,Fz,0.02734375,2.683570247531751
1,1,Fz,0.03125,3.1779992262362233
1,1,Fz,0.03515625,3.4909391646384846
1,1,Fz,0.0390625,3.5402968334926674
1,1,Fz,0.04296875,3.3778080868246
1,1,Fz,0.046875,3.134294496100855
1,1,Fz,0.05078125,2.8712675941692036
1,1,Fz,0.0546875,2.709903678931996
1,1,Fz,0.05859375,2.587834806799565
1,1,Fz,0.0625,2.4886394311168907
1,1,Fz,0.06640625,2.4528623350614907
1,1,Fz,0.0703125,2.4971329873949712
1,1,Fz,0.07421875,2.630166593269546
1,1,Fz,0.078125,2.811148450810773
1,1,Fz,0.08203125,3.050836371881777
1,1,Fz,0.0859375,3.1478931302719406
1,1,Fz,0.08984375,3.2114711063559156
1,1,Fz,0.09375,3.225388348580255
1,1,Fz,0.09765625,3.2165054713649623
1,1,Fz,0.1015625,3.2852446504323067
1,1,Fz,0.10546875,3.2198893469246794
1,1,Fz,0.109375,3.148588919130228
1,1,Fz,0.11328125,2.9342828962027454
1,1,Fz,0.1171875,2.6576615057591173
1,1,Fz,0.12109375,2.4339407864215863
1,1,Fz,0.125,2.212699228751514
1,1,Fz,0.12890625,2.230712592623737
1,1,Fz,0.1328125,2.2604129714486105
1,1,Fz,0.13671875,2.281053383933523
1,1,Fz,0.140625,2.3755115559141773
1,1,Fz,0.14453125,2.390996122623608
1,1,Fz,0.1484375,2.4163360654231507
1,1,Fz,0.15234375,2.39588474844395
1,1,Fz,0.15625,2.3358239272268455
1,1,Fz,0.16015625,2.1808145136120642
1,1,Fz,0.1640625,2.0191636044482237
1,1,Fz,0.16796875,2.0673223681618427
1,1,Fz,0.171875,2.344584374615247
1,1,Fz,0.17578125,3.0054390313012376
1,1,Fz,0.1796875,3.828533594101791
1,1,Fz,0.18359375,4.637715244350679
1,1,Fz,0.1875,5.333096500123881
1,1,Fz,0.19140625,5.76016674070385
1,1,Fz,0.1953125,5.914143073379215
1,1,Fz,0.19921875,5.78132206041815
1,1,Fz,0.203125,5.5666315995739755
1,1,Fz,0.20703125,5.30897153672832
1,1,Fz,0.2109375,5.109016691963508
1,1,Fz,0.21484375,5.080228393597839
1,1,Fz,0.21875,5.165844380403481
1,1,Fz,0.22265625,5.373632211847693
1,1,Fz,0.2265625,5.616804626250202
1,1,Fz,0.23046875,5.906433198919857
1,1,Fz,0.234375,6.198864756134492
1,1,Fz,0.23828125,6.430012189273386
1,1,Fz,0.2421875,6.5468829061618985
1,1,Fz,0.24609375,6.467917158225106
1,1,Fz,0.25,6.396141556750973
1,1,Fz,0.25390625,6.33319785185917
1,1,Fz,0.2578125,6.361951297113339
1,1,Fz,0.26171875,6.708570545240069
1,1,Fz,0.265625,7.227650054857778
1,1,Fz,0.26953125,7.849270520253855
1,1,Fz,0.2734375,8.507359382329998
1,1,Fz,0.27734375,9.0839432455654
1,1,Fz,0.28125,9.48209803056748
1,1,Fz,0.28515625,9.709551896815748
1,1,Fz,0.2890625,9.870480738997987
1,1,Fz,0.29296875,9.981352005843938
1,1,Fz,0.296875,10.140571036929076
1,1,Fz,0.30078125,10.566990383826532
1,1,Fz,0.3046875,11.268414533172134
1,1,Fz,0.30859375,12.144501630573943
1,1,Fz,0.3125,13.133359237450055
1,1,Fz,0.31640625,13.989533185556596
1,1,Fz,0.3203125,14.626311909248638
1,1,Fz,0.32421875,14.991235659364792
1,1,Fz,0.328125,15.035353281137352
1,1,Fz,0.33203125,14.920081733001211
1,1,Fz,0.3359375,14.73161256770242
1,1,Fz,0.33984375,14.559755984963582
1,1,Fz,0.34375,14.485782167335609
1,1,Fz,0.34765625,14.601182478880911
1,1,Fz,0.3515625,14.924442190773089
1,1,Fz,0.35546875,15.186380278002853
1,1,Fz,0.359375,15.302465182148541
1,1,Fz,0.36328125,15.29473937339694
1,1,Fz,0.3671875,15.06201164449932
1,1,Fz,0.37109375,14.737235268767188
1,1,Fz,0.375,14.286444843488729
1,1,Fz,0.37890625,13.656586787666631
1,1,Fz,0.3828125,12.995109975468974
1,1,Fz,0.38671875,12.317193137259084
1,1,Fz,0.390625,11.760781956653414
1,1,Fz,0.39453125,11.304074533560472
1,1,Fz,0.3984375,11.0137481961073
1,1,Fz,0.40234375,10.957176596176165
1,1,Fz,0.40625,10.995046367629241
1,1,Fz,0.41015625,11.185397799659631
1,1,Fz,0.4140625,11.241751006184316
1,1,Fz,0.41796875,11.098605864744775
1,1,Fz,0.421875,10.752184863424082
1,1,Fz,0.42578125,10.045961137060852
1,1,Fz,0.4296875,9.330122446891918
1,1,Fz,0.43359375,8.674622642956312
1,1,Fz,0.4375,8.166594873886181
1,1,Fz,0.44140625,7.980404421142807
1,1,Fz,0.4453125,8.013697298869586
1,1,Fz,0.44921875,8.228132609772945
1,1,Fz,0.453125,8.482364175072835
1,1,Fz,0.45703125,8.707251816847984
1,1,Fz,0.4609375,8.862750830166958
1,1,Fz,0.46484375,8.904744009432408
1,1,Fz,0.46875,8.76888892478257
1,1,Fz,0.47265625,8.483233113901548
1,1,Fz,0.4765625,8.213034295333669
1,1,Fz,0.48046875,7.915798754896979
1,1,Fz,0.484375,7.6830134145924625
1,1,Fz,0.48828125,7.6282192369385715
1,1,Fz,0.4921875,7.740333355026908
1,1,Fz,0.49609375,8.016160143179016
1,1,Fz,0.5,8.287433769998202
1,1,Fz,0.50390625,8.607192082580706
1,1,Fz,0.5078125,8.95299100786336
1,1,Fz,0.51171875,9.05485725862767
1,1,Fz,0.515625,9.11973699840448
1,1,Fz,0.51953125,9.19622646999335
1,1,Fz,0.5234375,9.164120254904294
1,1,Fz,0.52734375,9.276810098391781
1,1,Fz,0.53125,9.426199134524856
1,1,Fz,0.53515625,9.672687936437097
1,1,Fz,0.5390625,10.20836392269082
1,1,Fz,0.54296875,10.767631782279956
1,1,Fz,0.546875,11.32445738892462
1,1,Fz,0.55078125,11.757441930618146
1,1,Fz,0.5546875,12.068871177880636
1,1,Fz,0.55859375,12.431113823928833
1,1,Fz,0.5625,12.765246075524626
1,1,Fz,0.56640625,13.12295352910869
1,1,Fz,0.5703125,13.407727006224839
1,1,Fz,0.57421875,13.660535655279952
1,1,Fz,0.578125,13.958204782959687
1,1,Fz,0.58203125,14.225528208264148
1,1,Fz,0.5859375,14.578418702352035
1,1,Fz,0.58984375,14.852066959119306
1,1,Fz,0.59375,15.071906298990525
1,1,Fz,0.59765625,15.463595222879018
1,1,Fz,0.6015625,15.951160461936325
1,1,Fz,0.60546875,16.515874225760584
1,1,Fz,0.609375,17.181077727485466
1,1,Fz,0.61328125,17.92071957258235
1,1,Fz,0.6171875,18.606323783341086
1,1,Fz,0.62109375,19.226859459158977
1,1,Fz,0.625,19.800567002247245
1,1,Fz,0.62890625,20.295818230805104
1,1,Fz,0.6328125,20.71823714151249
1,1,Fz,0.63671875,21.204515369865245
1,1,Fz,0.640625,21.821317077739945
1,1,Fz,0.64453125,22.392463448197624
1,1,Fz,0.6484375,23.077865709934738
1,1,Fz,0.65234375,23.770423733983755
1,1,Fz,0.65625,24.35918033702518
1,1,Fz,0.66015625,25.001046566155452
1,1,Fz,0.6640625,25.530741085371186
1,1,Fz,0.66796875,26.119346874774195
1,1,Fz,0.671875,26.6799190478587
1,1,Fz,0.67578125,27.159273553173307
1,1,Fz,0.6796875,27.637153850145587
1,1,Fz,0.68359375,27.900640980493677
1,1,Fz,0.6875,28.131341275818006
1,1,Fz,0.69140625,28.222799243229954
1,1,Fz,0.6953125,28.24012029392145
1,1,Fz,0.69921875,28.300205492282462
1,1,Fz,0.703125,28.331493586589247
1,1,Fz,0.70703125,28.533566513148156
1,1,Fz,0.7109375,28.768582408840988
1,1,Fz,0.71484375,29.135697775391424
1,1,Fz,0.71875,29.65173158306052
1,1,Fz,0.72265625,30.192075530190966
1,1,Fz,0.7265625,30.85032376979491
1,1,Fz,0.73046875,31.4345010355622
1,1,Fz,0.734375,31.97712260586005
1,1,Fz,0.73828125,32.53861163085828
1,1,Fz,0.7421875,33.06342912234062
1,1,Fz,0.74609375,33.53636285570906
1,1,Fz,0.75,33.904234455132226
1,1,Fz,0.75390625,34.212057857411665
1,1,Fz,0.7578125,34.409847115950996
1,1,Fz,0.76171875,34.53178015234964
1,1,Fz,0.765625,34.58695143188589
1,1,Fz,0.76953125,34.585827021478615
1,1,Fz,0.7734375,34.68835568729848
1,1,Fz,0.77734375,34.87360133837825
1,1,Fz,0.78125,35.09038165455176
1,1,Fz,0.78515625,35.28907227297011
1,1,Fz,0.7890625,35.443128810210105
1,1,Fz,0.79296875,35.58707837612094
1,1,Fz,0.796875,35.75524584904146
1,1,Fz,0.80078125,35.95078986363527
1,1,F4,-0.19921875,1.209625826493944
1,1,F4,-0.1953125,1.5083077284512472
1,1,F4,-0.19140625,1.8812289231712942
1,1,F4,-0.1875,2.2211602996933357
1,1,F4,-0.18359375,2.481117522102911
1,1,F4,-0.1796875,2.5377617589102472
1,1,F4,-0.17578125,2.396613416330641
1,1,F4,-0.171875,2.324408263082477
1,1,F4,-0.16796875,2.197897765388663
1,1,F4,-0.1640625,2.030236858459036
1,1,F4,-0.16015625,1.8851307542463913
1,1,F4,-0.15625,1.5693691941488432
1,1,F4,-0.15234375,1.2602329823542786
1,1,F4,-0.1484375,0.9094759881245256
1,1,F4,-0.14453125,0.4908119195355014
1,1,F4,-0.140625,0.16138269416826023
1,1,F4,-0.13671875,-0.18365449593900895
1,1,F4,-0.1328125,-0.478549821288482
1,1,F4,-0.12890625,-0.7469437470774258
1,1,F4,-0.125,-1.0567061961587523
1,1,F4,-0.12109375,-1.367366274887532
1,1,F4,-0.1171875,-1.7070641765793781
1,1,F4,-0.11328125,-1.8913397848680025
1,1,F4,-0.109375,-1.7941208585484574
1,1,F4,-0.10546875,-1.5924449366026376
1,1,F4,-0.1015625,-1.2839577228932062
1,1,F4,-0.09765625,-0.8749231858692539
1,1,F4,-0.09375,-0.43453234498724086
1,1,F4,-0.08984375,-0.011409675363878435
1,1,F4,-0.0859375,0.2133097308014137
1,1,F4,-0.08203125,0.3217522458108899
1,1,F4,-0.078125,0.2590092852811515
1,1,F4,-0.07421875,0.0924814182929874
1,1,F4,-0.0703125,-0.10550690968653176
1,1,F4,-0.06640625,-0.3226747320385896
1,1,F4,-0.0625,-0.3926510027926166
1,1,F4,-0.05859375,-0.4736430272938827
1,1,F4,-0.0546875,-0.3535576688950145
1,1,F4,-0.05078125,-0.1589807739441493
1,1,F4,-0.046875,-0.01601089045966622
1,1,F4,-0.04296875,0.14868848016870392
1,1,F4,-0.0390625,0.0786203462657721
1,1,F4,-0.03515625,-0.13394468460863337
1,1,F4,-0.03125,-0.5375090455922664
1,1,F4,-0.02734375,-1.0561339996786667
1,1,F4,-0.0234375,-1.5233912976870194
1,1,F4,-0.01953125,-1.831299851763485
1,1,F4,-0.015625,-1.9680704966809883
1,1,F4,-0.01171875,-1.993380335568071
1,1,F4,-0.0078125,-1.927234847821282
1,1,F4,-0.00390625,-1.96162061570822
1,1,F4,0.0,-2.1092784792534482
1,1,F4,0.00390625,-2.266815434518057
1,1,F4,0.0078125,-2.3364505220180276
1,1,F4,0.01171875,-2.420644189277959
1,1,F4,0.015625,-2.4330769787033453
1,1,F4,0.01953125,-2.2221223951945754
1,1,F4,0.0234375,-1.9531467061225476
1,1,F4,0.02734375,-1.6200143718688802
1,1,F4,0.03125,-1.3006695754486217
1,1,F4,0.03515625,-1.1514314892194584
1,1,F4,0.0390625,-1.2518755040302572
1,1,F4,0.04296875,-1.5617751226955672
1,1,F4,0.046875,-1.9375022539631503
1,1,F4,0.05078125,-2.319192218480959
1,1,F4,0.0546875,-2.5314447989386437
1,1,F4,0.05859375,-2.641266057280476
1,1,F4,0.0625,-2.77757042755352
1,1,F4,0.06640625,-2.9377114701606155
1,1,F4,0.0703125,-3.0895306617733262
1,1,F4,0.07421875,-3.2448528049975045
1,1,F4,0.078125,-3.4463204377914014
1,1,F4,0.08203125,-3.59731949165677
1,1,F4,0.0859375,-3.838510398817551
1,1,F4,0.08984375,-4.0635352757303345
1,1,F4,0.09375,-4.304221878951199
1,1,F4,0.09765625,-4.550899746945242
1,1,F4,0.1015625,-4.691149418047836
1,1,F4,0.10546875,-5.02788700345781
1,1,F4,0.109375,-5.38464877355845
1,1,F4,0.11328125,-5.829193578567394
1,1,F4,0.1171875,-6.3926987044885735
1,1,F4,0.12109375,-6.905329579470475
1,1,F4,0.125,-7.431756881929914
1,1,F4,0.12890625,-7.712707949758464
1,1,F4,0.1328125,-7.944585091227884
1,1,F4,0.13671875,-8.184105902836162
1,1,F4,0.140625,-8.234113037541112
1,1,F4,0.14453125,-8.368139366234429
1,1,F4,0.1484375,-8.538028035871426
1,1,F4,0.15234375,-8.722093616662123
1,1,F4,0.15625,-8.980457244862349
1,1,F4,0.16015625,-9.294286915904802
1,1,F4,0.1640625,-9.620965763435757
1,1,F4,0.16796875,-9.765075689114902
1,1,F4,0.171875,-9.720897056397948
1,1,F4,0.17578125,-9.400803205876306
1,1,F4,0.1796875,-8.851513501392217
1,1,F4,0.18359375,-8.30691766340854
1,1,F4,0.1875,-7.916685300408899
1,1,F4,0.19140625,-7.779857341420054
1,1,F4,0.1953125,-7.921879941942403
1,1,F4,0.19921875,-8.271979913068867
1,1,F4,0.203125,-8.622802038875081
1,1,F4,0.20703125,-8.942968375486153
1,1,F4,0.2109375,-9.220246092688724
1,1,F4,0.21484375,-9.415377716544533
1,1,F4,0.21875,-9.568127086020672
1,1,F4,0.22265625,-9.653752157595436
1,1,F4,0.2265625,-9.788533848362684
1,1,F4,0.23046875,-9.974628616676933
1,1,F4,0.234375,-10.184489068543206
1,1,F4,0.23828125,-10.41530090566754
1,1,F4,0.2421875,-10.60162702407688
1,1,F4,0.24609375,-10.859035760464277
1,1,F4,0.25,-11.060307364751463
1,1,F4,0.25390625,-11.231372426053177
1,1,F4,0.2578125,-11.362035515464129
1,1,F4,0.26171875,-11.186055262640355
1,1,F4,0.265625,-10.860514492509902
1,1,F4,0.26953125,-10.471176815217824
1,1,F4,0.2734375,-10.018131788893314
1,1,F4,0.27734375,-9.656619716413283
1,1,F4,0.28125,-9.467960852254619
1,1,F4,0.28515625,-9.444454320686443
1,1,F4,0.2890625,-9.554300040438203
1,1,F4,0.29296875,-9.761864949430755
1,1,F4,0.296875,-9.91360451420761
1,1,F4,0.30078125,-9.71111764325201
1,1,F4,0.3046875,-9.202570584911946
1,1,F4,0.30859375,-8.556410132954403
1,1,F4,0.3125,-7.802538615027682
1,1,F4,0.31640625,-7.199632969810169
1,1,F4,0.3203125,-6.8205193166412
1,1,F4,0.32421875,-6.720203914891869
1,1,F4,0.328125,-6.897421488054061
1,1,F4,0.33203125,-7.163613379121531
1,1,F4,0.3359375,-7.548532631540597
1,1,F4,0.33984375,-7.935886282647063
1,1,F4,0.34375,-8.199622967947553
1,1,F4,0.34765625,-8.345415385372695
1,1,F4,0.3515625,-8.269405826110358
1,1,F4,0.35546875,-8.230511009670117
1,1,F4,0.359375,-8.387045809411001
1,1,F4,0.36328125,-8.644718207834046
1,1,F4,0.3671875,-9.124565626841019
1,1,F4,0.37109375,-9.644098132901902
1,1,F4,0.375,-10.252968317078285
1,1,F4,0.37890625,-11.035076885352908
1,1,F4,0.3828125,-11.800010762584321
1,1,F4,0.38671875,-12.563205607024102
1,1,F4,0.390625,-13.16814240953244
1,1,F4,0.39453125,-13.6622773960542
1,1,F4,0.3984375,-14.005826908111905
1,1,F4,0.40234375,-14.163460793054522
1,1,F4,0.40625,-14.304755283509689
1,1,F4,0.41015625,-14.337046449733617
1,1,F4,0.4140625,-14.479972479888898
1,1,F4,0.41796875,-14.783582688833235
1,1,F4,0.421875,-15.27680126565696
1,1,F4,0.42578125,-16.086528650276733
1,1,F4,0.4296875,-16.89376835147125
1,1,F4,0.43359375,-17.68866001330952
1,1,F4,0.4375,-18.381798760443402
1,1,F4,0.44140625,-18.821069508143424
1,1,F4,0.4453125,-19.09608708621622
1,1,F4,0.44921875,-19.176852427832294
1,1,F4,0.453125,-19.178011136657226
1,1,F4,0.45703125,-19.099325444292425
1,1,F4,0.4609375,-19.0066374014159
1,1,F4,0.46484375,-19.035176182557237
1,1,F4,0.46875,-19.25736545653445
1,1,F4,0.47265625,-19.684488600892692
1,1,F4,0.4765625,-20.126916895833617
1,1,F4,0.48046875,-20.644419785222016
1,1,F4,0.484375,-21.150039560682657
1,1,F4,0.48828125,-21.463763993032625
1,1,F4,0.4921875,-21.603735251273392
1,1,F4,0.49609375,-21.542312087389025
1,1,F4,0.5,-21.419506996029916
1,1,F4,0.50390625,-21.242600910166498
1,1,F4,0.5078125,-21.05921788586868
1,1,F4,0.51171875,-21.037895429886767
1,1,F4,0.515625,-21.002226678084014
1,1,F4,0.51953125,-20.971908820609364
1,1,F4,0.5234375,-21.03771404254769
1,1,F4,0.52734375,-20.97751732468046
1,1,F4,0.53125,-20.907115517797923
1,1,F4,0.53515625,-20.806349158058566
1,1,F4,0.5390625,-20.470443964870153
1,1,F4,0.54296875,-20.10700799400136
1,1,F4,0.546875,-19.743649826657673
1,1,F4,0.55078125,-19.484381361741555
1,1,F4,0.5546875,-19.328174640623658
1,1,F4,0.55859375,-19.099304031409428
1,1,F4,0.5625,-18.90778216778739
1,1,F4,0.56640625,-18.69391712775279
1,1,F4,0.5703125,-18.51853147002776
1,1,F4,0.57421875,-18.393932879962403
1,1,F4,0.578125,-18.253709692244342
1,1,F4,0.58203125,-18.12872141032078
1,1,F4,0.5859375,-17.881151930757987
1,1,F4,0.58984375,-17.64144915371455
1,1,F4,0.59375,-17.350076973457096
1,1,F4,0.59765625,-16.821540913488548
1,1,F4,0.6015625,-16.167249054771673
1,1,F4,0.60546875,-15.371837444983917
1,1,F4,0.609375,-14.431550448357827
1,1,F4,0.61328125,-13.492021972210338
1,1,F4,0.6171875,-12.699361401410817
1,1,F4,0.62109375,-12.015322814379898
1,1,F4,0.625,-11.438633940500914
1,1,F4,0.62890625,-10.884614538722529
1,1,F4,0.6328125,-10.251930883377398
1,1,F4,0.63671875,-9.553215838629434
1,1,F4,0.640625,-8.728589891928774
1,1,F4,0.64453125,-7.878129696028971
1,1,F4,0.6484375,-6.881630604699414
1,1,F4,0.65234375,-5.845135674625338
1,1,F4,0.65625,-4.969128654051573
1,1,F4,0.66015625,-4.178459128566004
1,1,F4,0.6640625,-3.6394102117782214
1,1,F4,0.66796875,-3.1124316485148764
1,1,F4,0.671875,-2.577814553109519
1,1,F4,0.67578125,-2.1477048711440343
1,1,F4,0.6796875,-1.721891171751837
1,1,F4,0.68359375,-1.4498358803285694
1,1,F4,0.6875,-1.2541860260265967
1,1,F4,0.69140625,-1.230219783807943
1,1,F4,0.6953125,-1.2997054043924159
1,1,F4,0.69921875,-1.3243766216071222
1,1,F4,0.703125,-1.337214334805151
1,1,F4,0.70703125,-1.1729314990286204
1,1,F4,0.7109375,-1.0058044858519155
1,1,F4,0.71484375,-0.722283585866986
1,1,F4,0.71875,-0.23301174448940198
1,1,F4,0.72265625,0.24624361739280687
1,1,F4,0.7265625,0.8125605883832501
1,1,F4,0.73046875,1.3095665798709986
1,1,F4,0.734375,1.701835063884265
1,1,F4,0.73828125,2.072919725248175
1,1,F4,0.7421875,2.379965289934583
1,1,F4,0.74609375,2.604394276389465
1,1,F4,0.75,2.7933090027350875
1,1,F4,0.75390625,3.0550782344717637
1,1,F4,0.7578125,3.226347161171149
1,1,F4,0.76171875,3.3227108140580994
1,1,F4,0.765625,3.4068108344727954
1,1,F4,0.76953125,3.4675510461305947
1,1,F4,0.7734375,3.594454712705145
1,1,F4,0.77734375,3.8032865367725797
1,1,F4,0.78125,4.0776552158875585
1,1,F4,0.78515625,4.260430143078075
1,1,F4,0.7890625,4.3691478143899385
1,1,F4,0.79296875,4.380052690470377
1,1,F4,0.796875,4.334575802129156
1,1,F4,0.80078125,4.287560834952463
2,-1,F3,-0.19921875,2.3935811335779915
2,-1,F3,-0.1953125,2.494152962550668
2,-1,F3,-0.19140625,2.5675232897856133
2,-1,F3,-0.1875,2.6093325163750314
2,-1,F3,-0.18359375,2.638682446611858
2,-1,F3,-0.1796875,2.7654290189600688
2,-1,F3,-0.17578125,2.730294764557956
2,-1,F3,-0.171875,2.6250055152531724
2,-1,F3,-0.16796875,2.347585692468045
2,-1,F3,-0.1640625,1.8673594478298143
2,-1,F3,-0.16015625,1.2925141140696457
2,-1,F3,-0.15625,0.6741884207797785
2,-1,F3,-0.15234375,0.33767597011501893
2,-1,F3,-0.1484375,0.18699156855738
2,-1,F3,-0.14453125,0.23975461612771137
2,-1,F3,-0.140625,0.5159523224002323
2,-1,F3,-0.13671875,0.8468990522030346
2,-1,F3,-0.1328125,1.2066601582405907
2,-1,F3,-0.12890625,1.4044277358979653
2,-1,F3,-0.125,1.5251127991295683
2,-1,F3,-0.12109375,1.6137916869951718
2,-1,F3,-0.1171875,1.613552451306116
2,-1,F3,-0.11328125,1.5472447892028631
2,-1,F3,-0.109375,1.3240279065269918
2,-1,F3,-0.10546875,1.0060634261822834
2,-1,F3,-0.1015625,0.48821891036405457
2,-1,F3,-0.09765625,-0.12271390152340386
2,-1,F3,-0.09375,-0.5658208720882142
2,-1,F3,-0.08984375,-0.9291590873729225
2,-1,F3,-0.0859375,-1.1327749175442652
2,-1,F3,-0.08203125,-1.1842387626081434
2,-1,F3,-0.078125,-1.2675113501744528
2,-1,F3,-0.07421875,-1.3720827268121283
2,-1,F3,-0.0703125,-1.5904331610280564
2,-1,F3,-0.06640625,-1.8684708651950312
2,-1,F3,-0.0625,-2.0693431950348837
2,-1,F3,-0.05859375,-2.3427888883884203
2,-1,F3,-0.0546875,-2.6094470076775442
2,-1,F3,-0.05078125,-2.6861223964621113
2,-1,F3,-0.046875,-2.551641127787014
2,-1,F3,-0.04296875,-2.251577386772917
2,-1,F3,-0.0390625,-1.8099667759945934
2,-1,F3,-0.03515625,-1.3060643653057928
2,-1,F3,-0.03125,-0.9326650676226396
2,-1,F3,-0.02734375,-0.7693232612447148
2,-1,F3,-0.0234375,-0.8147599016875829
2,-1,F3,-0.01953125,-1.0705413439111857
2,-1,F3,-0.015625,-1.543052360788875
2,-1,F3,-0.01171875,-2.093691640942744
2,-1,F3,-0.0078125,-2.7222467031560837
2,-1,F3,-0.00390625,-3.255585648944704
2,-1,F3,0.0,-3.6589725396692714
2,-1,F3,0.00390625,-4.179019219381912
2,-1,F3,0.0078125,-4.636012126109244
2,-1,F3,0.01171875,-5.120336224817085
2,-1,F3,0.015625,-5.680301544204279
2,-1,F3,0.01953125,-6.271921127691148
2,-1,F3,0.0234375,-6.881810529481779
2,-1,F3,0.02734375,-7.334747141456449
2,-1,F3,0.03125,-7.58043370968042
2,-1,F3,0.03515625,-7.6025146308395914
2,-1,F3,0.0390625,-7.488930890466743
2,-1,F3,0.04296875,-7.349508185999975
2,-1,F3,0.046875,-7.238634002474898
2,-1,F3,0.05078125,-7.068054018828503
2,-1,F3,0.0546875,-6.898791374612221
2,-1,F3,0.05859375,-6.84713372555105
2,-1,F3,0.0625,-6.813869291247715
2,-1,F3,0.06640625,-6.797239832696712
2,-1,F3,0.0703125,-6.773303929461572
2,-1,F3,0.07421875,-6.671247180833285
2,-1,F3,0.078125,-6.590449529955718
2,-1,F3,0.08203125,-6.494881717163311
2,-1,F3,0.0859375,-6.433952714930213
2,-1,F3,0.08984375,-6.5454245758802525
2,-1,F3,0.09375,-6.721134083331159
2,-1,F3,0.09765625,-6.981741935934051
2,-1,F3,0.1015625,-7.313494804113448
2,-1,F3,0.10546875,-7.661878021502532
2,-1,F3,0.109375,-8.010840711680368
2,-1,F3,0.11328125,-8.248860632084899
2,-1,F3,0.1171875,-8.471401699655068
2,-1,F3,0.12109375,-8.75787492867047
2,-1,F3,0.125,-9.032220270798645
2,-1,F3,0.12890625,-9.40363288578962
2,-1,F3,0.1328125,-9.843265213289213
2,-1,F3,0.13671875,-10.300033806563711
2,-1,F3,0.140625,-10.755839491551503
2,-1,F3,0.14453125,-11.115365265727323
2,-1,F3,0.1484375,-11.40294641278745
2,-1,F3,0.15234375,-11.63257209592375
2,-1,F3,0.15625,-11.864659381340417
2,-1,F3,0.16015625,-12.016043451832124
2,-1,F3,0.1640625,-12.242490692989648
2,-1,F3,0.16796875,-12.64092794529644
2,-1,F3,0.171875,-13.085732151342516
2,-1,F3,0.17578125,-13.628315144746592
2,-1,F3,0.1796875,-14.136850331222696
2,-1,F3,0.18359375,-14.648181356283326
2,-1,F3,0.1875,-15.138237025997237
2,-1,F3,0.19140625,-15.520479140840715
2,-1,F3,0.1953125,-15.819793684849095
2,-1,F3,0.19921875,-15.996696779403992
2,-1,F3,0.203125,-16.32553209950917
2,-1,F3,0.20703125,-16.81926046259335
2,-1,F3,0.2109375,-17.35758799536713
2,-1,F3,0.21484375,-17.96243557384223
2,-1,F3,0.21875,-18.469053290721984
2,-1,F3,0.22265625,-18.983848179330884
2,-1,F3,0.2265625,-19.421906547928277
2,-1,F3,0.23046875,-19.70141075421872
2,-1,F3,0.234375,-19.854394299812842
2,-1,F3,0.23828125,-19.688870473968848
2,-1,F3,0.2421875,-19.382366940169575
2,-1,F3,0.24609375,-19.012858278656
2,-1,F3,0.25,-18.616764490139992
2,-1,F3,0.25390625,-18.337911932170144
2,-1,F3,0.2578125,-18.060863120307307
2,-1,F3,0.26171875,-17.78623923291583
2,-1,F3,0.265625,-17.465813951244442
2,-1,F3,0.26953125,-17.06231433544085
2,-1,F3,0.2734375,-16.689645578680988
2,-1,F3,0.27734375,-16.337984690430815
2,-1,F3,0.28125,-16.03905547130854
2,-1,F3,0.28515625,-15.688853985912749
2,-1,F3,0.2890625,-15.331330297849911
2,-1,F3,0.29296875,-14.974741354016237
2,-1,F3,0.296875,-14.595345903805846
2,-1,F3,0.30078125,-14.414561880696954
2,-1,F3,0.3046875,-14.3438400966461
2,-1,F3,0.30859375,-14.48952384764885
2,-1,F3,0.3125,-14.81238852243127
2,-1,F3,0.31640625,-15.16519737698412
2,-1,F3,0.3203125,-15.58536953238643
2,-1,F3,0.32421875,-15.943728580514378
2,-1,F3,0.328125,-16.218987289944298
2,-1,F3,0.33203125,-16.30229688733502
2,-1,F3,0.3359375,-16.25143847535341
2,-1,F3,0.33984375,-16.109138143676027
2,-1,F3,0.34375,-15.852098633539498
2,-1,F3,0.34765625,-15.800518735021043
2,-1,F3,0.3515625,-15.820853388820636
2,-1,F3,0.35546875,-15.806161530901342
2,-1,F3,0.359375,-15.983867847423431
2,-1,F3,0.36328125,-16.119440099044812
2,-1,F3,0.3671875,-16.233339933678977
2,-1,F3,0.37109375,-16.37880047163923
2,-1,F3,0.375,-16.501209458560805
2,-1,F3,0.37890625,-16.799573697950954
2,-1,F3,0.3828125,-17.10178864409191
2,-1,F3,0.38671875,-17.601523612576795
2,-1,F3,0.390625,-18.39382305923455
2,-1,F3,0.39453125,-19.104912580392114
2,-1,F3,0.3984375,-19.934508485537663
2,-1,F3,0.40234375,-20.665675061725516
2,-1,F3,0.40625,-21.234218546873926
2,-1,F3,0.41015625,-21.840513423739715
2,-1,F3,0.4140625,-22.28181012793249
2,-1,F3,0.41796875,-22.698276437587488
2,-1,F3,0.421875,-23.005833882769114
2,-1,F3,0.42578125,-23.215232900090612
2,-1,F3,0.4296875,-23.29923028651544
2,-1,F3,0.43359375,-23.238472003082776
2,-1,F3,0.4375,-23.17179338876368
2,-1,F3,0.44140625,-22.950452629969803
2,-1,F3,0.4453125,-22.659928126750728
2,-1,F3,0.44921875,-22.307302860858115
2,-1,F3,0.453125,-21.89899909485347
2,-1,F3,0.45703125,-21.543714488907813
2,-1,F3,0.4609375,-21.155017604206556
2,-1,F3,0.46484375,-20.611684701658902
2,-1,F3,0.46875,-19.831933896311497
2,-1,F3,0.47265625,-18.790034040715668
2,-1,F3,0.4765625,-17.51498503060145
2,-1,F3,0.48046875,-16.099125343716878
2,-1,F3,0.484375,-14.697409681930896
2,-1,F3,0.48828125,-13.380216049431032
2,-1,F3,0.4921875,-12.158925225297558
2,-1,F3,0.49609375,-11.073007510980965
2,-1,F3,0.5,-10.094529124962712
2,-1,F3,0.50390625,-9.143309911816399
2,-1,F3,0.5078125,-8.126612576147838
2,-1,F3,0.51171875,-6.921863978590119
2,-1,F3,0.515625,-5.439096946498109
2,-1,F3,0.51953125,-3.887391499026112
2,-1,F3,0.5234375,-2.360448069008319
2,-1,F3,0.52734375,-0.9613909210269469
2,-1,F3,0.53125,0.24130573542432288
2,-1,F3,0.53515625,1.4280893876357865
2,-1,F3,0.5390625,2.586694469798978
2,-1,F3,0.54296875,3.8189363763793533
2,-1,F3,0.546875,5.256318705023354
2,-1,F3,0.55078125,6.996798327588264
2,-1,F3,0.5546875,8.995402584808957
2,-1,F3,0.55859375,11.230792202267256
2,-1,F3,0.5625,13.715702862351211
2,-1,F3,0.56640625,16.213289258897127
2,-1,F3,0.5703125,18.56782336204465
2,-1,F3,0.57421875,20.588932461184058
2,-1,F3,0.578125,22.23531680143565
2,-1,F3,0.58203125,23.751561804288364
2,-1,F3,0.5859375,25.20924721442296
2,-1,F3,0.58984375,26.70073506717405
2,-1,F3,0.59375,28.389796641809163
2,-1,F3,0.59765625,30.19062196609071
2,-1,F3,0.6015625,31.981489525014865
2,-1,F3,0.60546875,33.67278622626666
2,-1,F3,0.609375,35.194321444075406
2,-1,F3,0.61328125,36.40413926149834
2,-1,F3,0.6171875,37.238239294964394
2,-1,F3,0.62109375,37.867480068535855
2,-1,F3,0.625,38.32042748138649
2,-1,F3,0.62890625,38.71147497294485
2,-1,F3,0.6328125,39.13032708159926
2,-1,F3,0.63671875,39.57401115313887
2,-1,F3,0.640625,40.16358300387105
2,-1,F3,0.64453125,40.756760827450485
2,-1,F3,0.6484375,41.27564959925547
2,-1,F3,0.65234375,41.711842031184176
2,-1,F3,0.65625,42.00527024371836
2,-1,F3,0.66015625,42.18874694223182
2,-1,F3,0.6640625,42.25475554674198
2,-1,F3,0.66796875,42.199138170453914
2,-1,F3,0.671875,41.94401805680076
2,-1,F3,0.67578125,41.488307786116124
2,-1,F3,0.6796875,40.866818624786355
2,-1,F3,0.68359375,40.11189351612696
2,-1,F3,0.6875,39.33494865715704
2,-1,F3,0.69140625,38.50347824552387
2,-1,F3,0.6953125,37.705922048269606
2,-1,F3,0.69921875,37.01371440192538
2,-1,F3,0.703125,36.45622740048861
2,-1,F3,0.70703125,36.12709259418917
2,-1,F3,0.7109375,35.77230868822131
2,-1,F3,0.71484375,35.329917284281485
2,-1,F3,0.71875,34.67988026863007
2,-1,F3,0.72265625,33.8053245580585
2,-1,F3,0.7265625,33.01164838130826
2,-1,F3,0.73046875,32.35315516456471
2,-1,F3,0.734375,31.982997454874944
2,-1,F3,0.73828125,31.800695508206225
2,-1,F3,0.7421875,31.530665713270203
2,-1,F3,0.74609375,31.128864706603245
2,-1,F3,0.75,30.58757106862514
2,-1,F3,0.75390625,29.853073892805423
2,-1,F3,0.7578125,29.003587135553566
2,-1,F3,0.76171875,28.12982995469797
2,-1,F3,0.765625,27.23013346161416
2,-1,F3,0.76953125,26.36057445796878
2,-1,F3,0.7734375,25.639159168604138
2,-1,F3,0.77734375,25.037222741874416
2,-1,F3,0.78125,24.37300189189745
2,-1,F3,0.78515625,23.780248254453674
2,-1,F3,0.7890625,23.16984371156022
2,-1,F3,0.79296875,22.504605027661146
2,-1,F3,0.796875,21.914572765840877
2,-1,F3,0.80078125,21.189952476687868
2,-1,Fz,-0.19921875,-0.5897480930740584
2,-1,Fz,-0.1953125,-0.49125109273867085
2,-1,Fz,-0.19140625,-0.38776727070236694
2,-1,Fz,-0.1875,-0.31696184594836374
2,-1,Fz,-0.18359375,-0.18948175896342045
2,-1,Fz,-0.1796875,0.07524145511613656
2,-1,Fz,-0.17578125,0.2527241084799478
2,-1,Fz,-0.171875,0.33409558250527455
2,-1,Fz,-0.16796875,0.14725542305903894
2,-1,Fz,-0.1640625,-0.20886910261153607
2,-1,Fz,-0.16015625,-0.6000124843164414
2,-1,Fz,-0.15625,-0.9727002290786546
2,-1,Fz,-0.15234375,-1.0643378973008835
2,-1,Fz,-0.1484375,-0.9892344699543635
2,-1,Fz,-0.14453125,-0.6888280827723834
2,-1,Fz,-0.140625,-0.22709118467315448
2,-1,Fz,-0.13671875,0.2775232122996656
2,-1,Fz,-0.1328125,0.8389530482297614
2,-1,Fz,-0.12890625,1.1936768693864843
2,-1,Fz,-0.125,1.391396709342264
2,-1,Fz,-0.12109375,1.4424923915664856
2,-1,Fz,-0.1171875,1.3424617805114476
2,-1,Fz,-0.11328125,1.1919052010377524
2,-1,Fz,-0.109375,0.9019579837293796
2,-1,Fz,-0.10546875,0.4836512627180126
2,-1,Fz,-0.1015625,-0.1233561484980456
2,-1,Fz,-0.09765625,-0.701427069660072
2,-1,Fz,-0.09375,-1.084242249919408
2,-1,Fz,-0.08984375,-1.3606375800659256
2,-1,Fz,-0.0859375,-1.3479613155034098
2,-1,Fz,-0.08203125,-1.1504775057992969
2,-1,Fz,-0.078125,-0.9894724951762642
2,-1,Fz,-0.07421875,-0.8446055613964664
2,-1,Fz,-0.0703125,-0.8326590172358368
2,-1,Fz,-0.06640625,-0.8822166715171219
2,-1,Fz,-0.0625,-0.84437198055363
2,-1,Fz,-0.05859375,-0.8895063050079396
2,-1,Fz,-0.0546875,-0.8989120984617648
2,-1,Fz,-0.05078125,-0.7163536805266335
2,-1,Fz,-0.046875,-0.44766403491851486
2,-1,Fz,-0.04296875,-0.0455090388389181
2,-1,Fz,-0.0390625,0.49744546019989166
2,-1,Fz,-0.03515625,1.0232900807529235
2,-1,Fz,-0.03125,1.406401307000816
2,-1,Fz,-0.02734375,1.6258784339487495
2,-1,Fz,-0.0234375,1.6931668029330462
2,-1,Fz,-0.01953125,1.5553362747294954
2,-1,Fz,-0.015625,1.2162563764317862
2,-1,Fz,-0.01171875,0.8244478279461133
2,-1,Fz,-0.0078125,0.3127101406417381
2,-1,Fz,-0.00390625,-0.1426114673527501
2,-1,Fz,0.0,-0.43772393075419425
2,-1,Fz,0.00390625,-0.7802822684404607
2,-1,Fz,0.0078125,-1.048063265315732
2,-1,Fz,0.01171875,-1.3587349787309018
2,-1,Fz,0.015625,-1.717326490913699
2,-1,Fz,0.01953125,-2.085894513899436
2,-1,Fz,0.0234375,-2.532716000068895
2,-1,Fz,0.02734375,-2.8875630448997085
2,-1,Fz,0.03125,-3.082322498239583
2,-1,Fz,0.03515625,-3.0779711017747715
2,-1,Fz,0.0390625,-2.9078736772574
2,-1,Fz,0.04296875,-2.6081123981764947
2,-1,Fz,0.046875,-2.221485571954082
2,-1,Fz,0.05078125,-1.7621764699903975
2,-1,Fz,0.0546875,-1.2268997150801901
2,-1,Fz,0.05859375,-0.8017456189398648
2,-1,Fz,0.0625,-0.4590755236088471
2,-1,Fz,0.06640625,-0.14210231781828486
2,-1,Fz,0.0703125,0.10598971640261626
2,-1,Fz,0.07421875,0.3972834128381032
2,-1,Fz,0.078125,0.5674798753389222
2,-1,Fz,0.08203125,0.6768837233028029
2,-1,Fz,0.0859375,0.7998945950999427
2,-1,Fz,0.08984375,0.8052697323578702
2,-1,Fz,0.09375,0.8457282327724254
2,-1,Fz,0.09765625,0.7967266844485587
2,-1,Fz,0.1015625,0.674991560972439
2,-1,Fz,0.10546875,0.6111382088622813
2,-1,Fz,0.109375,0.45538032374145165
2,-1,Fz,0.11328125,0.28725461345786185
2,-1,Fz,0.1171875,0.1235829031145087
2,-1,Fz,0.12109375,-0.08632252357442605
2,-1,Fz,0.125,-0.2459105563491718
2,-1,Fz,0.12890625,-0.5051545086873195
2,-1,Fz,0.1328125,-0.8259628585909189
2,-1,Fz,0.13671875,-1.1332899524884796
2,-1,Fz,0.140625,-1.4103042096686005
2,-1,Fz,0.14453125,-1.5019140193898683
2,-1,Fz,0.1484375,-1.5310286757000648
2,-1,Fz,0.15234375,-1.4771165839309985
2,-1,Fz,0.15625,-1.344570023845006
2,-1,Fz,0.16015625,-1.1596357586765798
2,-1,Fz,0.1640625,-0.9871731010109394
2,-1,Fz,0.16796875,-0.9598743476006826
2,-1,Fz,0.171875,-1.0356684492462145
2,-1,Fz,0.17578125,-1.2591585588798413
2,-1,Fz,0.1796875,-1.5331880017282362
2,-1,Fz,0.18359375,-1.8497332433077325
2,-1,Fz,0.1875,-2.255659596156039
2,-1,Fz,0.19140625,-2.594112325616782
2,-1,Fz,0.1953125,-2.7861261481587825
2,-1,Fz,0.19921875,-2.8648851167575002
2,-1,Fz,0.203125,-2.934474252581323
2,-1,Fz,0.20703125,-3.0490704347229
2,-1,Fz,0.2109375,-3.2417707099450457
2,-1,Fz,0.21484375,-3.5342077833992254
2,-1,Fz,0.21875,-3.8502373333046918
2,-1,Fz,0.22265625,-4.186031078756003
2,-1,Fz,0.2265625,-4.493437640474111
2,-1,Fz,0.23046875,-4.738225041291267
2,-1,Fz,0.234375,-4.845129231567214
2,-1,Fz,0.23828125,-4.673328791030972
2,-1,Fz,0.2421875,-4.295279157633387
2,-1,Fz,0.24609375,-3.7508795769965895
2,-1,Fz,0.25,-3.158533898102321
2,-1,Fz,0.25390625,-2.6437398714468707
2,-1,Fz,0.2578125,-2.136587439886606
2,-1,Fz,0.26171875,-1.5776014372981897
2,-1,Fz,0.265625,-0.9328669489808099
2,-1,Fz,0.26953125,-0.2503793122751461
2,-1,Fz,0.2734375,0.4048959563665304
2,-1,Fz,0.27734375,0.9823042041869494
2,-1,Fz,0.28125,1.4276912330425129
2,-1,Fz,0.28515625,1.8687565215556385
2,-1,Fz,0.2890625,2.307297166397961
2,-1,Fz,0.29296875,2.757380259945984
2,-1,Fz,0.296875,3.2695483246185377
2,-1,Fz,0.30078125,3.70459740483747
2,-1,Fz,0.3046875,4.029389477014496
2,-1,Fz,0.30859375,4.105849498590964
2,-1,Fz,0.3125,4.017525650870583
2,-1,Fz,0.31640625,3.878423119351427
2,-1,Fz,0.3203125,3.7189038334407707
2,-1,Fz,0.32421875,3.64779087401637
2,-1,Fz,0.328125,3.700133745180721
2,-1,Fz,0.33203125,3.9622795797407395
2,-1,Fz,0.3359375,4.269424428555943
2,-1,Fz,0.33984375,4.5631752424245455
2,-1,Fz,0.34375,4.785309196082059
2,-1,Fz,0.34765625,4.715221814791295
2,-1,Fz,0.3515625,4.465517767739708
2,-1,Fz,0.35546875,4.081864818883944
2,-1,Fz,0.359375,3.578319067203376
2,-1,Fz,0.36328125,3.241676753046265
2,-1,Fz,0.3671875,3.082593955011987
2,-1,Fz,0.37109375,3.0863491077560683
2,-1,Fz,0.375,3.1842236263276384
2,-1,Fz,0.37890625,3.188273921296958
2,-1,Fz,0.3828125,3.2131674105940236
2,-1,Fz,0.38671875,3.037233298523239
2,-1,Fz,0.390625,2.6194339175867936
2,-1,Fz,0.39453125,2.146850588140318
2,-1,Fz,0.3984375,1.4428115071049694
2,-1,Fz,0.40234375,0.7655726619018779
2,-1,Fz,0.40625,0.1614620368222468
2,-1,Fz,0.41015625,-0.45079280477382166
2,-1,Fz,0.4140625,-0.9224564738758785
2,-1,Fz,0.41796875,-1.3166462294393106
2,-1,Fz,0.421875,-1.5148388505788466
2,-1,Fz,0.42578125,-1.5797184174990013
2,-1,Fz,0.4296875,-1.4486327246450692
2,-1,Fz,0.43359375,-1.1929665299016907
2,-1,Fz,0.4375,-0.9385725205922606
2,-1,Fz,0.44140625,-0.5055788080531256
2,-1,Fz,0.4453125,-0.05548639837076319
2,-1,Fz,0.44921875,0.36415565278467277
2,-1,Fz,0.453125,0.7451149702078537
2,-1,Fz,0.45703125,1.0716839660718067
2,-1,Fz,0.4609375,1.4515672904453956
2,-1,Fz,0.46484375,2.0014729799282946
2,-1,Fz,0.46875,2.8356522715325836
2,-1,Fz,0.47265625,3.953298954742329
2,-1,Fz,0.4765625,5.329693483367522
2,-1,Fz,0.48046875,6.84738912231551
2,-1,Fz,0.484375,8.369561380273742
2,-1,Fz,0.48828125,9.828696052655502
2,-1,Fz,0.4921875,11.156028800184995
2,-1,Fz,0.49609375,12.340225106915444
2,-1,Fz,0.5,13.44864665882425
2,-1,Fz,0.50390625,14.57905428331447
2,-1,Fz,0.5078125,15.779482823937766
2,-1,Fz,0.51171875,17.19425352767972
2,-1,Fz,0.515625,18.932721148761555
2,-1,Fz,0.51953125,20.759491272632946
2,-1,Fz,0.5234375,22.65518779796144
2,-1,Fz,0.52734375,24.506769347817773
2,-1,Fz,0.53125,26.245702721505996
2,-1,Fz,0.53515625,28.027764514563366
2,-1,Fz,0.5390625,29.780601585366764
2,-1,Fz,0.54296875,31.657276811695375
2,-1,Fz,0.546875,33.70130443609753
2,-1,Fz,0.55078125,35.936387792641554
2,-1,Fz,0.5546875,38.30666542854968
2,-1,Fz,0.55859375,40.78915198313366
2,-1,Fz,0.5625,43.450254215702955
2,-1,Fz,0.56640625,46.042277101174406
2,-1,Fz,0.5703125,48.58858875044901
2,-1,Fz,0.57421875,50.98954618006442
2,-1,Fz,0.578125,53.10281237985798
2,-1,Fz,0.58203125,55.17733311930215
2,-1,Fz,0.5859375,57.21549571427012
2,-1,Fz,0.58984375,59.16978957829721
2,-1,Fz,0.59375,61.166217017973395
2,-1,Fz,0.59765625,63.19666656303359
2,-1,Fz,0.6015625,65.16819511415127
2,-1,Fz,0.60546875,67.09356033363903
2,-1,Fz,0.609375,68.91560009877468
2,-1,Fz,0.61328125,70.47668515513854
2,-1,Fz,0.6171875,71.86662594913778
2,-1,Fz,0.62109375,73.1215296911969
2,-1,Fz,0.625,74.17139719181174
2,-1,Fz,0.62890625,75.14747527999685
2,-1,Fz,0.6328125,76.10583273893482
2,-1,Fz,0.63671875,77.05660440507421
2,-1,Fz,0.640625,78.1145420288495
2,-1,Fz,0.64453125,79.25812342087174
2,-1,Fz,0.6484375,80.4038081717235
2,-1,Fz,0.65234375,81.42242564750288
2,-1,Fz,0.65625,82.20500807439907
2,-1,Fz,0.66015625,82.80381608788736
2,-1,Fz,0.6640625,83.21265482865815
2,-1,Fz,0.66796875,83.41467805584716
2,-1,Fz,0.671875,83.4559437324672
2,-1,Fz,0.67578125,83.309483286746
2,-1,Fz,0.6796875,83.00805683482207
2,-1,Fz,0.68359375,82.63949727160107
2,-1,Fz,0.6875,82.14515661643057
2,-1,Fz,0.69140625,81.55031426181242
2,-1,Fz,0.6953125,80.98297760348358
2,-1,Fz,0.69921875,80.48007987139286
2,-1,Fz,0.703125,80.11989704759002
2,-1,Fz,0.70703125,79.8936679168488
2,-1,Fz,0.7109375,79.65056478327266
2,-1,Fz,0.71484375,79.34491482417832
2,-1,Fz,0.71875,78.87459236186488
2,-1,Fz,0.72265625,78.28557211479594
2,-1,Fz,0.7265625,77.76244977155997
2,-1,Fz,0.73046875,77.39114567948818
2,-1,Fz,0.734375,77.27311994063496
2,-1,Fz,0.73828125,77.34095753087243
2,-1,Fz,0.7421875,77.38804468418127
2,-1,Fz,0.74609375,77.32283425209937
2,-1,Fz,0.75,77.10764256518081
2,-1,Fz,0.75390625,76.61430527868697
2,-1,Fz,0.7578125,75.92394893718483
2,-1,Fz,0.76171875,75.11583155311428
2,-1,Fz,0.765625,74.18859963736921
2,-1,Fz,0.76953125,73.27946555849692
2,-1,Fz,0.7734375,72.54106110206406
2,-1,Fz,0.77734375,71.9548995742331
2,-1,Fz,0.78125,71.43722821163584
2,-1,Fz,0.78515625,71.14460572491016
2,-1,Fz,0.7890625,70.88602661595634
2,-1,Fz,0.79296875,70.55036119930142
2,-1,Fz,0.796875,70.25146448950099
2,-1,Fz,0.80078125,69.8143102024887
2,-1,F4,-0.19921875,-1.0790137836769889
2,-1,F4,-0.1953125,-0.7856664106432732
2,-1,F4,-0.19140625,-0.48735811670795437
2,-1,F4,-0.1875,-0.22126345622700627
2,-1,F4,-0.18359375,0.04733600850714653
2,-1,F4,-0.1796875,0.3476649370785552
2,-1,F4,-0.17578125,0.5340292735431947
2,-1,F4,-0.171875,0.6013956412069784
2,-1,F4,-0.16796875,0.45878461918440977
2,-1,F4,-0.1640625,0.19385310668314998
2,-1,F4,-0.16015625,-0.0835781285346543
2,-1,F4,-0.15625,-0.31747411808128884
2,-1,F4,-0.15234375,-0.33752227510464294
2,-1,F4,-0.1484375,-0.20111758171316463
2,-1,F4,-0.14453125,0.063946959920365
2,-1,F4,-0.140625,0.37804521299673655
2,-1,F4,-0.13671875,0.7317229862099797
2,-1,F4,-0.1328125,1.1155235745678467
2,-1,F4,-0.12890625,1.3703639476623815
2,-1,F4,-0.125,1.5415576256960417
2,-1,F4,-0.12109375,1.583851597920459
2,-1,F4,-0.1171875,1.479660250433274
2,-1,F4,-0.11328125,1.2887093147183155
2,-1,F4,-0.109375,0.9492078754923983
2,-1,F4,-0.10546875,0.46377411042653666
2,-1,F4,-0.1015625,-0.178605258357812
2,-1,F4,-0.09765625,-0.7994006170301484
2,-1,F4,-0.09375,-1.255120011399959
2,-1,F4,-0.08984375,-1.5207915609080502
2,-1,F4,-0.0859375,-1.4870318477887206
2,-1,F4,-0.08203125,-1.303518916708625
2,-1,F4,-0.078125,-1.1207296221044198
2,-1,F4,-0.07421875,-0.9285002897630583
2,-1,F4,-0.0703125,-0.7949960131421173
2,-1,F4,-0.06640625,-0.6734766828267224
2,-1,F4,-0.0625,-0.47395785684887726
2,-1,F4,-0.05859375,-0.3412748791371907
2,-1,F4,-0.0546875,-0.22199040857168884
2,-1,F4,-0.05078125,-0.05504877053676385
2,-1,F4,-0.046875,0.02613525612773343
2,-1,F4,-0.04296875,0.1650256532541164
2,-1,F4,-0.0390625,0.3891220132053694
2,-1,F4,-0.03515625,0.5758583893990545
2,-1,F4,-0.03125,0.683143116718119
2,-1,F4,-0.02734375,0.700893923063847
2,-1,F4,-0.0234375,0.6314584564662531
2,-1,F4,-0.01953125,0.4014272983205843
2,-1,F4,-0.015625,0.05291172703811729
2,-1,F4,-0.01171875,-0.3040171313889611
2,-1,F4,-0.0078125,-0.7327934223015315
2,-1,F4,-0.00390625,-1.0711557163376646
2,-1,F4,0.0,-1.198362858749429
2,-1,F4,0.00390625,-1.2756551421006153
2,-1,F4,0.0078125,-1.238700777704822
2,-1,F4,0.01171875,-1.233335116438892
2,-1,F4,0.015625,-1.3422741322604421
2,-1,F4,0.01953125,-1.500162177946484
2,-1,F4,0.0234375,-1.7816225275416722
2,-1,F4,0.02734375,-2.1421181876536615
2,-1,F4,0.03125,-2.453937113743901
2,-1,F4,0.03515625,-2.576380602865422
2,-1,F4,0.0390625,-2.4874816823853143
2,-1,F4,0.04296875,-2.170179579192793
2,-1,F4,0.046875,-1.6985403803215182
2,-1,F4,0.05078125,-1.159202154732146
2,-1,F4,0.0546875,-0.6505686959687287
2,-1,F4,0.05859375,-0.33888979695103183
2,-1,F4,0.0625,-0.1303062044071024
2,-1,F4,0.06640625,-0.02396583934834373
2,-1,F4,0.0703125,-0.038513383298785175
2,-1,F4,0.07421875,0.05273192079506206
2,-1,F4,0.078125,0.1296301630621266
2,-1,F4,0.08203125,0.21050784600084826
2,-1,F4,0.0859375,0.35366069215256735
2,-1,F4,0.08984375,0.4185044783547558
2,-1,F4,0.09375,0.5203737496996328
2,-1,F4,0.09765625,0.48835077289956397
2,-1,F4,0.1015625,0.3060511618270225
2,-1,F4,0.10546875,0.08783103269698733
2,-1,F4,0.109375,-0.3184456542427534
2,-1,F4,0.11328125,-0.7252215002400297
2,-1,F4,0.1171875,-0.9985175920281888
2,-1,F4,0.12109375,-1.1871742566517214
2,-1,F4,0.125,-1.2088650447902873
2,-1,F4,0.12890625,-1.2351339957955298
2,-1,F4,0.1328125,-1.268028891745809
2,-1,F4,0.13671875,-1.289812177444686
2,-1,F4,0.140625,-1.426431889092223
2,-1,F4,0.14453125,-1.5292787727269554
2,-1,F4,0.1484375,-1.6769901661608104
2,-1,F4,0.15234375,-1.8278479172707884
2,-1,F4,0.15625,-1.862936174521094
2,-1,F4,0.16015625,-1.8272207715055657
2,-1,F4,0.1640625,-1.717289121049098
2,-1,F4,0.16796875,-1.667294860909883
2,-1,F4,0.171875,-1.6940322371095515
2,-1,F4,0.17578125,-1.7854976217353729
2,-1,F4,0.1796875,-2.0080052425541854
2,-1,F4,0.18359375,-2.3315101296962517
2,-1,F4,0.1875,-2.792450454059482
2,-1,F4,0.19140625,-3.2959481497702425
2,-1,F4,0.1953125,-3.6875685629047608
2,-1,F4,0.19921875,-4.035556124096971
2,-1,F4,0.203125,-4.290856343280912
2,-1,F4,0.20703125,-4.474105288212009
2,-1,F4,0.2109375,-4.652109686878949
2,-1,F4,0.21484375,-4.840296775100392
2,-1,F4,0.21875,-5.142536890670785
2,-1,F4,0.22265625,-5.500731020597771
2,-1,F4,0.2265625,-5.81892318178843
2,-1,F4,0.23046875,-6.05455067833109
2,-1,F4,0.234375,-6.175005606140308
2,-1,F4,0.23828125,-6.157119081251951
2,-1,F4,0.2421875,-5.9542969415631815
2,-1,F4,0.24609375,-5.6039936964486445
2,-1,F4,0.25,-5.149938297776323
2,-1,F4,0.25390625,-4.656450560185089
2,-1,F4,0.2578125,-4.235707691356517
2,-1,F4,0.26171875,-3.8136391025931813
2,-1,F4,0.265625,-3.3095111468675347
2,-1,F4,0.26953125,-2.804569761548443
2,-1,F4,0.2734375,-2.3316721944379477
2,-1,F4,0.27734375,-1.8835850006983357
2,-1,F4,0.28125,-1.539524060201976
2,-1,F4,0.28515625,-1.233736081556036
2,-1,F4,0.2890625,-0.9294938754214908
2,-1,F4,0.29296875,-0.635069705035824
2,-1,F4,0.296875,-0.3146527781583375
2,-1,F4,0.30078125,-0.08950935628838863
2,-1,F4,0.3046875,-0.017595964360140215
2,-1,F4,0.30859375,-0.17744025381740158
2,-1,F4,0.3125,-0.4327411572132611
2,-1,F4,0.31640625,-0.6519168025376754
2,-1,F4,0.3203125,-0.7494057922479609
2,-1,F4,0.32421875,-0.7294568992003274
2,-1,F4,0.328125,-0.6539453854833166
2,-1,F4,0.33203125,-0.43679989243892514
2,-1,F4,0.3359375,-0.29047984610752486
2,-1,F4,0.33984375,-0.22916697199472225
2,-1,F4,0.34375,-0.26454966713340333
2,-1,F4,0.34765625,-0.565490123224663
2,-1,F4,0.3515625,-1.0438211242296749
2,-1,F4,0.35546875,-1.6478281946638234
2,-1,F4,0.359375,-2.258172899726304
2,-1,F4,0.36328125,-2.667958484729242
2,-1,F4,0.3671875,-2.854270239256124
2,-1,F4,0.37109375,-2.841336387234918
2,-1,F4,0.375,-2.7897280650029224
2,-1,F4,0.37890625,-2.833058866521272
2,-1,F4,0.3828125,-2.9321545967772185
2,-1,F4,0.38671875,-3.280267957137891
2,-1,F4,0.390625,-3.8177410467093704
2,-1,F4,0.39453125,-4.428380824835999
2,-1,F4,0.3984375,-5.2331039534998975
2,-1,F4,0.40234375,-5.966412825664348
2,-1,F4,0.40625,-6.5691173995110415
2,-1,F4,0.41015625,-7.1125748808982365
2,-1,F4,0.4140625,-7.532440250991405
2,-1,F4,0.41796875,-7.89477944361353
2,-1,F4,0.421875,-8.131487234140677
2,-1,F4,0.42578125,-8.30416067616608
2,-1,F4,0.4296875,-8.361194460597634
2,-1,F4,0.43359375,-8.295326710731258
2,-1,F4,0.4375,-8.203992344164615
2,-1,F4,0.44140625,-7.962611585293381
2,-1,F4,0.4453125,-7.6030768600703915
2,-1,F4,0.44921875,-7.162860158322452
2,-1,F4,0.453125,-6.728511083258825
2,-1,F4,0.45703125,-6.366090659787323
2,-1,F4,0.4609375,-5.954951413573159
2,-1,F4,0.46484375,-5.3746661468738655
2,-1,F4,0.46875,-4.575516754627859
2,-1,F4,0.47265625,-3.5121346479330864
2,-1,F4,0.4765625,-2.1880456416283565
2,-1,F4,0.48046875,-0.7418074174190838
2,-1,F4,0.484375,0.7255642695269522
2,-1,F4,0.48828125,2.133928411601838
2,-1,F4,0.4921875,3.451927751317532
2,-1,F4,0.49609375,4.692162561247448
2,-1,F4,0.5,5.882098336135785
2,-1,F4,0.50390625,7.171453641392928
2,-1,F4,0.5078125,8.620195313347097
2,-1,F4,0.51171875,10.322064198377273
2,-1,F4,0.515625,12.43393536812766
2,-1,F4,0.51953125,14.740420551558685
2,-1,F4,0.5234375,17.132320612220145
2,-1,F4,0.52734375,19.49487472153042
2,-1,F4,0.53125,21.746623609126594
2,-1,F4,0.53515625,23.98527671105911
2,-1,F4,0.5390625,26.1626975041386
2,-1,F4,0.54296875,28.429829890310046
2,-1,F4,0.546875,30.778576090266714
2,-1,F4,0.55078125,33.20542090566741
2,-1,F4,0.5546875,35.735056386695064
2,-1,F4,0.55859375,38.39517048358366
2,-1,F4,0.5625,41.25624001276435
2,-1,F4,0.56640625,44.12669233707284
2,-1,F4,0.5703125,47.023082045053954
2,-1,F4,0.57421875,49.871672521539644
2,-1,F4,0.578125,52.538677600908855
2,-1,F4,0.58203125,55.165095291586596
2,-1,F4,0.5859375,57.725401528904186
2,-1,F4,0.58984375,60.16479709408949
2,-1,F4,0.59375,62.5878378621707
2,-1,F4,0.59765625,65.03019279686119
2,-1,F4,0.6015625,67.36596703855137
2,-1,F4,0.60546875,69.60907375490208
2,-1,F4,0.609375,71.72243535602875
2,-1,F4,0.61328125,73.57707541651199
2,-1,F4,0.6171875,75.38833947687093
2,-1,F4,0.62109375,77.14313154958761
2,-1,F4,0.625,78.73428057526993
2,-1,F4,0.62890625,80.2262518001106
2,-1,F4,0.6328125,81.55329796601254
2,-1,F4,0.63671875,82.82944568380574
2,-1,F4,0.640625,84.17780253205501
2,-1,F4,0.64453125,85.56119356738434
2,-1,F4,0.6484375,86.96038001907209
2,-1,F4,0.65234375,88.2369389531511
2,-1,F4,0.65625,89.27161130886107
2,-1,F4,0.66015625,90.0735239941512
2,-1,F4,0.6640625,90.64201952176084
2,-1,F4,0.66796875,90.96970104316911
2,-1,F4,0.671875,91.0516076761478
2,-1,F4,0.67578125,90.90335363983525
2,-1,F4,0.6796875,90.55607867966545
2,-1,F4,0.68359375,90.13740291524276
2,-1,F4,0.6875,89.6700574664208
2,-1,F4,0.69140625,89.14577073860382
2,-1,F4,0.6953125,88.66122974914325
2,-1,F4,0.69921875,88.20776282134386
2,-1,F4,0.703125,87.87879200528565
2,-1,F4,0.70703125,87.64202495870595
2,-1,F4,0.7109375,87.29185117956233
2,-1,F4,0.71484375,86.8286629818021
2,-1,F4,0.71875,86.19457457462849
2,-1,F4,0.72265625,85.48668048458724
2,-1,F4,0.7265625,84.90938362993741
2,-1,F4,0.73046875,84.51541857154527
2,-1,F4,0.734375,84.383877677682
2,-1,F4,0.73828125,84.43451569819577
2,-1,F4,0.7421875,84.49474279812536
2,-1,F4,0.74609375,84.50609442489306
2,-1,F4,0.75,84.35395748345456
2,-1,F4,0.75390625,83.92672436967014
2,-1,F4,0.7578125,83.30982213548742
2,-1,F4,0.76171875,82.57860306116197
2,-1,F4,0.765625,81.72124946730708
2,-1,F4,0.76953125,80.81137873362798
2,-1,F4,0.7734375,80.01384290239623
2,-1,F4,0.77734375,79.29173602070003
2,-1,F4,0.78125,78.63837369950136
2,-1,F4,0.78515625,78.19796934688009
2,-1,F4,0.7890625,77.7900355440283
2,-1,F4,0.79296875,77.41242657612787
2,-1,F4,0.796875,77.1376615017103
2,-1,F4,0.80078125,76.79773862427076
2,1,F3,-0.19921875,-9.017305784726581
2,1,F3,-0.1953125,-8.603338825964505
2,1,F3,-0.19140625,-8.170003354566445
2,1,F3,-0.1875,-7.857512167505037
2,1,F3,-0.18359375,-7.535968717827252
2,1,F3,-0.1796875,-7.226720088499875
2,1,F3,-0.17578125,-7.001748946163227
2,1,F3,-0.171875,-6.753477622585578
2,1,F3,-0.16796875,-6.568279056753029
2,1,F3,-0.1640625,-6.262653324595863
2,1,F3,-0.16015625,-5.81484477010669
2,1,F3,-0.15625,-5.204907407403714
2,1,F3,-0.15234375,-4.459889709201912
2,1,F3,-0.1484375,-3.74011077372151
2,1,F3,-0.14453125,-3.069243118700752
2,1,F3,-0.140625,-2.5536205495599584
2,1,F3,-0.13671875,-2.215916173293363
2,1,F3,-0.1328125,-2.1354955631664625
2,1,F3,-0.12890625,-2.177041321276642
2,1,F3,-0.125,-2.1867169484076094
2,1,F3,-0.12109375,-2.091713660401349
2,1,F3,-0.1171875,-1.7464341531026475
2,1,F3,-0.11328125,-1.1862945391914042
2,1,F3,-0.109375,-0.5723987614027266
2,1,F3,-0.10546875,-0.09977466046018402
2,1,F3,-0.1015625,0.2730102101714431
2,1,F3,-0.09765625,0.6155047185284812
2,1,F3,-0.09375,0.8579984207188937
2,1,F3,-0.08984375,1.040230794370157
2,1,F3,-0.0859375,1.1835039343657034
2,1,F3,-0.08203125,1.2522546895725921
2,1,F3,-0.078125,1.2837840329967685
2,1,F3,-0.07421875,1.3389174484612973
2,1,F3,-0.0703125,1.3739057011062934
2,1,F3,-0.06640625,1.4612364840329386
2,1,F3,-0.0625,1.684964340287799
2,1,F3,-0.05859375,2.0213134463586173
2,1,F3,-0.0546875,2.5614567918512745
2,1,F3,-0.05078125,3.2110846156572936
2,1,F3,-0.046875,3.952764923787336
2,1,F3,-0.04296875,4.804069537115334
2,1,F3,-0.0390625,5.623235833591684
2,1,F3,-0.03515625,6.432910585867861
2,1,F3,-0.03125,7.222509889203592
2,1,F3,-0.02734375,7.961309648395886
2,1,F3,-0.0234375,8.636451025645556
2,1,F3,-0.01953125,9.231399639595885
2,1,F3,-0.015625,9.696213467520943
2,1,F3,-0.01171875,10.003137527880257
2,1,F3,-0.0078125,10.184917120041167
2,1,F3,-0.00390625,10.34332517145917
2,1,F3,0.0,10.586981773973172
2,1,F3,0.00390625,10.953773054562777
2,1,F3,0.0078125,11.416526208464258
2,1,F3,0.01171875,11.796663090571407
2,1,F3,0.015625,12.093054661758677
2,1,F3,0.01953125,12.259211401243352
2,1,F3,0.0234375,12.275634494913067
2,1,F3,0.02734375,12.310253730771532
2,1,F3,0.03125,12.409658277169896
2,1,F3,0.03515625,12.633938871610663
2,1,F3,0.0390625,13.008599536131527
2,1,F3,0.04296875,13.437244315024856
2,1,F3,0.046875,13.782658158287857
2,1,F3,0.05078125,14.010860040407266
2,1,F3,0.0546875,14.073636260341104
2,1,F3,0.05859375,14.083058131988693
2,1,F3,0.0625,14.078686491867721
2,1,F3,0.06640625,13.989833534533556
2,1,F3,0.0703125,14.036028770801995
2,1,F3,0.07421875,14.154486761532546
2,1,F3,0.078125,14.37235866458601
2,1,F3,0.08203125,14.763224491072002
2,1,F3,0.0859375,15.195984293459464
2,1,F3,0.08984375,15.849570805130558
2,1,F3,0.09375,16.614193972811066
2,1,F3,0.09765625,17.39542990978636
2,1,F3,0.1015625,18.25211834409661
2,1,F3,0.10546875,19.05831443194447
2,1,F3,0.109375,19.854905524655347
2,1,F3,0.11328125,20.568133153584938
2,1,F3,0.1171875,21.212189364130957
2,1,F3,0.12109375,21.83497570943766
2,1,F3,0.125,22.44425913808328
2,1,F3,0.12890625,23.096408412371158
2,1,F3,0.1328125,23.6645472814161
2,1,F3,0.13671875,24.231791248671417
2,1,F3,0.140625,24.750170523666924
2,1,F3,0.14453125,25.093321986255027
2,1,F3,0.1484375,25.41013682697379
2,1,F3,0.15234375,25.625379037473305
2,1,F3,0.15625,25.75215255410184
2,1,F3,0.16015625,25.991665752562355
2,1,F3,0.1640625,26.356334789903464
2,1,F3,0.16796875,26.86890175781036
2,1,F3,0.171875,27.479502130995343
2,1,F3,0.17578125,28.12741106786688
2,1,F3,0.1796875,28.804605509282986
2,1,F3,0.18359375,29.45983392766811
2,1,F3,0.1875,30.04417128909855
2,1,F3,0.19140625,30.463958990643984
2,1,F3,0.1953125,30.74537753649819
2,1,F3,0.19921875,30.921468978137227
2,1,F3,0.203125,31.13429032242795
2,1,F3,0.20703125,31.45769787317645
2,1,F3,0.2109375,31.919252617800034
2,1,F3,0.21484375,32.515370989482314
2,1,F3,0.21875,33.039960710165175
2,1,F3,0.22265625,33.59022562697966
2,1,F3,0.2265625,34.16374605948839
2,1,F3,0.23046875,34.73063449051577
2,1,F3,0.234375,35.356422480529126
2,1,F3,0.23828125,35.95973848417785
2,1,F3,0.2421875,36.602648477784534
2,1,F3,0.24609375,37.31956536391081
2,1,F3,0.25,38.0768386957153
2,1,F3,0.25390625,38.853958701495266
2,1,F3,0.2578125,39.542218923544674
2,1,F3,0.26171875,40.07419735966138
2,1,F3,0.265625,40.48638960235296
2,1,F3,0.26953125,40.78076469395619
2,1,F3,0.2734375,41.09372420346549
2,1,F3,0.27734375,41.558475941041635
2,1,F3,0.28125,42.19701554636535
2,1,F3,0.28515625,42.980669782982716
2,1,F3,0.2890625,43.8896908809518
2,1,F3,0.29296875,44.85890952343481
2,1,F3,0.296875,45.701681928590865
2,1,F3,0.30078125,46.50202265154763
2,1,F3,0.3046875,47.20651385841231
2,1,F3,0.30859375,47.743689614628934
2,1,F3,0.3125,48.25002520537139
2,1,F3,0.31640625,48.75543945353002
2,1,F3,0.3203125,49.38467654124081
2,1,F3,0.32421875,50.08095295989614
2,1,F3,0.328125,50.80816033792916
2,1,F3,0.33203125,51.52521633250467
2,1,F3,0.3359375,52.093558814187574
2,1,F3,0.33984375,52.657947461534704
2,1,F3,0.34375,53.19171018142036
2,1,F3,0.34765625,53.69994296146732
2,1,F3,0.3515625,54.25094443237154
2,1,F3,0.35546875,54.77411335141732
2,1,F3,0.359375,55.31047339646806
2,1,F3,0.36328125,55.706837476039055
2,1,F3,0.3671875,55.99392122632145
2,1,F3,0.37109375,56.18714448925559
2,1,F3,0.375,56.15349794158103
2,1,F3,0.37890625,56.03002938282882
2,1,F3,0.3828125,55.78981655505518
2,1,F3,0.38671875,55.47656197284533
2,1,F3,0.390625,55.2567102716374
2,1,F3,0.39453125,55.15074037944679
2,1,F3,0.3984375,55.21557601021567
2,1,F3,0.40234375,55.542053564129645
2,1,F3,0.40625,56.084102119618585
2,1,F3,0.41015625,56.63400581795621
2,1,F3,0.4140625,57.144111654080014
2,1,F3,0.41796875,57.56658721845123
2,1,F3,0.421875,57.823271815069006
2,1,F3,0.42578125,58.046278808119624
2,1,F3,0.4296875,58.308793555051615
2,1,F3,0.43359375,58.64590573936725
2,1,F3,0.4375,59.09378591003437
2,1,F3,0.44140625,59.7147132637366
2,1,F3,0.4453125,60.53919360381857
2,1,F3,0.44921875,61.47613257747227
2,1,F3,0.453125,62.473818687834964
2,1,F3,0.45703125,63.44138083407425
2,1,F3,0.4609375,64.38366051040053
2,1,F3,0.46484375,65.34422024203377
2,1,F3,0.46875,66.16023615193022
2,1,F3,0.47265625,66.87371710411728
2,1,F3,0.4765625,67.63836624890526
2,1,F3,0.48046875,68.40123035857427
2,1,F3,0.484375,69.32132710145002
2,1,F3,0.48828125,70.30196455082366
2,1,F3,0.4921875,71.24264774752555
2,1,F3,0.49609375,72.34598304617307
2,1,F3,0.5,73.45649801089583
2,1,F3,0.50390625,74.70064736776678
2,1,F3,0.5078125,76.1441799408542
2,1,F3,0.51171875,77.66556720771271
2,1,F3,0.515625,79.39287966116675
2,1,F3,0.51953125,81.28499666072149
2,1,F3,0.5234375,83.32348085560591
2,1,F3,0.52734375,85.43741550682
2,1,F3,0.53125,87.62293172277111
2,1,F3,0.53515625,89.90348326105956
2,1,F3,0.5390625,92.26873961424346
2,1,F3,0.54296875,94.89022814111547
2,1,F3,0.546875,97.64530195373223
2,1,F3,0.55078125,100.43089689634832
2,1,F3,0.5546875,103.35678782695864
2,1,F3,0.55859375,106.27372059430712
2,1,F3,0.5625,109.17835365850883
2,1,F3,0.56640625,112.07874179453944
2,1,F3,0.5703125,114.93761117701376
2,1,F3,0.57421875,117.74941219301331
2,1,F3,0.578125,120.4264125081573
2,1,F3,0.58203125,123.05368070481957
2,1,F3,0.5859375,125.49838080064274
2,1,F3,0.58984375,127.74472751890757
2,1,F3,0.59375,129.8228618251036
2,1,F3,0.59765625,131.64513842642148
2,1,F3,0.6015625,133.31724241523347
2,1,F3,0.60546875,134.91916857435803
2,1,F3,0.609375,136.56103505578338
2,1,F3,0.61328125,138.18307930903927
2,1,F3,0.6171875,139.76213663380287
2,1,F3,0.62109375,141.14311726805198
2,1,F3,0.625,142.3028993434915
2,1,F3,0.62890625,143.40235572379473
2,1,F3,0.6328125,144.33752204019393
2,1,F3,0.63671875,145.26632666365217
2,1,F3,0.640625,146.1127494368881
2,1,F3,0.64453125,146.91883033072963
2,1,F3,0.6484375,147.76862313134592
2,1,F3,0.65234375,148.51386142260736
2,1,F3,0.65625,149.27938040681963
2,1,F3,0.66015625,150.0096022282705
2,1,F3,0.6640625,150.64781391345923
2,1,F3,0.66796875,151.10900257469405
2,1,F3,0.671875,151.42555864517198
2,1,F3,0.67578125,151.6541927634126
2,1,F3,0.6796875,151.77073144384036
2,1,F3,0.68359375,151.89958021168735
2,1,F3,0.6875,151.95330147163986
2,1,F3,0.69140625,152.01827194550145
2,1,F3,0.6953125,152.06200699128786
2,1,F3,0.69921875,151.89197850611237
2,1,F3,0.703125,151.67128917988992
2,1,F3,0.70703125,151.27151190290726
2,1,F3,0.7109375,150.75367615141528
2,1,F3,0.71484375,150.35945313100612
2,1,F3,0.71875,150.05745485341748
2,1,F3,0.72265625,149.98541207631666
2,1,F3,0.7265625,149.93753359061185
2,1,F3,0.73046875,149.83987403462734
2,1,F3,0.734375,149.77763618952892
2,1,F3,0.73828125,149.4646622685371
2,1,F3,0.7421875,149.05358010250706
2,1,F3,0.74609375,148.53732233868135
2,1,F3,0.75,147.8317721174829
2,1,F3,0.75390625,147.22745226269444
2,1,F3,0.7578125,146.62388702797426
2,1,F3,0.76171875,146.056997830415
2,1,F3,0.765625,145.67513528321115
2,1,F3,0.76953125,145.28435651463576
2,1,F3,0.7734375,144.98664156719315
2,1,F3,0.77734375,144.81064870875878
2,1,F3,0.78125,144.50666119396425
2,1,F3,0.78515625,144.25503832632654
2,1,F3,0.7890625,143.9945128772336
2,1,F3,0.79296875,143.63297172843232
2,1,F3,0.796875,143.27310933660416
2,1,F3,0.80078125,142.799860385844
2,1,Fz,-0.19921875,-5.127147214028681
2,1,Fz,-0.1953125,-4.993498471154869
2,1,Fz,-0.19140625,-4.721170311146981
2,1,Fz,-0.1875,-4.4660024278830885
2,1,Fz,-0.18359375,-4.070125511421097
2,1,Fz,-0.1796875,-3.6677404191905385
2,1,Fz,-0.17578125,-3.4645989334676073
2,1,Fz,-0.171875,-3.30478519909738
2,1,Fz,-0.16796875,-3.23894437949889
2,1,Fz,-0.1640625,-3.122837822963945
2,1,Fz,-0.16015625,-2.9263971863283142
2,1,Fz,-0.15625,-2.633254702971144
2,1,Fz,-0.15234375,-2.254460705507456
2,1,Fz,-0.1484375,-1.953277386402813
2,1,Fz,-0.14453125,-1.6866810540971002
2,1,Fz,-0.140625,-1.4863490764279599
2,1,Fz,-0.13671875,-1.3492235750078405
2,1,Fz,-0.1328125,-1.2689378624769159
2,1,Fz,-0.12890625,-1.2305637491336892
2,1,Fz,-0.125,-1.1573169131551004
2,1,Fz,-0.12109375,-1.0147940220569265
2,1,Fz,-0.1171875,-0.6966126898444974
2,1,Fz,-0.11328125,-0.21636583588699437
2,1,Fz,-0.109375,0.2564997609467861
2,1,Fz,-0.10546875,0.6577447716968398
2,1,Fz,-0.1015625,1.0002436062606461
2,1,Fz,-0.09765625,1.2690728066829486
2,1,Fz,-0.09375,1.459134000034594
2,1,Fz,-0.08984375,1.5580404220418087
2,1,Fz,-0.0859375,1.5635914697881554
2,1,Fz,-0.08203125,1.470418597095589
2,1,Fz,-0.078125,1.324519282504276
2,1,Fz,-0.07421875,1.1190414894813883
2,1,Fz,-0.0703125,0.8607142844108218
2,1,Fz,-0.06640625,0.6419108122658319
2,1,Fz,-0.0625,0.44649084122840077
2,1,Fz,-0.05859375,0.36800529700002405
2,1,Fz,-0.0546875,0.4472874717640076
2,1,Fz,-0.05078125,0.6458067310171616
2,1,Fz,-0.046875,1.0075776175615445
2,1,Fz,-0.04296875,1.4865814039105518
2,1,Fz,-0.0390625,2.0400294626639055
2,1,Fz,-0.03515625,2.615779751639701
2,1,Fz,-0.03125,3.192088073259654
2,1,Fz,-0.02734375,3.7439637657998004
2,1,Fz,-0.0234375,4.252379121356434
2,1,Fz,-0.01953125,4.7621666445258946
2,1,Fz,-0.015625,5.138998885400755
2,1,Fz,-0.01171875,5.402835715445493
2,1,Fz,-0.0078125,5.591059704881496
2,1,Fz,-0.00390625,5.7291036584851325
2,1,Fz,0.0,5.947777878622286
2,1,Fz,0.00390625,6.192298755858941
2,1,Fz,0.0078125,6.460182871575335
2,1,Fz,0.01171875,6.617977721214271
2,1,Fz,0.015625,6.704582620358262
2,1,Fz,0.01953125,6.704858707042391
2,1,Fz,0.0234375,6.557820757245854
2,1,Fz,0.02734375,6.45366687348717
2,1,Fz,0.03125,6.356962152109073
2,1,Fz,0.03515625,6.328194515129185
2,1,Fz,0.0390625,6.387690417106246
2,1,Fz,0.04296875,6.446956120828017
2,1,Fz,0.046875,6.493925195302959
2,1,Fz,0.05078125,6.471895495476313
2,1,Fz,0.0546875,6.285244200751741
2,1,Fz,0.05859375,6.065431609121298
2,1,Fz,0.0625,5.87185362988563
2,1,Fz,0.06640625,5.647477296214573
2,1,Fz,0.0703125,5.567891459070816
2,1,Fz,0.07421875,5.505991827775578
2,1,Fz,0.078125,5.552841022066213
2,1,Fz,0.08203125,5.711830665220078
2,1,Fz,0.0859375,5.829553682785507
2,1,Fz,0.08984375,6.17203367569665
2,1,Fz,0.09375,6.496633176467313
2,1,Fz,0.09765625,6.842191655452387
2,1,Fz,0.1015625,7.3411061416992425
2,1,Fz,0.10546875,7.81808099176311
2,1,Fz,0.109375,8.392404973261414
2,1,Fz,0.11328125,8.887919639212756
2,1,Fz,0.1171875,9.383819989794034
2,1,Fz,0.12109375,9.861674877775993
2,1,Fz,0.125,10.242366619185056
2,1,Fz,0.12890625,10.687433362491735
2,1,Fz,0.1328125,10.87043170328308
2,1,Fz,0.13671875,10.850885324144356
2,1,Fz,0.140625,10.798508859359083
2,1,Fz,0.14453125,10.613472355908442
2,1,Fz,0.1484375,10.530362204645797
2,1,Fz,0.15234375,10.539677315029424
2,1,Fz,0.15625,10.580500404699771
2,1,Fz,0.16015625,10.80661929467258
2,1,Fz,0.1640625,11.128457409335384
2,1,Fz,0.16796875,11.559690203379231
2,1,Fz,0.171875,12.067367351148016
2,1,Fz,0.17578125,12.572279836587843
2,1,Fz,0.1796875,13.067680257846412
2,1,Fz,0.18359375,13.493485568651788
2,1,Fz,0.1875,13.836868309678923
2,1,Fz,0.19140625,13.965690080775339
2,1,Fz,0.1953125,14.015094744081054
2,1,Fz,0.19921875,14.027465858347284
2,1,Fz,0.203125,13.962661129309422
2,1,Fz,0.20703125,13.986048928090945
2,1,Fz,0.2109375,14.124523646651014
2,1,Fz,0.21484375,14.42573622222585
2,1,Fz,0.21875,14.748512564161643
2,1,Fz,0.22265625,15.057587474586965
2,1,Fz,0.2265625,15.38521608854958
2,1,Fz,0.23046875,15.704688893588871
2,1,Fz,0.234375,16.185552180743212
2,1,Fz,0.23828125,16.806980193680655
2,1,Fz,0.2421875,17.508734062457634
2,1,Fz,0.24609375,18.32415615428217
2,1,Fz,0.25,19.145883951525057
2,1,Fz,0.25390625,19.888940566349554
2,1,Fz,0.2578125,20.506830728244047
2,1,Fz,0.26171875,20.856512090823042
2,1,Fz,0.265625,20.958432782308208
2,1,Fz,0.26953125,20.896027638195722
2,1,Fz,0.2734375,20.83881289957037
2,1,Fz,0.27734375,21.011480832762945
2,1,Fz,0.28125,21.45532721007281
2,1,Fz,0.28515625,22.158628909602342
2,1,Fz,0.2890625,23.07561375601575
2,1,Fz,0.29296875,24.10194099483581
2,1,Fz,0.296875,25.081946362198522
2,1,Fz,0.30078125,25.948303907718184
2,1,Fz,0.3046875,26.674185237818296
2,1,Fz,0.30859375,27.250955603074225
2,1,Fz,0.3125,27.67768798196792
2,1,Fz,0.31640625,28.042127214871655
2,1,Fz,0.3203125,28.46485739007037
2,1,Fz,0.32421875,28.913603947042233
2,1,Fz,0.328125,29.42305688488589
2,1,Fz,0.33203125,29.9225225403225
2,1,Fz,0.3359375,30.296618853106608
2,1,Fz,0.33984375,30.62819979853932
2,1,Fz,0.34375,30.93085018471406
2,1,Fz,0.34765625,31.248134434356373
2,1,Fz,0.3515625,31.58218562767447
2,1,Fz,0.35546875,31.85926567375092
2,1,Fz,0.359375,32.03011027122615
2,1,Fz,0.36328125,32.04877328050515
2,1,Fz,0.3671875,31.942438948071015
2,1,Fz,0.37109375,31.71668688551677
2,1,Fz,0.375,31.400889557529645
2,1,Fz,0.37890625,31.02715135337035
2,1,Fz,0.3828125,30.657879272034247
2,1,Fz,0.38671875,30.306367949147663
2,1,Fz,0.390625,29.967523822286516
2,1,Fz,0.39453125,29.68563913952837
2,1,Fz,0.3984375,29.51366997034286
2,1,Fz,0.40234375,29.488958463733695
2,1,Fz,0.40625,29.55876894795994
2,1,Fz,0.41015625,29.646068024457634
2,1,Fz,0.4140625,29.71965891557671
2,1,Fz,0.41796875,29.80172535277755
2,1,Fz,0.421875,29.88849701751176
2,1,Fz,0.42578125,29.997379536524544
2,1,Fz,0.4296875,30.163487560496815
2,1,Fz,0.43359375,30.480414771810498
2,1,Fz,0.4375,30.961501039121103
2,1,Fz,0.44140625,31.634673411785084
2,1,Fz,0.4453125,32.551634946378215
2,1,Fz,0.44921875,33.57468815775106
2,1,Fz,0.453125,34.5927640347397
2,1,Fz,0.45703125,35.49327405516628
2,1,Fz,0.4609375,36.256005955545916
2,1,Fz,0.46484375,36.86010979108168
2,1,Fz,0.46875,37.26434872631354
2,1,Fz,0.47265625,37.652255666241395
2,1,Fz,0.4765625,38.08268488912578
2,1,Fz,0.48046875,38.5906362284984
2,1,Fz,0.484375,39.31733481413281
2,1,Fz,0.48828125,40.0944838140301
2,1,Fz,0.4921875,40.951868555578585
2,1,Fz,0.49609375,41.980043947419475
2,1,Fz,0.5,42.95055933666136
2,1,Fz,0.50390625,43.999443669935964
2,1,Fz,0.5078125,45.20153583245259
2,1,Fz,0.51171875,46.50876619785587
2,1,Fz,0.515625,48.04094181135726
2,1,Fz,0.51953125,49.81185770858537
2,1,Fz,0.5234375,51.84973951331962
2,1,Fz,0.52734375,54.079938990208845
2,1,Fz,0.53125,56.47779511965804
2,1,Fz,0.53515625,58.99508167862894
2,1,Fz,0.5390625,61.591089593066364
2,1,Fz,0.54296875,64.38993265064965
2,1,Fz,0.546875,67.29464924356758
2,1,Fz,0.55078125,70.32339895800541
2,1,Fz,0.5546875,73.49293636166577
2,1,Fz,0.55859375,76.57949097213887
2,1,Fz,0.5625,79.60252649674767
2,1,Fz,0.56640625,82.58302263188054
2,1,Fz,0.5703125,85.51676260828219
2,1,Fz,0.57421875,88.4374388840858
2,1,Fz,0.578125,91.31047534041991
2,1,Fz,0.58203125,94.09630899601117
2,1,Fz,0.5859375,96.70943033534186
2,1,Fz,0.58984375,99.11999729896496
2,1,Fz,0.59375,101.29229823655561
2,1,Fz,0.59765625,103.29055271700041
2,1,Fz,0.6015625,105.16611139665214
2,1,Fz,0.60546875,107.02929933615289
2,1,Fz,0.609375,109.01806289599979
2,1,Fz,0.61328125,111.02722897105292
2,1,Fz,0.6171875,113.05295902692988
2,1,Fz,0.62109375,114.87306277922768
2,1,Fz,0.625,116.52230754259871
2,1,Fz,0.62890625,118.14017681682178
2,1,Fz,0.6328125,119.6096469308681
2,1,Fz,0.63671875,121.14294011931769
2,1,Fz,0.640625,122.52535626212213
2,1,Fz,0.64453125,123.89063721509984
2,1,Fz,0.6484375,125.3509657961417
2,1,Fz,0.65234375,126.68964353077222
2,1,Fz,0.65625,128.14973281001016
2,1,Fz,0.66015625,129.5844038056784
2,1,Fz,0.6640625,130.8735661911939
2,1,Fz,0.66796875,131.95424940825586
2,1,Fz,0.671875,132.76323425851174
2,1,Fz,0.67578125,133.35391967382643
2,1,Fz,0.6796875,133.76138974360703
2,1,Fz,0.68359375,134.1224099001028
2,1,Fz,0.6875,134.3462724413177
2,1,Fz,0.69140625,134.48451573502595
2,1,Fz,0.6953125,134.59824196961603
2,1,Fz,0.69921875,134.57683757373684
2,1,Fz,0.703125,134.56697170900065
2,1,Fz,0.70703125,134.46710000394586
2,1,Fz,0.7109375,134.29522811729277
2,1,Fz,0.71484375,134.29769580316992
2,1,Fz,0.71875,134.31744068834604
2,1,Fz,0.72265625,134.44179712844544
2,1,Fz,0.7265625,134.62183310818895
2,1,Fz,0.73046875,134.81293925497076
2,1,Fz,0.734375,135.13465016683125
2,1,Fz,0.73828125,135.2432733085116
2,1,Fz,0.7421875,135.2640592146373
2,1,Fz,0.74609375,135.139545129398
2,1,Fz,0.75,134.66587952518626
2,1,Fz,0.75390625,134.1637057073004
2,1,Fz,0.7578125,133.6016189377986
2,1,Fz,0.76171875,133.03050588277702
2,1,Fz,0.765625,132.65002821515594
2,1,Fz,0.76953125,132.33591449625112
2,1,Fz,0.7734375,132.14028349488007
2,1,Fz,0.77734375,132.09777783200204
2,1,Fz,0.78125,132.00213703439846
2,1,Fz,0.78515625,131.99178087915868
2,1,Fz,0.7890625,131.94435608101963
2,1,Fz,0.79296875,131.83264100740166
2,1,Fz,0.796875,131.80570382542777
2,1,Fz,0.80078125,131.70322080781995
2,1,F4,-0.19921875,-6.089114864338829
2,1,F4,-0.1953125,-5.882302622112738
2,1,F4,-0.19140625,-5.5310763858291425
2,1,F4,-0.1875,-5.138516568874862
2,1,F4,-0.18359375,-4.5988175062704615
2,1,F4,-0.1796875,-4.063386300638037
2,1,F4,-0.17578125,-3.764251261343901
2,1,F4,-0.171875,-3.584249137481014
2,1,F4,-0.16796875,-3.5851443190689576
2,1,F4,-0.1640625,-3.6142644543310603
2,1,F4,-0.16015625,-3.546382883368569
2,1,F4,-0.15625,-3.3894042715012853
2,1,F4,-0.15234375,-3.160088577419592
2,1,F4,-0.1484375,-2.961103358741049
2,1,F4,-0.14453125,-2.7564994325851537
2,1,F4,-0.140625,-2.556867511279597
2,1,F4,-0.13671875,-2.3907874624152163
2,1,F4,-0.1328125,-2.275410069696315
2,1,F4,-0.12890625,-2.1743444312650837
2,1,F4,-0.125,-2.0383069174639665
2,1,F4,-0.12109375,-1.86972735273087
2,1,F4,-0.1171875,-1.540749754112974
2,1,F4,-0.11328125,-1.0429286887930176
2,1,F4,-0.109375,-0.521137770348175
2,1,F4,-0.10546875,0.002089320748775575
2,1,F4,-0.1015625,0.5313395130626899
2,1,F4,-0.09765625,0.9994315470530986
2,1,F4,-0.09375,1.3696912123319598
2,1,F4,-0.08984375,1.6365459412624563
2,1,F4,-0.0859375,1.754371427600736
2,1,F4,-0.08203125,1.7046704650540092
2,1,F4,-0.078125,1.6072993350955065
2,1,F4,-0.07421875,1.4648069135544501
2,1,F4,-0.0703125,1.3240738108175922
2,1,F4,-0.06640625,1.2447053311975933
2,1,F4,-0.0625,1.1356079344459316
2,1,F4,-0.05859375,1.1549509684070758
2,1,F4,-0.0546875,1.2945518798812303
2,1,F4,-0.05078125,1.5314898769417895
2,1,F4,-0.046875,1.9233198628907657
2,1,F4,-0.04296875,2.4001655353233757
2,1,F4,-0.0390625,2.9795822725851258
2,1,F4,-0.03515625,3.5834063301805426
2,1,F4,-0.03125,4.201403626292223
2,1,F4,-0.02734375,4.807686598088444
2,1,F4,-0.0234375,5.376396013737566
2,1,F4,-0.01953125,5.981224201200132
2,1,F4,-0.015625,6.462845705141145
2,1,F4,-0.01171875,6.847923536589103
2,1,F4,-0.0078125,7.217823423511662
2,1,F4,-0.00390625,7.537459319015223
2,1,F4,0.0,7.920629264068273
2,1,F4,0.00390625,8.300506098974584
2,1,F4,0.0078125,8.651332086584723
2,1,F4,0.01171875,8.892377882809313
2,1,F4,0.015625,9.036354422029849
2,1,F4,0.01953125,9.118294323901821
2,1,F4,0.0234375,9.122648013054949
2,1,F4,0.02734375,9.261964925059129
2,1,F4,0.03125,9.521903782356738
2,1,F4,0.03515625,9.847091223753642
2,1,F4,0.0390625,10.221658781041558
2,1,F4,0.04296875,10.533226271796018
2,1,F4,0.046875,10.740935917802929
2,1,F4,0.05078125,10.841623420151336
2,1,F4,0.0546875,10.823404169953658
2,1,F4,0.05859375,10.799760261016615
2,1,F4,0.0625,10.754578750035346
2,1,F4,0.06640625,10.665727953451881
2,1,F4,0.0703125,10.678888145696273
2,1,F4,0.07421875,10.692898485892886
2,1,F4,0.078125,10.82772486288007
2,1,F4,0.08203125,11.100818958572562
2,1,F4,0.0859375,11.371511236703451
2,1,F4,0.08984375,11.82105540000864
2,1,F4,0.09375,12.206628755898361
2,1,F4,0.09765625,12.586580896880763
2,1,F4,0.1015625,13.089986961765932
2,1,F4,0.10546875,13.49922206146699
2,1,F4,0.109375,14.056420050616737
2,1,F4,0.11328125,14.646977147204858
2,1,F4,0.1171875,15.296317114379576
2,1,F4,0.12109375,16.0584447998388
2,1,F4,0.125,16.790964043526536
2,1,F4,0.12890625,17.62285652362666
2,1,F4,0.1328125,18.239024326902033
2,1,F4,0.13671875,18.65724974875431
2,1,F4,0.140625,18.91383588494732
2,1,F4,0.14453125,18.916217824693298
2,1,F4,0.1484375,18.995111582176502
2,1,F4,0.15234375,19.086745606837578
2,1,F4,0.15625,19.222498372532034
2,1,F4,0.16015625,19.567461180620192
2,1,F4,0.1640625,20.008978262916976
2,1,F4,0.16796875,20.623878908399515
2,1,F4,0.171875,21.391087360858855
2,1,F4,0.17578125,22.242378789867214
2,1,F4,0.1796875,23.06701143655366
2,1,F4,0.18359375,23.747291148211612
2,1,F4,0.1875,24.311382113298485
2,1,F4,0.19140625,24.62162585991802
2,1,F4,0.1953125,24.835087793829402
2,1,F4,0.19921875,25.05124309039479
2,1,F4,0.203125,25.30240658035417
2,1,F4,0.20703125,25.72174433861499
2,1,F4,0.2109375,26.18911271886548
2,1,F4,0.21484375,26.72288237207432
2,1,F4,0.21875,27.234655594004806
2,1,F4,0.22265625,27.64714916088082
2,1,F4,0.2265625,28.043428208493772
2,1,F4,0.23046875,28.43319281477536
2,1,F4,0.234375,28.97394153126372
2,1,F4,0.23828125,29.685283762614144
2,1,F4,0.2421875,30.47008428543792
2,1,F4,0.24609375,31.410913063584974
2,1,F4,0.25,32.40420226322023
2,1,F4,0.25390625,33.349843314841145
2,1,F4,0.2578125,34.208803157163636
2,1,F4,0.26171875,34.79140634852661
2,1,F4,0.265625,35.155287785536515
2,1,F4,0.26953125,35.36993652595164
2,1,F4,0.2734375,35.591957348183605
2,1,F4,0.27734375,36.02596255952759
2,1,F4,0.28125,36.755918436205164
2,1,F4,0.28515625,37.83136770572936
2,1,F4,0.2890625,39.08371714528453
2,1,F4,0.29296875,40.42591010542094
2,1,F4,0.296875,41.717366130696135
2,1,F4,0.30078125,42.88045166934832
2,1,F4,0.3046875,43.87795064720508
2,1,F4,0.30859375,44.64256367926741
2,1,F4,0.3125,45.26887350120865
2,1,F4,0.31640625,45.837844267428785
2,1,F4,0.3203125,46.48865793043986
2,1,F4,0.32421875,47.18372219503196
2,1,F4,0.328125,47.874103559439
2,1,F4,0.33203125,48.53218147183645
2,1,F4,0.3359375,49.03796402955824
2,1,F4,0.33984375,49.44195791196645
2,1,F4,0.34375,49.80950009821683
2,1,F4,0.34765625,50.185573797303114
2,1,F4,0.3515625,50.55484141097911
2,1,F4,0.35546875,50.89133106956163
2,1,F4,0.359375,51.14501998460659
2,1,F4,0.36328125,51.303564069336915
2,1,F4,0.3671875,51.334891092803176
2,1,F4,0.37109375,51.251494758913466
2,1,F4,0.375,51.221878323928365
2,1,F4,0.37890625,51.19196446482117
2,1,F4,0.3828125,51.25570971384309
2,1,F4,0.38671875,51.409167291265405
2,1,F4,0.390625,51.5545070696056
2,1,F4,0.39453125,51.77595264839171
2,1,F4,0.3984375,52.003833675958404
2,1,F4,0.40234375,52.227236806106944
2,1,F4,0.40625,52.41022960428529
2,1,F4,0.41015625,52.51568317627018
2,1,F4,0.4140625,52.62057069535702
2,1,F4,0.41796875,52.769087139399424
2,1,F4,0.421875,52.98070820962478
2,1,F4,0.42578125,53.32435796892686
2,1,F4,0.4296875,53.76133918880235
2,1,F4,0.43359375,54.35022599731104
2,1,F4,0.4375,55.11232224326294
2,1,F4,0.44140625,55.98441233770809
2,1,F4,0.4453125,57.047133676345325
2,1,F4,0.44921875,58.17353568391492
2,1,F4,0.453125,59.284296151743696
2,1,F4,0.45703125,60.305812716694945
2,1,F4,0.4609375,61.20892871844346
2,1,F4,0.46484375,62.018211608952384
2,1,F4,0.46875,62.61931484864991
2,1,F4,0.47265625,63.24858828073985
2,1,F4,0.4765625,63.978129338773314
2,1,F4,0.48046875,64.73605133350605
2,1,F4,0.484375,65.69284771792017
2,1,F4,0.48828125,66.67360569578017
2,1,F4,0.4921875,67.74425692570034
2,1,F4,0.49609375,69.01204151505631
2,1,F4,0.5,70.28845347731125
2,1,F4,0.50390625,71.71990468835841
2,1,F4,0.5078125,73.35457535706968
2,1,F4,0.51171875,75.18093762809272
2,1,F4,0.515625,77.26618402069474
2,1,F4,0.51953125,79.65387822023207
2,1,F4,0.5234375,82.33818924692301
2,1,F4,0.52734375,85.22238234963046
2,1,F4,0.53125,88.34942677374485
2,1,F4,0.53515625,91.61850547157253
2,1,F4,0.5390625,94.9699192057119
2,1,F4,0.54296875,98.48205625899229
2,1,F4,0.546875,102.06222499501447
2,1,F4,0.55078125,105.70755891869268
2,1,F4,0.5546875,109.42513085800022
2,1,F4,0.55859375,113.15556709459128
2,1,F4,0.5625,116.8940684346846
2,1,F4,0.56640625,120.60781801433484
2,1,F4,0.5703125,124.30053539153607
2,1,F4,0.57421875,127.92498822378853
2,1,F4,0.578125,131.45850075488613
2,1,F4,0.58203125,134.91162647432998
2,1,F4,0.5859375,138.2220529371162
2,1,F4,0.58984375,141.37174893213066
2,1,F4,0.59375,144.36138151800043
2,1,F4,0.59765625,147.2265616972136
2,1,F4,0.6015625,149.9277998636205
2,1,F4,0.60546875,152.57828461938738
2,1,F4,0.609375,155.26665265967222
2,1,F4,0.61328125,157.84857584223656
2,1,F4,0.6171875,160.41221619142732
2,1,F4,0.62109375,162.81518820127192
2,1,F4,0.625,165.0821260286378
2,1,F4,0.62890625,167.35172278304594
2,1,F4,0.6328125,169.489026313868
2,1,F4,0.63671875,171.67477200654173
2,1,F4,0.640625,173.70131831484633
2,1,F4,0.64453125,175.6393345752731
2,1,F4,0.6484375,177.56569546684787
2,1,F4,0.65234375,179.3355217928883
2,1,F4,0.65625,181.21350846254188
2,1,F4,0.66015625,183.06472700038066
2,1,F4,0.6640625,184.8572130911292
2,1,F4,0.66796875,186.4922462899384
2,1,F4,0.671875,187.8920614011505
2,1,F4,0.67578125,189.07196764758606
2,1,F4,0.6796875,189.98816533788084
2,1,F4,0.68359375,190.79866885362463
2,1,F4,0.6875,191.3732962038834
2,1,F4,0.69140625,191.71977650217872
2,1,F4,0.6953125,191.91860362003573
2,1,F4,0.69921875,191.94367419377846
2,1,F4,0.703125,191.96962707006566
2,1,F4,0.70703125,191.96273761032523
2,1,F4,0.7109375,191.99462060660446
2,1,F4,0.71484375,192.26132966962624
2,1,F4,0.71875,192.55091862954686
2,1,F4,0.72265625,192.94490004283773
2,1,F4,0.7265625,193.42219354877733
2,1,F4,0.73046875,193.90642354205625
2,1,F4,0.734375,194.4960924472069
2,1,F4,0.73828125,194.79088660342921
2,1,F4,0.7421875,194.93877956621708
2,1,F4,0.74609375,194.92587695962828
2,1,F4,0.75,194.56309389169945
2,1,F4,0.75390625,194.21447941948202
2,1,F4,0.7578125,193.86379817125498
2,1,F4,0.76171875,193.61715787461546
2,1,F4,0.765625,193.60691966749533
2,1,F4,0.76953125,193.66380454823886
2,1,F4,0.7734375,193.81986695214812
2,1,F4,0.77734375,194.00579111910733
2,1,F4,0.78125,194.05120255251492
2,1,F4,0.78515625,194.08163924709976
2,1,F4,0.7890625,194.00256774933746
2,1,F4,0.79296875,193.87948167455303
2,1,F4,0.796875,193.85036500932284
2,1,F4,0.80078125,193.7774581501361
