task,direction,channel,time_s,train_observed,heldout_observed,fitted
1,-1,F3,-0.19921875,6.91138050595631,-2.6219060904042917,0.0
1,-1,F3,-0.1953125,6.079548920626447,-2.3304051828969197,0.0
1,-1,F3,-0.19140625,5.051854237056439,-1.8694741952036278,0.0
1,-1,F3,-0.1875,4.25661263825421,-1.3955836769090337,0.0
1,-1,F3,-0.18359375,3.638399646071955,-0.9018324313555498,0.0
1,-1,F3,-0.1796875,3.6374010497606832,-0.40149231020096154,0.0
1,-1,F3,-0.17578125,3.8684318349878595,0.04917713091769185,0.0
1,-1,F3,-0.171875,4.428085471432953,0.36972529670513515,0.0
1,-1,F3,-0.16796875,4.9804496762572805,0.5720552867843207,0.0
1,-1,F3,-0.1640625,4.941386439882197,0.5688796524893752,0.0
1,-1,F3,-0.16015625,4.582649767978492,0.43351123608188197,0.0
1,-1,F3,-0.15625,3.666533465640058,0.15856937530239681,0.0
1,-1,F3,-0.15234375,2.5947086141874802,-0.21012627766373426,0.0
1,-1,F3,-0.1484375,1.8110828887631791,-0.5532633784366862,0.0
1,-1,F3,-0.14453125,1.2318870815908916,-0.9174048952799227,0.0
1,-1,F3,-0.140625,1.2287038125372518,-1.369438221867204,0.0
1,-1,F3,-0.13671875,1.4459314040302331,-1.8063333390780063,0.0
1,-1,F3,-0.1328125,1.5553678583013837,-2.308710525577947,0.0
1,-1,F3,-0.12890625,1.6391245519519204,-2.727018916050454,0.0
1,-1,F3,-0.125,1.4548860991952888,-2.780223028920177,0.0
1,-1,F3,-0.12109375,1.2228899722339064,-2.5894993626882643,0.0
1,-1,F3,-0.1171875,0.9203773991082035,-2.166756035318657,0.0
1,-1,F3,-0.11328125,0.6657578031143414,-1.5568734617329154,0.0
1,-1,F3,-0.109375,0.9318875506417775,-0.6414213672076664,0.0
1,-1,F3,-0.10546875,1.3557584214785217,0.380033068944632,0.0
1,-1,F3,-0.1015625,1.905199801651511,1.3960597130006982,0.0
1,-1,F3,-0.09765625,2.374468579419681,2.3786869882767405,0.0
1,-1,F3,-0.09375,2.473657156018079,3.2536865450203076,0.0
1,-1,F3,-0.08984375,2.297913792694173,3.9677271920504618,0.0
1,-1,F3,-0.0859375,1.3738414970776296,4.5719896149825985,0.0
1,-1,F3,-0.08203125,0.19424898505273647,4.948095452798434,0.0
1,-1,F3,-0.078125,-0.9970083970315223,4.792914588902296,0.0
1,-1,F3,-0.07421875,-2.0745184226021545,4.319920357902298,0.0
1,-1,F3,-0.0703125,-2.5289688970871094,3.4404869529951836,0.0
1,-1,F3,-0.06640625,-2.6060898491066777,2.387451495960101,0.0
1,-1,F3,-0.0625,-2.215178217271997,1.303471726380345,0.0
1,-1,F3,-0.05859375,-1.7345828043369718,0.30785731608010974,0.0
1,-1,F3,-0.0546875,-1.5443665745102202,-0.3681963033891854,0.0
1,-1,F3,-0.05078125,-1.6849529033695674,-0.800004078830546,0.0
1,-1,F3,-0.046875,-2.5707521588500644,-0.6114512728050534,0.0
1,-1,F3,-0.04296875,-3.7096940894610286,-0.20323789908209058,0.0
1,-1,F3,-0.0390625,-4.66112925217715,0.32515568175646564,0.0
1,-1,F3,-0.03515625,-5.392658862707519,0.8072224073452808,0.0
1,-1,F3,-0.03125,-5.774261983788192,0.641310060228616,0.0
1,-1,F3,-0.02734375,-5.998192049666839,0.21910330043409354,0.0
1,-1,F3,-0.0234375,-6.158055761392214,-0.5796024211265165,0.0
1,-1,F3,-0.01953125,-6.359373281419426,-1.4757313363524593,0.0
1,-1,F3,-0.015625,-6.7346532800532275,-1.9355175198199717,0.0
1,-1,F3,-0.01171875,-7.129824898231002,-2.217322658914306,0.0
1,-1,F3,-0.0078125,-7.370140897113862,-2.201140978105685,0.0
1,-1,F3,-0.00390625,-7.476024342776311,-2.053123276122001,0.0
1,-1,F3,0.0,-7.460155429305579,-2.0309625823110276,0.0
1,-1,F3,0.00390625,-7.403321707175015,-2.005606144737306,-0.01204382110707269
1,-1,F3,0.0078125,-7.199567340386225,-2.068455181733925,-0.04737395390200935
1,-1,F3,0.01171875,-7.033458102787671,-2.125251494108332,-0.10485916474517243
1,-1,F3,0.015625,-7.238297479407422,-1.9356945531165755,-0.18340510108903177
1,-1,F3,0.01953125,-7.625069234229341,-1.6668144112598986,-0.2819539289231888
1,-1,F3,0.0234375,-8.353134887258564,-1.3727650940043274,-0.39948386392704743
1,-1,F3,0.02734375,-9.19530034532902,-1.0814103060567894,-0.5350086124951827
1,-1,F3,0.03125,-9.893776781192695,-0.9361111155801183,-0.6875767372286948
1,-1,F3,0.03515625,-10.500153964889577,-0.878096834957521,-0.854217914574341
1,-1,F3,0.0390625,-10.8760073790118,-0.8179566058095948,-1.0333628361111165
1,-1,F3,0.04296875,-11.108904457938396,-0.8288111195281749,-1.2242797010041928
1,-1,F3,0.046875,-11.178966994442977,-1.00534611932706,-1.426264406207644
1,-1,F3,0.05078125,-11.156897333446281,-1.2947440449825764,-1.6386398369767403
1,-1,F3,0.0546875,-11.095997695527863,-1.8059446988519556,-1.8607551376366747
1,-1,F3,0.05859375,-11.045880267932425,-2.401106132416795,-2.0919849688991454
1,-1,F3,0.0625,-11.009543783077959,-3.000280610657215,-2.3317287571987872
1,-1,F3,0.06640625,-11.071748921033526,-3.5524455423133903,-2.579409940783027
1,-1,F3,0.0703125,-11.362439842450977,-3.964732798780844,-2.8344752166260596
1,-1,F3,0.07421875,-11.803428390263932,-4.275196845705604,-3.0963937916448683
1,-1,F3,0.078125,-12.654818386361423,-4.234058507468049,-3.364656641166907
1,-1,F3,0.08203125,-13.627984902796038,-4.057419833979975,-3.6387757771299283
1,-1,F3,0.0859375,-14.462672311901093,-4.050189921723575,-3.9182835280791797
1,-1,F3,0.08984375,-15.196858302467607,-4.058969825068338,-4.202731832660913
1,-1,F3,0.09375,-15.608426173744716,-4.09387144079619,-4.491691547989112
1,-1,F3,0.09765625,-15.885151982666551,-4.1192047794813265,-4.784751773980212
1,-1,F3,0.1015625,-15.920697238356395,-3.990553620315042,-5.08151919450428
1,-1,F3,0.10546875,-15.906552569601113,-3.831526818139734,-5.381617435986912
1,-1,F3,0.109375,-16.258314878893565,-3.6190794562937603,-5.684686443910506
1,-1,F3,0.11328125,-16.72553394813237,-3.4516129780280562,-5.99038187750353
1,-1,F3,0.1171875,-17.38054764910201,-3.508458931633764,-6.298374522768943
1,-1,F3,0.12109375,-18.034004422229383,-3.696261243780185,-6.608349723885588
1,-1,F3,0.125,-18.47273608803564,-4.146792256692094,-6.920006832916722
1,-1,F3,0.12890625,-18.746704516773846,-4.676223649194511,-7.233058677675814
1,-1,F3,0.1328125,-18.567830083161507,-5.2174278122633355,-7.5472310475294755
1,-1,F3,0.13671875,-18.194468022966685,-5.702813124849386,-7.862262196859093
1,-1,F3,0.140625,-17.735236233643302,-5.818635413921455,-8.177902365855024
1,-1,F3,0.14453125,-17.282352865417323,-5.752678385130975,-8.493913318278704
1,-1,F3,0.1484375,-16.985813181644623,-5.580247974191252,-8.810067895797363
1,-1,F3,0.15234375,-16.820748431598286,-5.333772197475847,-9.126149588472519
1,-1,F3,0.15625,-17.078439450369572,-5.00915087307141,-9.441952120965702
1,-1,F3,0.16015625,-17.518384912570465,-4.680807027419816,-9.75727905401235
1,-1,F3,0.1640625,-17.963702591019977,-4.489132976854317,-10.071943400706772
1,-1,F3,0.16796875,-18.439310630106224,-4.394525183613564,-10.385767257136733
1,-1,F3,0.171875,-18.794527539172478,-4.403359111701956,-10.698581446905132
1,-1,F3,0.17578125,-19.123279315018546,-4.529240908279079,-11.010225179077775
1,-1,F3,0.1796875,-19.460935168059212,-4.7870951337816114,-11.320545719100195
1,-1,F3,0.18359375,-19.79737265315496,-5.155389418692848,-11.629398072232167
1,-1,F3,0.1875,-20.243968149757908,-5.744490405413152,-11.936644679055862
1,-1,F3,0.19140625,-20.700582417673456,-6.403086616039082,-12.242155122622222
1,-1,F3,0.1953125,-21.071864729920048,-7.095432563243271,-12.545805846809682
1,-1,F3,0.19921875,-21.397304074452528,-7.740306029454347,-12.84747988547971
1,-1,F3,0.203125,-21.580989421027592,-8.090831018924654,-13.147066602024772
1,-1,F3,0.20703125,-21.711500558364616,-8.271181466023808,-13.444461438915615
1,-1,F3,0.2109375,-21.899173628974083,-8.28877126266485,-13.739565676866693
1,-1,F3,0.21484375,-22.09251748332391,-8.181402503850384,-14.032286203250358
1,-1,F3,0.21875,-22.33224543923361,-7.971754693619415,-14.322535289402612
1,-1,F3,0.22265625,-22.56904330804063,-7.700410551497376,-14.610230376475245
1,-1,F3,0.2265625,-22.74702721519908,-7.386207706388214,-14.895293869501163
1,-1,F3,0.23046875,-22.904684086988592,-7.082276125175146,-15.17765293935163
1,-1,F3,0.234375,-22.93353188788706,-6.833584264733041,-15.457239332275815
1,-1,F3,0.23828125,-22.942052842024754,-6.66193768502115,-15.73398918672463
1,-1,F3,0.2421875,-23.111211484203196,-6.679476586825451,-16.007842857171966
1,-1,F3,0.24609375,-23.317745523415546,-6.799542842599354,-16.278744744657594
1,-1,F3,0.25,-23.6491077859731,-7.096364003347617,-16.54664313378656
1,-1,F3,0.25390625,-23.965448636464572,-7.406470248149708,-16.8114900359304
1,-1,F3,0.2578125,-24.05234969513738,-7.712401010112399,-17.073241038385568
1,-1,F3,0.26171875,-24.020343361917885,-7.915973404724446,-17.3318551592542
1,-1,F3,0.265625,-23.720257377384232,-7.5934091102220025,-17.587294707821883
1,-1,F3,0.26953125,-23.336158083653064,-7.039561045108532,-17.839525150216062
1,-1,F3,0.2734375,-23.02846951561622,-6.3462899928098295,-18.088514980137763
1,-1,F3,0.27734375,-22.777617273733664,-5.571466798221328,-18.334235594467398
1,-1,F3,0.28125,-22.771502870036073,-4.9549882755297245,-18.576661173554037
1,-1,F3,0.28515625,-22.894446559810298,-4.38592404391028,-18.815768566004987
1,-1,F3,0.2890625,-23.02654091523557,-3.829226283914757,-19.05153717780025
1,-1,F3,0.29296875,-23.249993899036436,-3.302395708359151,-19.283948865563595
1,-1,F3,0.296875,-23.509175125311252,-2.773182398007241,-19.51298783382902
1,-1,F3,0.30078125,-23.847255975184805,-2.278460312119202,-19.738640536147827
1,-1,F3,0.3046875,-24.5679433871749,-1.8501699177481314,-19.960895579888223
1,-1,F3,0.30859375,-25.37152946686503,-1.4916048528672845,-20.179743634585122
1,-1,F3,0.3125,-26.164918329247808,-1.2111840803344083,-20.39517734370402
1,-1,F3,0.31640625,-26.88412295335801,-0.9869391605778569,-20.607191239688213
1,-1,F3,0.3203125,-27.00294093392009,-0.9169225878954117,-20.815781662164028
1,-1,F3,0.32421875,-26.925596912539792,-0.8854926323560085,-21.020946679184014
1,-1,F3,0.328125,-26.824333381247094,-0.7683887950335921,-21.222686011392717
1,-1,F3,0.33203125,-26.7430151158209,-0.5962621404615722,-21.421000959004687
1,-1,F3,0.3359375,-27.070004176693256,-0.29511454867739173,-21.61589433148852
1,-1,F3,0.33984375,-27.54449602623975,0.06533524291656322,-21.80737037985542
1,-1,F3,0.34375,-28.134912147796037,0.5226968293462442,-21.995434731454502
1,-1,F3,0.34765625,-28.769423822394003,0.9890528180018084,-22.18009432718137
1,-1,F3,0.3515625,-29.134238328850838,1.354884044735627,-22.361357361009958
1,-1,F3,0.35546875,-29.422748773053,1.6463881406349499,-22.539233221761503
1,-1,F3,0.359375,-29.749032601432624,1.7722607873289726,-22.71373243702769
1,-1,F3,0.36328125,-30.057891755453557,1.7989627729968212,-22.88486661916864
1,-1,F3,0.3671875,-30.517931649787915,1.7781324341417961,-23.052648413309214
1,-1,F3,0.37109375,-30.9738956792923,1.6794078091769395,-23.217091447260454
1,-1,F3,0.375,-31.191596077857024,1.5873265508651475,-23.37821028329556
1,-1,F3,0.37890625,-31.32231570469298,1.4156968427622796,-23.536020371712905
1,-1,F3,0.3828125,-31.25593737395906,1.0458568814423688,-23.690538006120946
1,-1,F3,0.38671875,-31.1652932544354,0.5691310750667252,-23.84178028038251
1,-1,F3,0.390625,-31.292487335536247,-0.16828045203773284,-23.989765047158514
1,-1,F3,0.39453125,-31.55300191105241,-0.9571413181932718,-24.13451087799318
1,-1,F3,0.3984375,-32.043466182471136,-1.5961097599301686,-24.276037024885444
1,-1,F3,0.40234375,-32.671346473375046,-2.132208602528415,-24.414363383292915
1,-1,F3,0.40625,-33.40561998386593,-2.308467872971726,-24.54951045651723
1,-1,F3,0.41015625,-34.220136715334746,-2.364483157886819,-24.68149932142118
1,-1,F3,0.4140625,-34.99017831932823,-2.3548956215934376,-24.810351595430316
1,-1,F3,0.41796875,-35.76895190400583,-2.3515536588307366,-24.93608940477302
1,-1,F3,0.421875,-36.65330666638547,-2.7221080895341787,-25.058735353915218
1,-1,F3,0.42578125,-37.546709652636764,-3.204070984730713,-25.178312496147186
1,-1,F3,0.4296875,-38.413121249938676,-3.751512081886883,-25.294844305281757
1,-1,F3,0.43359375,-39.22779736746681,-4.266807214709907,-25.408354648424567
1,-1,F3,0.4375,-39.85777741110697,-4.523375898783528,-25.518867759778516
1,-1,F3,0.44140625,-40.368171927372416,-4.62502788439342,-25.62640821544597
1,-1,F3,0.4453125,-40.8460381120249,-4.4405796674342755,-25.73100090919359
1,-1,F3,0.44921875,-41.27571069851004,-4.1251741384783145,-25.83267102914601
1,-1,F3,0.453125,-41.62660105672041,-3.7938333061244367,-25.931444035375677
1,-1,F3,0.45703125,-41.93695354124518,-3.45431616328529,-26.02734563835744
1,-1,F3,0.4609375,-42.31091798335774,-3.252597733323469,-26.120401778257726
1,-1,F3,0.46484375,-42.6062461768639,-3.0814419158715816,-26.210638605028837
1,-1,F3,0.46875,-42.532258644721516,-3.0248813998783497,-26.29808245928058
1,-1,F3,0.47265625,-42.26191152033725,-2.9521691676381367,-26.382759853901756
1,-1,F3,0.4765625,-41.77112632890217,-2.696520130923697,-26.464697456405514
1,-1,F3,0.48046875,-41.222781254551386,-2.3263886910123093,-26.543922071973274
1,-1,F3,0.484375,-40.74785653677132,-1.6880655781704945,-26.62046062717285
1,-1,F3,0.48828125,-40.38795158183692,-0.9298867745468082,-26.69434015432732
1,-1,F3,0.4921875,-40.40822989340921,-0.1711681752358262,-26.765587776511932
1,-1,F3,0.49609375,-40.648033499104585,0.6281385406812233,-26.8342306931572
1,-1,F3,0.5,-41.12966823280584,1.2722363399312633,-26.900296166237048
1,-1,F3,0.50390625,-41.7660537215223,1.9461375475713085,-26.963811507021685
1,-1,F3,0.5078125,-42.39913921393239,2.789206503013681,-27.024804063375534
1,-1,F3,0.51171875,-43.07084426259106,3.7351319191201857,-27.083301207581147
1,-1,F3,0.515625,-43.804402858546354,5.112706267251203,-27.139330324670944
1,-1,F3,0.51953125,-44.51013653765003,6.559100056476113,-27.192918801248922
1,-1,F3,0.5234375,-45.282550002429836,7.879468603484897,-27.24409401478541
1,-1,F3,0.52734375,-45.95261939715678,9.013766525629187,-27.292883323368194
1,-1,F3,0.53125,-46.211126889818246,9.510799953870015,-27.339314055894285
1,-1,F3,0.53515625,-46.2659974835906,9.691372858440147,-27.38341350268677
1,-1,F3,0.5390625,-45.86354512936337,9.488450362940375,-27.42520890652198
1,-1,F3,0.54296875,-45.359201214996695,9.132804783650199,-27.464727454052685
1,-1,F3,0.546875,-45.134697378912186,9.023290838696392,-27.501996267613244
1,-1,F3,0.55078125,-45.08202381894252,9.041633214157764,-27.537042397393552
1,-1,F3,0.5546875,-45.588318942914334,9.213866878329666,-27.569892813968725
1,-1,F3,0.55859375,-46.288448790512746,9.53630275276887,-27.60057440117204
1,-1,F3,0.5625,-47.070587291990066,10.127157961840286,-27.629113949299025
1,-1,F3,0.56640625,-47.81806186362526,10.897765937372474,-27.655538148631113
1,-1,F3,0.5703125,-48.05485887329834,11.703378212898906,-27.679873583267547
1,-1,F3,0.57421875,-48.087615727305845,12.60151728675468,-27.70214672525453
1,-1,F3,0.578125,-47.84679817620146,13.723826625604616,-27.722383929001328
1,-1,F3,0.58203125,-47.54282965419531,14.897353190119127,-27.740611425972894
1,-1,F3,0.5859375,-47.533350893618234,16.18212577243031,-27.756855319649365
1,-1,F3,0.58984375,-47.66285593979548,17.423939265724147,-27.771141580742842
1,-1,F3,0.59375,-48.121676641190724,18.148560095219988,-27.783496042662282
1,-1,F3,0.59765625,-48.68027856057334,18.678221520749478,-27.79394439721763
1,-1,F3,0.6015625,-49.151672320618694,19.08865460887812,-27.802512190554598
1,-1,F3,0.60546875,-49.555410983131715,19.478250470928185,-27.80922481931185
1,-1,F3,0.609375,-49.630301247564134,20.100469295116337,-27.814107526992476
1,-1,F3,0.61328125,-49.57537955412139,20.8308817775285,-27.817185400542076
1,-1,F3,0.6171875,-49.46536331983609,21.817326655436514,-27.818483367125992
1,-1,F3,0.62109375,-49.330270553529964,22.914013416820552,-27.81802619109837
1,-1,F3,0.625,-49.369171507954,23.799055267338932,-27.815838471156056
1,-1,F3,0.62890625,-49.458274175744414,24.691196222250845,-27.811944637670702
1,-1,F3,0.6328125,-49.562139821491144,25.619852445568164,-27.80636895019232
1,-1,F3,0.63671875,-49.67408638914581,26.647260188673044,-27.799135495118108
1,-1,F3,0.640625,-49.7068254233077,28.026891371275337,-27.790268183520453
1,-1,F3,0.64453125,-49.72065000616236,29.545687758561755,-27.779790749128107
1,-1,F3,0.6484375,-49.74416696123332,31.33930452666859,-27.767726746454898
1,-1,F3,0.65234375,-49.74661734292115,33.150478669941194,-27.754099549070382
1,-1,F3,0.65625,-49.77878887395135,34.577378738336385,-27.73893234800726
1,-1,F3,0.66015625,-49.76359318865172,35.792033970758446,-27.72224815030018
1,-1,F3,0.6640625,-49.633090770388854,36.59715739722443,-27.70406977765115
1,-1,F3,0.66796875,-49.42314005267664,37.17930565145681,-27.684419865216526
1,-1,F3,0.671875,-48.93684858117841,37.73413871548794,-27.663320860511185
1,-1,F3,0.67578125,-48.379826133271756,38.18955430712936,-27.64079502242514
1,-1,F3,0.6796875,-47.921172148118266,38.669461667812854,-27.61686442034836
1,-1,F3,0.68359375,-47.5150561756753,39.07113515693989,-27.591550933399546
1,-1,F3,0.6875,-47.4228452087815,39.334639682377535,-27.56487624975492
1,-1,F3,0.69140625,-47.384478993920126,39.46292242197329,-27.536861866072883
1,-1,F3,0.6953125,-47.32821565531782,39.35259179207792,-27.507529087010887
1,-1,F3,0.69921875,-47.16751740456582,39.0951346036657,-27.476899024830956
1,-1,F3,0.703125,-46.50887675233136,38.680775477204676,-27.444992599089975
1,-1,F3,0.70703125,-45.62037744921528,38.20968547420032,-27.411830536411728
1,-1,F3,0.7109375,-44.50452267055146,37.70028459580033,-27.377433370337037
1,-1,F3,0.71484375,-43.2969243610896,37.256730695867034,-27.34182144124903
1,-1,F3,0.71875,-42.246673525090834,37.04187271031951,-27.30501489637032
1,-1,F3,0.72265625,-41.3072279672044,36.99908104389846,-27.26703368982913
1,-1,F3,0.7265625,-40.45431730941484,37.33587447740483,-27.227897582791584
1,-1,F3,0.73046875,-39.73502643416291,37.80532902440101,-27.18762614365719
1,-1,F3,0.734375,-39.38924062701672,38.430686008209086,-27.146238748314996
1,-1,F3,0.73828125,-39.2053477908028,38.99068266577945,-27.10375458045771
1,-1,F3,0.7421875,-39.150553459600985,39.113761632329556,-27.060192631951352
1,-1,F3,0.74609375,-39.11679236345946,38.948508249319836,-27.015571703257876
1,-1,F3,0.75,-38.87077663674325,38.21098904974827,-26.969910403908663
1,-1,F3,0.75390625,-38.52472527527922,37.19774912869635,-26.923227153026296
1,-1,F3,0.7578125,-37.91323842459824,36.103477164648936,-26.875540179892774
1,-1,F3,0.76171875,-37.25411335708739,34.99222021102783,-26.82686752456177
1,-1,F3,0.765625,-36.625806464014914,34.00111793490758,-26.77722703851306
1,-1,F3,0.76953125,-36.15698130135236,33.175451864183984,-26.726636385347128
1,-1,F3,0.7734375,-36.03719778514565,32.650818577874006,-26.675113041517996
1,-1,F3,0.77734375,-36.23559605939317,32.38628106324022,-26.622674297102478
1,-1,F3,0.78125,-37.054427805980055,32.565708621536864,-26.56933725660417
1,-1,F3,0.78515625,-38.2102838938545,33.001440516035295,-26.515118839790276
1,-1,F3,0.7890625,-39.68314826777294,33.64475840545801,-26.460035782559856
1,-1,F3,0.79296875,-41.145341486261415,34.3298093907621,-26.404104637841648
1,-1,F3,0.796875,-42.76222780009192,35.099680898240585,-26.34734177652026
1,-1,F3,0.80078125,-44.08543048479614,35.732688587351674,-26.28976338838887
1,-1,Fz,-0.19921875,-0.5652588945328041,-2.180231822588862,0.0
1,-1,Fz,-0.1953125,-0.8952719660471241,-2.1118082008729937,0.0
1,-1,Fz,-0.19140625,-1.2990131706101864,-1.8969662829123246,0.0
1,-1,Fz,-0.1875,-1.7058722329425133,-1.4550758524743401,0.0
1,-1,Fz,-0.18359375,-2.041913858431976,-0.910462331308658,0.0
1,-1,Fz,-0.1796875,-1.9955258118685306,-0.2520791792551128,0.0
1,-1,Fz,-0.17578125,-1.7865011362753687,0.3941404339896819,0.0
1,-1,Fz,-0.171875,-1.3257667686414536,0.8369793600648378,0.0
1,-1,Fz,-0.16796875,-0.8179932138345754,1.1188309526224836,0.0
1,-1,Fz,-0.1640625,-0.5493603874217023,1.1323125307037551,0.0
1,-1,Fz,-0.16015625,-0.40578429993815285,0.9767272173476779,0.0
1,-1,Fz,-0.15625,-0.6484799616011097,0.5654216012558796,0.0
1,-1,Fz,-0.15234375,-1.0235314802443267,0.035245151309877674,0.0
1,-1,Fz,-0.1484375,-1.295594406155711,-0.3664401718275877,0.0
1,-1,Fz,-0.14453125,-1.5304280944531978,-0.7336312356537255,0.0
1,-1,Fz,-0.140625,-1.5252338147349855,-1.1246348674519897,0.0
1,-1,Fz,-0.13671875,-1.4374678079914875,-1.470757614332449,0.0
1,-1,Fz,-0.1328125,-1.4135074640570997,-1.7611966479391088,0.0
1,-1,Fz,-0.12890625,-1.3888773355172075,-1.9643403538698478,0.0
1,-1,Fz,-0.125,-1.4719343899128838,-1.991611205613617,0.0
1,-1,Fz,-0.12109375,-1.526176755427598,-1.8719985449679832,0.0
1,-1,Fz,-0.1171875,-1.519529095657446,-1.6505468045206615,0.0
1,-1,Fz,-0.11328125,-1.4000782892989185,-1.3062306171962144,0.0
1,-1,Fz,-0.109375,-0.8926493545903984,-0.6954789393219297,0.0
1,-1,Fz,-0.10546875,-0.2310627653295334,0.043231263964523294,0.0
1,-1,Fz,-0.1015625,0.6448144196813778,0.8147337696889856,0.0
1,-1,Fz,-0.09765625,1.515485265541019,1.5939287874656922,0.0
1,-1,Fz,-0.09375,2.091618529544933,2.3437090699558016,0.0
1,-1,Fz,-0.08984375,2.4532726633147397,3.006167479493108,0.0
1,-1,Fz,-0.0859375,2.3085265558222083,3.551874664049839,0.0
1,-1,Fz,-0.08203125,1.9509822304979316,3.9319737723574235,0.0
1,-1,Fz,-0.078125,1.4613088134843537,4.02900548872832,0.0
1,-1,Fz,-0.07421875,0.966756853096504,3.898212914514535,0.0
1,-1,Fz,-0.0703125,0.8201291512077181,3.4642794654043536,0.0
1,-1,Fz,-0.06640625,0.8412460188017019,2.864955513582751,0.0
1,-1,Fz,-0.0625,1.1668948438985125,2.004167363745602,0.0
1,-1,Fz,-0.05859375,1.5547414111450746,1.1075290773119704,0.0
1,-1,Fz,-0.0546875,1.7566880922578738,0.4711963700565958,0.0
1,-1,Fz,-0.05078125,1.801804061727672,-0.0050215785487831375,0.0
1,-1,Fz,-0.046875,1.4424066505613216,-0.03585681369224026,0.0
1,-1,Fz,-0.04296875,0.9589380464638634,0.086339055650172,0.0
1,-1,Fz,-0.0390625,0.531329290806929,0.2667616926574868,0.0
1,-1,Fz,-0.03515625,0.22175846611875155,0.4070819049697905,0.0
1,-1,Fz,-0.03125,0.22058354399193544,0.10632085185314666,0.0
1,-1,Fz,-0.02734375,0.35388787580636083,-0.3772492523073274,0.0
1,-1,Fz,-0.0234375,0.6335927475280954,-1.1038197134097618,0.0
1,-1,Fz,-0.01953125,0.9138945503847102,-1.9016873380487707,0.0
1,-1,Fz,-0.015625,1.0211790821768432,-2.465214790765716,0.0
1,-1,Fz,-0.01171875,1.0623300081611875,-2.909252035004217,0.0
1,-1,Fz,-0.0078125,1.0236991448108395,-3.183968458711711,0.0
1,-1,Fz,-0.00390625,0.9749444386838231,-3.325565100148593,0.0
1,-1,Fz,0.0,0.9831500732925822,-3.4011674993921837,0.0
1,-1,Fz,0.00390625,1.0257567218247734,-3.3531833043635584,0.000621912580820391
1,-1,Fz,0.0078125,1.2110465462917468,-3.201135089463676,0.0024576027855626736
1,-1,Fz,0.01171875,1.4269225245086052,-2.9378473976119404,0.005470513977878981
1,-1,Fz,0.015625,1.6295343260832793,-2.312272715305712,0.009624831664518418
1,-1,Fz,0.01953125,1.7856935769587543,-1.5794063741559314,0.014885505455803139
1,-1,Fz,0.0234375,1.7544645897221427,-0.90427270998977,0.02121826488096373
1,-1,Fz,0.02734375,1.6232596695316295,-0.3030672038590265,0.028589629810691262
1,-1,Fz,0.03125,1.3659960737259467,-0.01910730565999001,0.03696691617265415
1,-1,Fz,0.03515625,1.0650195941455667,0.07540773022336805,0.04733462507008155
1,-1,Fz,0.0390625,0.7526949599143024,0.055935826023990214,0.06000191849854437
1,-1,Fz,0.04296875,0.49385866856209365,-0.10710965491334677,0.07488057437928734
1,-1,Fz,0.046875,0.3799239847392525,-0.4105020289792212,0.09188511828814154
1,-1,Fz,0.05078125,0.37931646231758137,-0.8213433564541185,0.11093275072923474
1,-1,Fz,0.0546875,0.6986526793695224,-1.468472384004249,0.13194327458073624
1,-1,Fz,0.05859375,1.1364988194829875,-2.1830938763879257,0.15483902296986904
1,-1,Fz,0.0625,1.5512528364152414,-2.800725072209739,0.17954478779873695
1,-1,Fz,0.06640625,1.9254169725183605,-3.3541129692026015,0.2059877491102782
1,-1,Fz,0.0703125,2.1482771847376365,-3.6731689709162327,0.23409740545466304
1,-1,Fz,0.07421875,2.273548250566937,-3.894055882511175,0.26380550539048475
1,-1,Fz,0.078125,2.132090814831782,-4.065548271271757,0.295045980231928
1,-1,Fz,0.08203125,1.900197613654081,-4.2012679399997515,0.3277548781325115
1,-1,Fz,0.0859375,1.741715554280261,-4.531688095695155,0.3618702995777785
1,-1,Fz,0.08984375,1.6143511077046082,-4.868722941491208,0.39733233434324033
1,-1,Fz,0.09375,1.674402554052429,-5.104814408065715,0.43408299995975935
1,-1,Fz,0.09765625,1.7660159443555763,-5.24577117616969,0.4720661817162103
1,-1,Fz,0.1015625,1.9035989175119457,-5.10043009500621,0.5112275742184991
1,-1,Fz,0.10546875,1.9798980775736361,-4.846767418176533,0.5515146245146869
1,-1,Fz,0.109375,1.7111053210177156,-4.446649959524766,0.5928764767879156
1,-1,Fz,0.11328125,1.3082419561775671,-4.049253972395727,0.6352639186119159
1,-1,Fz,0.1171875,0.5936656517752501,-3.9470848991856973,0.6786293287579828
1,-1,Fz,0.12109375,-0.14367642972475506,-3.9939398073515973,0.722926626537302
1,-1,Fz,0.125,-0.5292017213770606,-4.31341882353622,0.7681112226583118
1,-1,Fz,0.12890625,-0.6830689249923562,-4.715568331810467,0.8141399715752817
1,-1,Fz,0.1328125,-0.37669479593133787,-5.129425107774916,0.8609711253014121
1,-1,Fz,0.13671875,0.16587892114088662,-5.51142265834996,0.908564288657417
1,-1,Fz,0.140625,0.9122009480438229,-5.555957020750219,0.9568803759246928
1,-1,Fz,0.14453125,1.7027019443413545,-5.477092067648198,1.005881568870727
1,-1,Fz,0.1484375,2.3745270442802924,-5.366040706514632,1.0555312761133124
1,-1,Fz,0.15234375,2.920854998729004,-5.216996443576611,1.1057940937893582
1,-1,Fz,0.15625,2.9764680414619904,-5.133391436164779,1.1566357674935903
1,-1,Fz,0.16015625,2.815844656457594,-5.050980949773591,1.208023155452154
1,-1,Fz,0.1640625,2.5787372392705,-4.942995937942498,1.2599241928960676
1,-1,Fz,0.16796875,2.3009526217106644,-4.831034723869586,1.31230785759957
1,-1,Fz,0.171875,2.1138399966511368,-4.600565805496646,1.365144136548649
1,-1,Fz,0.17578125,1.9925770751026441,-4.384108541086211,1.4184039937054012
1,-1,Fz,0.1796875,2.0317998065529412,-4.270742230919885,1.4720593388343355
1,-1,Fz,0.18359375,2.16217772105771,-4.256826302011779,1.526082997357288
1,-1,Fz,0.1875,2.3879285062171935,-4.533587820996279,1.5804486812042242
1,-1,Fz,0.19140625,2.660635105747917,-4.917157985893949,1.6351309606278845
1,-1,Fz,0.1953125,2.924450442661716,-5.435241440965783,1.6901052369509437
1,-1,Fz,0.19921875,3.1803716803272155,-5.941491478993548,1.7453477162150979
1,-1,Fz,0.203125,3.3665909174101682,-6.140509259879259,1.800835383702278
1,-1,Fz,0.20703125,3.512271589857768,-6.179666867069695,1.8565459792989683
1,-1,Fz,0.2109375,3.6463804665041386,-5.93608224536948,1.912457973675426
1,-1,Fz,0.21484375,3.7586873028337453,-5.57013657749856,1.9685505452523846
1,-1,Fz,0.21875,3.798850905520276,-5.250506107552217,2.0248035579286636
1,-1,Fz,0.22265625,3.815501717656777,-4.958797037889246,2.0811975395438744
1,-1,Fz,0.2265625,3.8551937892757513,-4.761647536013599,2.13771366105125
1,-1,Fz,0.23046875,3.898023535680154,-4.63810415444077,2.1943337163763816
1,-1,Fz,0.234375,4.000821138997084,-4.670162186058963,2.2510401029384504
1,-1,Fz,0.23828125,4.126705470982471,-4.781294880734628,2.30781580281129
1,-1,Fz,0.2421875,4.1554363027634516,-4.9234561596400255,2.3646443645023636
1,-1,Fz,0.24609375,4.18461958365083,-5.085814223515146,2.4215098853284935
1,-1,Fz,0.25,4.282947766498333,-5.225183355693979,2.4783969943678574
1,-1,Fz,0.25390625,4.450181724690509,-5.314656341076783,2.5352908359685093
1,-1,Fz,0.2578125,4.761782616478843,-5.442880639371493,2.5921770537943205
1,-1,Fz,0.26171875,5.143456395320721,-5.498207228217159,2.649041775389918
1,-1,Fz,0.265625,5.698233394246874,-5.229710183002546,2.705871597246834
1,-1,Fz,0.26953125,6.287834996690509,-4.800822228361802,2.7626535703536943
1,-1,Fz,0.2734375,6.6810467298250265,-4.208247044326968,2.8193751862138905
1,-1,Fz,0.27734375,6.996316774175132,-3.5210385023550255,2.8760243633147358
1,-1,Fz,0.28125,7.172661544716653,-2.9310446489885984,2.932589434032705
1,-1,Fz,0.28515625,7.2874704901009615,-2.3321882999016466,2.989059131959868
1,-1,Fz,0.2890625,7.510918234534408,-1.7145466115014147,3.045422579637182
1,-1,Fz,0.29296875,7.734721155825932,-1.0764487027842358,3.101669276680792
1,-1,Fz,0.296875,7.960668720406716,-0.2645831179275766,3.1577890882880064
1,-1,Fz,0.30078125,8.171796362061977,0.5704995057252851,3.2137722341100647
1,-1,Fz,0.3046875,8.154207029346633,1.3452166737447386,3.2696092774792804
1,-1,Fz,0.30859375,8.101345255576279,2.0236513479599405,3.3252911149785955
1,-1,Fz,0.3125,8.133114579881724,2.506792595078865,3.380808966341989
1,-1,Fz,0.31640625,8.219540582038652,2.847666690803348,3.4361543646746
1,-1,Fz,0.3203125,8.655036576284363,2.8549868263435814,3.4913191469818337
1,-1,Fz,0.32421875,9.16360253735193,2.739149950899698,3.546295444997068
1,-1,Fz,0.328125,9.573839015356452,2.6623228142174575,3.6010756762979894
1,-1,Fz,0.33203125,9.878175431840713,2.617532098122818,3.6556525357018974
1,-1,Fz,0.3359375,9.80326689711073,2.8053047918798497,3.710018986930684
1,-1,Fz,0.33984375,9.5447161285907,3.070243944388813,3.7641682545365187
1,-1,Fz,0.34375,9.108912679555315,3.4568312049967633,3.818093816079577
1,-1,Fz,0.34765625,8.587180326135249,3.8312203839379113,3.871789394549461
1,-1,Fz,0.3515625,8.200812202684522,3.9834491298077412,3.9252489510222572
1,-1,Fz,0.35546875,7.858023462108613,3.992409958245647,3.9784666775454527
1,-1,Fz,0.359375,7.539248281834145,3.73377037685278,4.0314369902432
1,-1,Fz,0.36328125,7.268264439075915,3.3249290615042786,4.084154522634696
1,-1,Fz,0.3671875,7.001846843745941,2.867081822573435,4.136614119158687
1,-1,Fz,0.37109375,6.787269719796822,2.3392081416659605,4.188810828897333
1,-1,Fz,0.375,6.739009278097373,1.8260668422057342,4.240739899492947
1,-1,Fz,0.37890625,6.752948391230308,1.2742115962150515,4.292396771251298
1,-1,Fz,0.3828125,6.901816930414383,0.6268559735587044,4.343777071425414
1,-1,Fz,0.38671875,7.045722516675482,-0.055217978903173634,4.3948766086740365
1,-1,Fz,0.390625,6.991778308818185,-0.8741866282424359,4.445691367689044
1,-1,Fz,0.39453125,6.817135631830722,-1.6855599381180206,4.496217503986392
1,-1,Fz,0.3984375,6.362785761102197,-2.3216587945114413,4.5464513388553005
1,-1,Fz,0.40234375,5.801240079316953,-2.84937586245562,4.596389354460565
1,-1,Fz,0.40625,5.2182425843083236,-3.0823174680038106,4.646028189093091
1,-1,Fz,0.41015625,4.636941348886965,-3.2151201884920235,4.695364632563887
1,-1,Fz,0.4140625,4.312113699717518,-3.366962684401448,4.74439562173691
1,-1,Fz,0.41796875,4.060377649458858,-3.557384558090925,4.793118236196346
1,-1,Fz,0.421875,3.80407686806559,-3.9704085688916404,4.841529694044011
1,-1,Fz,0.42578125,3.531339415760296,-4.475972811823559,4.889627347822749
1,-1,Fz,0.4296875,3.0745329498139777,-5.161774486103277,4.937408680561804
1,-1,Fz,0.43359375,2.563336929890734,-5.868484355887299,4.984871301940307
1,-1,Fz,0.4375,1.9889093625978589,-6.41222253978143,5.032012944565128
1,-1,Fz,0.44140625,1.4279896130214653,-6.813861025406582,5.078831460359487
1,-1,Fz,0.4453125,1.0578678450734567,-6.984329113882388,5.125324817058809
1,-1,Fz,0.44921875,0.7944913768663193,-6.993142585566836,5.171491094810474
1,-1,Fz,0.453125,0.6428694116425744,-6.6649231141490946,5.217328482874156
1,-1,Fz,0.45703125,0.583554732595998,-6.226189220700734,5.262835276419629
1,-1,Fz,0.4609375,0.5632538636312586,-5.84382454498922,5.308009873418963
1,-1,Fz,0.46484375,0.6395531159097182,-5.508684674194647,5.352850771630162
1,-1,Fz,0.46875,0.8964524130070305,-5.545644415355807,5.397356565669389
1,-1,Fz,0.47265625,1.2606892581889,-5.66884954802451,5.4415259441690225
1,-1,Fz,0.4765625,1.8647222537123922,-5.853837441437374,5.485357687018857
1,-1,Fz,0.48046875,2.525202991138716,-5.97187144024186,5.528850662687874
1,-1,Fz,0.484375,3.0462419276826136,-5.570072040258396,5.572003825624089
1,-1,Fz,0.48828125,3.4622323247343156,-4.9339726810570514,5.614816213730047
1,-1,Fz,0.4921875,3.6453314114532462,-4.10230123269237,5.657286945911631
1,-1,Fz,0.49609375,3.6802014810457324,-3.1474943591849254,5.699415219697918
1,-1,Fz,0.5,3.553548052388657,-2.3520036411765965,5.7412003089299
1,-1,Fz,0.50390625,3.3135510701080193,-1.5598736861375269,5.78264156151595
1,-1,Fz,0.5078125,3.069993900777602,-0.678929618828453,5.823738397251969
1,-1,Fz,0.51171875,2.780423356661953,0.23070368668049368,5.864490305704259
1,-1,Fz,0.515625,2.403602976008923,1.2880579394886837,5.904896844153169
1,-1,Fz,0.51953125,2.027783412333242,2.3146892272962156,5.944957635595689
1,-1,Fz,0.5234375,1.5202455371998034,3.276289780378129,5.9846723668051585
1,-1,Fz,0.52734375,1.0852691100330023,4.0778603603920685,6.024040786446393
1,-1,Fz,0.53125,1.017887874444235,4.367297815940807,6.063062703244496
1,-1,Fz,0.53515625,1.1497577756482555,4.407074166352733,6.101737984205766
1,-1,Fz,0.5390625,1.7848262093228848,4.085315513148114,6.140066552889097
1,-1,Fz,0.54296875,2.558855148519463,3.6438076489391653,6.178048387726355
1,-1,Fz,0.546875,3.123637633579772,3.5028144078253183,6.21568352039024
1,-1,Fz,0.55078125,3.564379692015179,3.5030754802166637,6.252972034208219
1,-1,Fz,0.5546875,3.498171317697282,3.6840857494964285,6.289914062621127
1,-1,Fz,0.55859375,3.2581173313204594,3.9805746615385513,6.326509787685101
1,-1,Fz,0.5625,2.98629110809787,4.463412752019755,6.362759438615541
1,-1,Fz,0.56640625,2.740365439619673,5.025753773935019,6.398663290371848
1,-1,Fz,0.5703125,2.886059804913107,5.432247799202156,6.434221662281721
1,-1,Fz,0.57421875,3.1689533400509773,5.814581990884246,6.469434916703806
1,-1,Fz,0.578125,3.6422893677872765,6.201003489693843,6.504303457727593
1,-1,Fz,0.58203125,4.133694670490889,6.591498111770432,6.5388277299094275
1,-1,Fz,0.5859375,4.308971137539919,7.124876816503111,6.573008217043563
1,-1,Fz,0.58984375,4.342741487175866,7.693859486112053,6.606845440967234
1,-1,Fz,0.59375,4.078966496753995,8.157367683464837,6.640339960398725
1,-1,Fz,0.59765625,3.7155095757234893,8.591269907135622,6.673492369807466
1,-1,Fz,0.6015625,3.5056260925747385,8.984212969417769,6.706303298315209
1,-1,Fz,0.60546875,3.3525061120417003,9.364595503778956,6.738773408627384
1,-1,Fz,0.609375,3.3943763047368756,9.816270611558377,6.77090339599372
1,-1,Fz,0.61328125,3.5097027799898064,10.270607758278452,6.8026939871973
1,-1,Fz,0.6171875,3.5383964913931276,10.764530764245755,6.834145939571197
1,-1,Fz,0.62109375,3.55422187617194,11.281830562488405,6.865260040041909
1,-1,Fz,0.625,3.5419872820563345,11.61451142883586,6.89603710419877
1,-1,Fz,0.62890625,3.5381514738560003,11.97914565469749,6.926477975388639
1,-1,Fz,0.6328125,3.6051599509716694,12.480290618781618,6.95658352383507
1,-1,Fz,0.63671875,3.709096359923639,13.143179286123788,6.986354645781305
1,-1,Fz,0.640625,3.897229523274357,14.29358541005112,7.015792262656367
1,-1,Fz,0.64453125,4.117534931025389,15.624733519368904,7.044897320263595
1,-1,Fz,0.6484375,4.291681626101347,17.24375691683807,7.073670787990988
1,-1,Fz,0.65234375,4.475668802169864,18.84859719921174,7.102113658042704
1,-1,Fz,0.65625,4.5923211089565825,19.959829266782847,7.130226944691126
1,-1,Fz,0.66015625,4.768614909405024,20.786169865175353,7.158011683548902
1,-1,Fz,0.6640625,5.049263036624829,20.981765633415556,7.185468930860381
1,-1,Fz,0.66796875,5.446134042931885,20.889992711737797,7.212599762811895
1,-1,Fz,0.671875,6.3333441614404675,20.764918565863137,7.239405274860358
1,-1,Fz,0.67578125,7.3722184775764505,20.6027241807164,7.26588658107964
1,-1,Fz,0.6796875,8.357446444533709,20.669256321073643,7.292044813524239
1,-1,Fz,0.68359375,9.289925705930196,20.793907711780744,7.317881121609739
1,-1,Fz,0.6875,9.809383114110952,21.08559185711184,7.343396671509596
1,-1,Fz,0.69140625,10.211655070690895,21.327081710347013,7.368592645567768
1,-1,Fz,0.6953125,10.491344873677555,21.38765138070381,7.393470241726783
1,-1,Fz,0.69921875,10.810297026597343,21.2193137587148,7.418030672970772
1,-1,Fz,0.703125,11.609371121062068,20.44361243591394,7.442275166783066
1,-1,Fz,0.70703125,12.636558723407456,19.37236174105112,7.466204964617949
1,-1,Fz,0.7109375,13.921537817475892,17.895932147367258,7.489821321386179
1,-1,Fz,0.71484375,15.327213456812066,16.329670450730994,7.513125504953875
1,-1,Fz,0.71875,16.687711338996586,15.07590471445103,7.536118795654421
1,-1,Fz,0.72265625,17.986017039620066,14.041463270019111,7.558802485813012
1,-1,Fz,0.7265625,19.187786965015924,13.57167112548405,7.581177879283494
1,-1,Fz,0.73046875,20.261984274691372,13.339077846585477,7.603246290997175
1,-1,Fz,0.734375,20.960085293997114,13.414711037010582,7.625009046523249
1,-1,Fz,0.73828125,21.494268106316614,13.51084698053645,7.646467481640545
1,-1,Fz,0.7421875,21.89139901601279,13.115715708964977,7.667622941920274
1,-1,Fz,0.74609375,22.24699887051877,12.451749232214613,7.688476782319478
1,-1,Fz,0.75,22.84432770108446,11.262049662518216,7.709030366784887
1,-1,Fz,0.75390625,23.512883902906477,9.823468510593932,7.729285067866905
1,-1,Fz,0.7578125,24.320223024469442,8.410093895827748,7.7492422663434555
1,-1,Fz,0.76171875,25.114491983967916,6.995745008807539,7.768903350853408
1,-1,Fz,0.765625,25.754195708710796,5.641217318784024,7.788269717539341
1,-1,Fz,0.76953125,26.21350586974494,4.392027649424078,7.807342769699373
1,-1,Fz,0.7734375,26.38668452690774,3.326173546668814,7.8261239174478465
1,-1,Fz,0.77734375,26.29972059424177,2.4405341319692657,7.844614577384595
1,-1,Fz,0.78125,25.80627402484693,1.8485025432636433,7.862816172272595
1,-1,Fz,0.78515625,25.07041853550924,1.4483851771102425,7.880730130723755
1,-1,Fz,0.7890625,24.04571576033186,1.2850252870688477,7.898357886892646
1,-1,Fz,0.79296875,23.00068131831536,1.2573017370099029,7.9157008801779485
1,-1,Fz,0.796875,21.87723875711564,1.2016296033032539,7.932760554931424
1,-1,Fz,0.80078125,20.9549748143619,1.150342861144201,7.949538360174209
1,-1,F4,-0.19921875,5.425096237563658,-8.23377597233584,0.0
1,-1,F4,-0.1953125,5.09825254536804,-7.885545524365684,0.0
1,-1,F4,-0.19140625,4.642636172437302,-7.3554261415723525,0.0
1,-1,F4,-0.1875,4.215662863540709,-6.635176413158772,0.0
1,-1,F4,-0.18359375,3.8423526969796615,-5.823644310771459,0.0
1,-1,F4,-0.1796875,3.7601156366478117,-4.928589185931741,0.0
1,-1,F4,-0.17578125,3.800900060721299,-4.061130569934734,0.0
1,-1,F4,-0.171875,4.086173197721494,-3.399647954885057,0.0
1,-1,F4,-0.16796875,4.40853925720777,-2.907793914589532,0.0
1,-1,F4,-0.1640625,4.501348171576149,-2.6783584987214977,0.0
1,-1,F4,-0.16015625,4.463997947018658,-2.6246719310492335,0.0
1,-1,F4,-0.15625,4.064565493582985,-2.857194343543615,0.0
1,-1,F4,-0.15234375,3.53552467342505,-3.2152933510127517,0.0
1,-1,F4,-0.1484375,3.0818391996590893,-3.47797006901738,0.0
1,-1,F4,-0.14453125,2.6568654031449244,-3.6980485359560795,0.0
1,-1,F4,-0.140625,2.4603105435735837,-3.875608629234834,0.0
1,-1,F4,-0.13671875,2.320933946198853,-3.96928989068049,0.0
1,-1,F4,-0.1328125,2.0420603035090386,-3.923424198994334,0.0
1,-1,F4,-0.12890625,1.7194774503510155,-3.756944745461009,0.0
1,-1,F4,-0.125,1.2527533156869979,-3.3800443433985214,0.0
1,-1,F4,-0.12109375,0.7810084863411231,-2.8662724369719372,0.0
1,-1,F4,-0.1171875,0.3688013502629169,-2.31915694314356,0.0
1,-1,F4,-0.11328125,0.0639100032487507,-1.7032594518981126,0.0
1,-1,F4,-0.109375,0.05723393621081866,-0.9548843414869023,0.0
1,-1,F4,-0.10546875,0.22281871552312774,-0.14280000769830553,0.0
1,-1,F4,-0.1015625,0.6510686553476663,0.6793695848052314,0.0
1,-1,F4,-0.09765625,1.10740020932121,1.506384529936009,0.0
1,-1,F4,-0.09375,1.3683246430820117,2.303496928549847,0.0
1,-1,F4,-0.08984375,1.4238559835413915,3.0500045538360068,0.0
1,-1,F4,-0.0859375,0.9964811485546526,3.8001522620552954,0.0
1,-1,F4,-0.08203125,0.36011882393128153,4.458818671351887,0.0
1,-1,F4,-0.078125,-0.4442794354246773,4.917786799024338,0.0
1,-1,F4,-0.07421875,-1.2610270867214113,5.200565512015652,0.0
1,-1,F4,-0.0703125,-1.7579997371998577,5.214560805861731,0.0
1,-1,F4,-0.06640625,-2.081696249788851,5.067087320741072,0.0
1,-1,F4,-0.0625,-2.0438387578567276,4.663090831428837,0.0
1,-1,F4,-0.05859375,-1.9361098818603848,4.183992548532109,0.0
1,-1,F4,-0.0546875,-2.045470323775524,3.844316860764312,0.0
1,-1,F4,-0.05078125,-2.345227482138759,3.592837774661639,0.0
1,-1,F4,-0.046875,-3.097529860662585,3.614310363895947,0.0
1,-1,F4,-0.04296875,-3.9703537503787674,3.7473513180310536,0.0
1,-1,F4,-0.0390625,-4.754443956948151,3.972972654200468,0.0
1,-1,F4,-0.03515625,-5.357621809349493,4.202790313226526,0.0
1,-1,F4,-0.03125,-5.528931614677091,4.258731180401715,0.0
1,-1,F4,-0.02734375,-5.542756695489109,4.227324407998701,0.0
1,-1,F4,-0.0234375,-5.411772758418865,3.9574132156266426,0.0
1,-1,F4,-0.01953125,-5.3650201396853765,3.6031490926039296,0.0
1,-1,F4,-0.015625,-5.666933641845221,3.372745322578844,0.0
1,-1,F4,-0.01171875,-6.109055948214496,3.1854317784444883,0.0
1,-1,F4,-0.0078125,-6.730038873087324,3.0528016388638,0.0
1,-1,F4,-0.00390625,-7.330319067756217,2.9964654363777137,0.0
1,-1,F4,0.0,-7.771444619258751,2.889784880654997,0.0
1,-1,F4,0.00390625,-8.120714596074237,2.8847094480242093,-0.012362660257029347
1,-1,F4,0.0078125,-8.165452201817544,3.1456058880722724,-0.04862852182715
1,-1,F4,0.01171875,-8.123252548372802,3.592898956935781,-0.1076371246336501
1,-1,F4,0.015625,-8.214263899218857,4.4577930426211685,-0.18826564581311298
1,-1,F4,0.01953125,-8.394648211488137,5.473394346518017,-0.2894285728375342
1,-1,F4,0.0234375,-8.746413305064975,6.496505398671166,-0.4100772609938172
1,-1,F4,0.02734375,-9.212795843340718,7.471800807198736,-0.5491993925415506
1,-1,F4,0.03125,-9.89924616677679,8.079648773320095,-0.7058183531993868
1,-1,F4,0.03515625,-10.656911996228938,8.482090299389446,-0.8769394946026887
1,-1,F4,0.0390625,-11.403456703002698,8.76221532680403,-1.060970034486908
1,-1,F4,0.04296875,-12.084698659021404,8.900619204581316,-1.2571555441782651
1,-1,F4,0.046875,-12.556346738147091,8.865350587048779,-1.4647701301118954
1,-1,F4,0.05078125,-12.88811663798674,8.732734133867556,-1.6831157123038116
1,-1,F4,0.0546875,-12.908407341212444,8.451097003436983,-1.9115212804371131
1,-1,F4,0.05859375,-12.817845890647979,8.149375707601664,-2.149342134339164
1,-1,F4,0.0625,-12.727039632171685,7.994952420520138,-2.395959114748431
1,-1,F4,0.06640625,-12.66797205290494,7.912517433903051,-2.6507778294780397
1,-1,F4,0.0703125,-12.906518193833477,8.141564038747433,-2.9132278793722026
1,-1,F4,0.07421875,-13.253525523194783,8.449087797119764,-3.182762087815696
1,-1,F4,0.078125,-13.718127799469318,8.576285799107282,-3.4588557369895474
1,-1,F4,0.08203125,-14.21240077749536,8.64097738052374,-3.741005813562484
1,-1,F4,0.0859375,-14.461968671682182,8.432890452656919,-4.028730266061704
1,-1,F4,0.08984375,-14.637520981303737,8.18418669041342,-4.321567275773122
1,-1,F4,0.09375,-14.765735431328544,8.082691181422195,-4.619074542675172
1,-1,F4,0.09765625,-14.9274888638552,8.106425021661218,-4.9208285876070414
1,-1,F4,0.1015625,-15.141190122886606,8.490616944586208,-5.226424071607369
1,-1,F4,0.10546875,-15.4814989929238,9.02487805127301,-5.535473133129076
1,-1,F4,0.109375,-16.178700236069638,9.766379936184508,-5.847604743636296
1,-1,F4,0.11328125,-17.0250776977621,10.531656888993696,-6.162464081917104
1,-1,F4,0.1171875,-18.283432470074473,10.971321604892609,-6.4797119272977355
1,-1,F4,0.12109375,-19.56457302362044,11.257058580479516,-6.799024071817505
1,-1,F4,0.125,-20.379620536724598,11.246174992535561,-7.120090751316247
1,-1,F4,0.12890625,-20.89237736544291,11.13302571511249,-7.442616095295323
1,-1,F4,0.1328125,-20.779538803215623,11.074382292879344,-7.766317595337407
1,-1,F4,0.13671875,-20.366900484239945,11.05553591727336,-8.090925591807144
1,-1,F4,0.140625,-19.739259804813397,11.278835784365487,-8.416182778503142
1,-1,F4,0.14453125,-19.0804198032514,11.601561195469959,-8.741843724889817
1,-1,F4,0.1484375,-18.65819203431952,11.957609713485018,-9.067674415504413
1,-1,F4,0.15234375,-18.432141353010937,12.354122166569544,-9.393451806108589
1,-1,F4,0.15625,-18.769749016682805,12.715007173825274,-9.718963396134585
1,-1,F4,0.16015625,-19.35593790677737,13.09067831901251,-10.044006816962094
1,-1,F4,0.1640625,-20.049429443220824,13.520608708092878,-10.368389435552736
1,-1,F4,0.16796875,-20.774841178256967,13.975745022898693,-10.69192797296409
1,-1,F4,0.171875,-21.297562943617773,14.52332904948219,-11.014448137263406
1,-1,F4,0.17578125,-21.691391259987054,15.06000721978856,-11.33578427036251
1,-1,F4,0.1796875,-21.872040911078624,15.490926117736247,-11.655779008299042
1,-1,F4,0.18359375,-21.92231096441748,15.83412146791367,-11.974282954494953
1,-1,F4,0.1875,-21.807550420575016,15.940907034622825,-12.291154365530518
1,-1,F4,0.19140625,-21.622487024080378,15.950655762926058,-12.606258848980954
1,-1,F4,0.1953125,-21.497480584473212,15.887105727829445,-12.919469072872605
1,-1,F4,0.19921875,-21.398683089350172,15.825090177721423,-13.230664486326333
1,-1,F4,0.203125,-21.406746904641693,15.918979793297645,-13.539731050967237
1,-1,F4,0.20703125,-21.46594740040632,16.097930433181606,-13.84656098269165
1,-1,F4,0.2109375,-21.53392426961726,16.484999517508136,-14.151052503394585
1,-1,F4,0.21484375,-21.63456538055441,16.951155257246405,-14.453109602273397
1,-1,F4,0.21875,-21.708112185347385,17.358530071048925,-14.752641806335745
1,-1,F4,0.22265625,-21.810997476873272,17.735286204528336,-15.049563959752797
1,-1,F4,0.2265625,-22.043449433069412,18.048233907657327,-15.343796011710918
1,-1,F4,0.23046875,-22.3537882168745,18.31128111529858,-15.635262812427625
1,-1,F4,0.234375,-22.712562063007404,18.461738307538795,-15.923893917009806
1,-1,F4,0.23828125,-23.100384029181793,18.56877620842632,-16.209623396844144
1,-1,F4,0.2421875,-23.622235126414008,18.661771174094817,-16.492389658221576
1,-1,F4,0.24609375,-24.15348124457359,18.759580619697367,-16.772135267908947
1,-1,F4,0.25,-24.49877937218887,18.87970026161064,-17.048806785392422
1,-1,F4,0.25390625,-24.741671270408407,19.058351764620166,-17.32235460152787
1,-1,F4,0.2578125,-24.80915729271937,19.28581605716549,-17.592732783344086
1,-1,F4,0.26171875,-24.7876672501671,19.592481719494586,-17.859898924755
1,-1,F4,0.265625,-24.736138433684136,20.17841625334815,-18.123814002946716
1,-1,F4,0.26953125,-24.65640749384963,20.883885601626123,-18.384442240214888
1,-1,F4,0.2734375,-24.659470437318905,21.706268681207078,-18.64175097103713
1,-1,F4,0.27734375,-24.668810436063776,22.58343251345121,-18.895710514173846
1,-1,F4,0.28125,-24.63930133342666,23.22739242870554,-19.146294049599618
1,-1,F4,0.28515625,-24.594207362150566,23.827494661746254,-19.393477500075285
1,-1,F4,0.2890625,-24.43101294781575,24.429726781915214,-19.637239417178794
1,-1,F4,0.29296875,-24.257466111597815,25.05015294724477,-19.877560871620425
1,-1,F4,0.296875,-24.164508758778034,25.930356092845287,-20.11442534767527
1,-1,F4,0.30078125,-24.11886002824146,26.867314279743745,-20.347818641572765
1,-1,F4,0.3046875,-24.280937063201574,27.767062325797852,-20.57772876368967
1,-1,F4,0.30859375,-24.48538715202398,28.586175332380613,-20.80414584439948
1,-1,F4,0.3125,-24.645830431962768,29.149277638244747,-21.027062043436977
1,-1,F4,0.31640625,-24.76496864109455,29.55891556379044,-21.246471462642987
1,-1,F4,0.3203125,-24.55019138519142,29.69806539668812,-21.462370061959483
1,-1,F4,0.32421875,-24.264851107183315,29.730145523503918,-21.67475557855094
1,-1,F4,0.328125,-24.04297740072095,29.79678721662866,-21.883627448932707
1,-1,F4,0.33203125,-23.907782966521637,29.879391174370717,-22.08898673399223
1,-1,F4,0.3359375,-24.159228170988648,30.188427948903268,-22.290836046793537
1,-1,F4,0.33984375,-24.59381570930376,30.55213189900838,-22.4891794830599
1,-1,F4,0.34375,-25.131040107360413,30.910180998562538,-22.684022554233962
1,-1,F4,0.34765625,-25.7492162812738,31.22974923246875,-22.875372123018618
1,-1,F4,0.3515625,-26.30850262733701,31.310369436067067,-23.063236341305842
1,-1,F4,0.35546875,-26.86219343727253,31.27592760438827,-23.247624590404516
1,-1,F4,0.359375,-27.479801955501255,31.183886039159837,-23.428547423481792
1,-1,F4,0.36328125,-28.088921197305098,31.033367113091657,-23.60601651013601
1,-1,F4,0.3671875,-28.648594071291804,30.880660024546714,-23.780044583022438
1,-1,F4,0.37109375,-29.155905336929166,30.69119749091349,-23.95064538645617
1,-1,F4,0.375,-29.507721073813073,30.48146430130787,-24.117833626919754
1,-1,F4,0.37890625,-29.80973159307558,30.231512315782666,-24.28162492540561
1,-1,F4,0.3828125,-30.01160210601416,29.86180576034707,-24.442035771526477
1,-1,F4,0.38671875,-30.226216262828437,29.45918514456414,-24.599083479329273
1,-1,F4,0.390625,-30.68267846467692,28.971200054147186,-24.752786144750814
1,-1,F4,0.39453125,-31.248953383946773,28.511874588216006,-24.903162604655606
1,-1,F4,0.3984375,-32.008865400385574,28.254966025786818,-25.050232397398876
1,-1,F4,0.40234375,-32.817610435919796,28.11877354216435,-25.194015724859696
1,-1,F4,0.40625,-33.551802671064685,28.245058662750893,-25.334533415891418
1,-1,F4,0.41015625,-34.23315683179249,28.47170582014577,-25.471806891138595
1,-1,F4,0.4140625,-34.602057200207405,28.67544602521579,-25.605858129171498
1,-1,F4,0.41796875,-34.87390868625137,28.833563454667168,-25.736709633891195
1,-1,F4,0.421875,-35.2242718536079,28.866669929429143,-25.86438440315996
1,-1,F4,0.42578125,-35.612919025687425,28.801423172241545,-25.988905898613318
1,-1,F4,0.4296875,-36.16836818867731,28.443278679113693,-26.110298016611964
1,-1,F4,0.43359375,-36.786549222926254,27.99058395177072,-26.22858506029311
1,-1,F4,0.4375,-37.4602184011088,27.544094968950915,-26.343791712682318
1,-1,F4,0.44140625,-38.11507993965508,27.157451429654696,-26.455943010828484
1,-1,F4,0.4453125,-38.696539589808445,26.99549364740804,-26.565064320925863
1,-1,F4,0.44921875,-39.23142236221605,26.974501904900375,-26.671181314388395
1,-1,F4,0.453125,-39.721215615929076,27.26941729550948,-26.774319944842887
1,-1,F4,0.45703125,-40.1973818984309,27.672536052571076,-26.87450642600878
1,-1,F4,0.4609375,-40.58331959759473,28.045987904529895,-26.971767210433395
1,-1,F4,0.46484375,-40.86036323152632,28.40076201156059,-27.066128969052773
1,-1,F4,0.46875,-40.93472646396343,28.401323026143473,-27.157618571549122
1,-1,F4,0.47265625,-40.84930400620353,28.339336458010607,-27.246263067477148
1,-1,F4,0.4765625,-40.548013451760454,28.342740116173314,-27.332089668132287
1,-1,F4,0.48046875,-40.198817143249336,28.450163550542918,-27.41512572913506
1,-1,F4,0.484375,-39.982363365866966,29.006975926070172,-27.495398733706477
1,-1,F4,0.48828125,-39.89021904046408,29.77445564143857,-27.572936276610513
1,-1,F4,0.4921875,-40.10979607177018,30.68587673067747,-27.64776604874027
1,-1,F4,0.49609375,-40.50548660035727,31.7073172359147,-27.719915822325557
1,-1,F4,0.5,-41.14286257913684,32.57471281320948,-27.789413436740084
1,-1,F4,0.50390625,-41.89533154453905,33.47960280038809,-27.85628678488759
1,-1,F4,0.5078125,-42.532534835316326,34.48863266888479,-27.920563800146518
1,-1,F4,0.51171875,-43.148889145306974,35.58710822342415,-27.982272443854026
1,-1,F4,0.515625,-43.74501061014655,37.10603525819901,-28.041440693310307
1,-1,F4,0.51953125,-44.29048941211342,38.69811037626759,-28.098096530285353
1,-1,F4,0.5234375,-44.92345504347845,40.2524202323716,-28.15226793001044
1,-1,F4,0.52734375,-45.48940844043674,41.65709082473247,-28.203982850637537
1,-1,F4,0.53125,-45.761645447628595,42.39349055615881,-28.253269223150347
1,-1,F4,0.53515625,-45.89234589520599,42.81831155473746,-28.300154941711156
1,-1,F4,0.5390625,-45.67069998593782,42.89834862365334,-28.344667854428216
1,-1,F4,0.54296875,-45.37056821911927,42.85471696438495,-28.386835754529216
1,-1,F4,0.546875,-45.326816449929694,43.04208951174024,-28.42668637192628
1,-1,F4,0.55078125,-45.39283990630006,43.353915989521816,-28.464247365159085
1,-1,F4,0.5546875,-45.87898620241488,43.9776683719853,-28.499546313702634
1,-1,F4,0.55859375,-46.45558081920327,44.74918120499859,-28.532610710627033
1,-1,F4,0.5625,-46.85801134910052,45.63793869474024,-28.563467955596828
1,-1,F4,0.56640625,-47.12962725922152,46.57514811128776,-28.592145348197892
1,-1,F4,0.5703125,-46.91426610823472,47.352819648507285,-28.61867008158053
1,-1,F4,0.57421875,-46.52217284106769,48.08803298235342,-28.643069236407342
1,-1,F4,0.578125,-46.0032294244295,48.74158900078718,-28.665369775095304
1,-1,F4,0.58203125,-45.50876441841968,49.38466031340451,-28.685598536341566
1,-1,F4,0.5859375,-45.387020943451084,50.16552484572786,-28.703782229922833
1,-1,F4,0.58984375,-45.464495065688325,50.99910888790958,-28.719947431758705
1,-1,F4,0.59375,-45.949313339489436,51.8202531139206,-28.734120579229494
1,-1,F4,0.59765625,-46.57921338437862,52.6618236650636,-28.746327966739457
1,-1,F4,0.6015625,-47.145951801610586,53.50593640912444,-28.756595741516666
1,-1,F4,0.60546875,-47.658159862524926,54.36564552057524,-28.76494989964094
1,-1,F4,0.609375,-47.8197839855325,55.3183032740005,-28.771416282291806
1,-1,F4,0.61328125,-47.83531223549251,56.28011601908093,-28.776020572208328
1,-1,F4,0.6171875,-47.85327252458789,57.25656278312511,-28.778788290353305
1,-1,F4,0.62109375,-47.84498875538967,58.2369938809373,-28.7797447927744
1,-1,F4,0.625,-47.85784404167232,58.97776342752266,-28.778915267654916
1,-1,F4,0.62890625,-47.86571663004295,59.731079788068435,-28.776324732547405
1,-1,F4,0.6328125,-47.820033817223695,60.5867819829164,-28.771998031783415
1,-1,F4,0.63671875,-47.77096730107891,61.60162656455992,-28.765959834052808
1,-1,F4,0.640625,-47.75907163895311,63.1895211301776,-28.758234630146504
1,-1,F4,0.64453125,-47.77158575192648,64.98297465557182,-28.748846730856474
1,-1,F4,0.6484375,-47.8792947696378,67.09293324995502,-28.73782026502726
1,-1,F4,0.65234375,-47.9637726727243,69.17150921169024,-28.725179177753297
1,-1,F4,0.65625,-48.093530197987285,70.6631611683628,-28.710947228716584
1,-1,F4,0.66015625,-48.104691626669336,71.80404504834794,-28.695147990659407
1,-1,F4,0.6640625,-47.712472308771396,72.1947406596882,-28.677804847987055
1,-1,F4,0.66796875,-47.083025470530785,72.26089247554576,-28.658940995495527
1,-1,F4,0.671875,-45.97474282908571,72.33766119399483,-28.63857943721954
1,-1,F4,0.67578125,-44.72210161666066,72.41811018978497,-28.616742985396126
1,-1,F4,0.6796875,-43.58854110766179,72.82533477557404,-28.593454259539467
1,-1,F4,0.68359375,-42.56865586718552,73.3390788380778,-28.568735685622535
1,-1,F4,0.6875,-42.08582411238557,74.128923060345,-28.542609495361543
1,-1,F4,0.69140625,-41.75800232728085,74.8844906573501,-28.515097725599013
1,-1,F4,0.6953125,-41.47734834073861,75.37260453780951,-28.48622221778163
1,-1,F4,0.69921875,-41.1073578271882,75.57582131647644,-28.45600461752919
1,-1,F4,0.703125,-40.2044424828314,75.00282260510382,-28.424466374290912
1,-1,F4,0.70703125,-39.06277483601329,74.05119957402802,-28.391628741085682
1,-1,F4,0.7109375,-37.61983055435353,72.7289993634389,-28.3575127743227
1,-1,F4,0.71484375,-36.086879686050246,71.29538007372062,-28.322139333699518
1,-1,F4,0.71875,-34.7649658587858,70.12220861347068,-28.285529082173976
1,-1,F4,0.72265625,-33.58076874960043,69.12415021265028,-28.24770248600718
1,-1,F4,0.7265625,-32.69931762208309,68.67669191363613,-28.208679814874557
1,-1,F4,0.73046875,-32.00228966271103,68.44625721937837,-28.168481142042083
1,-1,F4,0.734375,-31.473337071834788,68.37760567099527,-28.127126344604836
1,-1,F4,0.73828125,-31.048118716881753,68.32648981043356,-28.084635103785438
1,-1,F4,0.7421875,-30.673977601578123,67.844910929953,-28.04102690528959
1,-1,F4,0.74609375,-30.334469960277865,67.1842370992062,-27.996321039716314
1,-1,F4,0.75,-29.867835356151556,66.31155935069428,-27.950536603020474
1,-1,F4,0.75390625,-29.391764787133265,65.34675503714733,-27.90369249702529
1,-1,F4,0.7578125,-28.94476583426374,64.50660026188639,-27.85580742998257
1,-1,F4,0.76171875,-28.55692887741165,63.72269944847978,-27.806899917178477
1,-1,F4,0.765625,-28.310141797141895,62.997414513233096,-27.756988281582785
1,-1,F4,0.76953125,-28.196916712658627,62.363485075093166,-27.706090654539615
1,-1,F4,0.7734375,-28.18249427165418,61.79036910345125,-27.65422497649763
1,-1,F4,0.77734375,-28.323294352900763,61.32677346982119,-27.601408997777888
1,-1,F4,0.78125,-28.716913938103534,61.138957737702334,-27.54766027937751
1,-1,F4,0.78515625,-29.295109691776833,61.08522599111199,-27.49299619380738
1,-1,F4,0.7890625,-30.15407303892371,61.192336423877975,-27.43743392596224
1,-1,F4,0.79296875,-31.029848799414335,61.37663767595428,-27.3809904740215
1,-1,F4,0.796875,-32.23457438591383,61.31357228187518,-27.323682650379283
1,-1,F4,0.80078125,-33.3222381845348,61.18800494062568,-27.265527082601963
1,1,F3,-0.19921875,1.69183730766036,2.8710567529469726,0.0
1,1,F3,-0.1953125,2.071286973438294,2.693287140984364,0.0
1,1,F3,-0.19140625,2.6061392369907197,2.6134628158505087,0.0
1,1,F3,-0.1875,2.7363514823274038,2.7661954770288992,0.0
1,1,F3,-0.18359375,2.7318847013724916,2.987624428945892,0.0
1,1,F3,-0.1796875,2.5667924210296613,3.1703199228703385,0.0
1,1,F3,-0.17578125,2.3465784812206762,3.2945631617482296,0.0
1,1,F3,-0.171875,2.1588598571934843,3.1784358707835465,0.0
1,1,F3,-0.16796875,2.0043250453688657,2.9195344402875416,0.0
1,1,F3,-0.1640625,2.1080790239394824,2.558166454711261,0.0
1,1,F3,-0.16015625,2.279543953751347,2.1338245754394536,0.0
1,1,F3,-0.15625,2.4535864139289583,1.5184820656318165,0.0
1,1,F3,-0.15234375,2.5703580550052956,0.8784853521341978,0.0
1,1,F3,-0.1484375,2.4597404054781333,0.5109377162763313,0.0
1,1,F3,-0.14453125,2.2125099010248763,0.2533810918350424,0.0
1,1,F3,-0.140625,1.697079388584236,0.1596733859384156,0.0
1,1,F3,-0.13671875,1.0740367726587305,0.12906999170563643,0.0
1,1,F3,-0.1328125,0.49440177712093714,-0.015268512913240627,0.0
1,1,F3,-0.12890625,-0.07353103507060728,-0.1964245817811314,0.0
1,1,F3,-0.125,-0.46489083240540685,-0.4425517969121611,0.0
1,1,F3,-0.12109375,-0.7535808252637998,-0.689560006561766,0.0
1,1,F3,-0.1171875,-1.20341028403329,-0.9834947462335113,0.0
1,1,F3,-0.11328125,-1.5818773621749214,-1.242774113816796,0.0
1,1,F3,-0.109375,-1.6629919436765672,-1.359580481957379,0.0
1,1,F3,-0.10546875,-1.5412864175799872,-1.3527108752763484,0.0
1,1,F3,-0.1015625,-1.0155460473430642,-1.207689131995724,0.0
1,1,F3,-0.09765625,-0.34136988702714666,-0.9337257073126946,0.0
1,1,F3,-0.09375,0.47567364373522386,-0.34745645303011413,0.0
1,1,F3,-0.08984375,1.2344899026281617,0.3233863484637868,0.0
1,1,F3,-0.0859375,1.5450472720010604,1.0778681447806577,0.0
1,1,F3,-0.08203125,1.598352998229496,1.7458302448716327,0.0
1,1,F3,-0.078125,1.0969395176810146,1.942327615818753,0.0
1,1,F3,-0.07421875,0.39630588534904765,1.8837927311047236,0.0
1,1,F3,-0.0703125,-0.23658368686074463,1.3663729404733471,0.0
1,1,F3,-0.06640625,-0.8078342400828822,0.6686761848129223,0.0
1,1,F3,-0.0625,-0.9085171605331486,0.10305082896456655,0.0
1,1,F3,-0.05859375,-0.8312579342021885,-0.407815283319664,0.0
1,1,F3,-0.0546875,-0.667736127345144,-0.6508828727453694,0.0
1,1,F3,-0.05078125,-0.5009354813254036,-0.8008769767705599,0.0
1,1,F3,-0.046875,-0.5075857280901189,-0.8773503275145111,0.0
1,1,F3,-0.04296875,-0.6423596585525775,-0.9726091039045675,0.0
1,1,F3,-0.0390625,-1.0599846919757656,-1.264449710108469,0.0
1,1,F3,-0.03515625,-1.6092878801116082,-1.641963245042722,0.0
1,1,F3,-0.03125,-2.306916599709582,-2.3042856603369,0.0
1,1,F3,-0.02734375,-3.015056618296566,-3.0188741049485275,0.0
1,1,F3,-0.0234375,-3.569386427290538,-3.569027451369377,0.0
1,1,F3,-0.01953125,-3.9937680171954186,-4.000833945841612,0.0
1,1,F3,-0.015625,-4.073831372441831,-4.087011197650167,0.0
1,1,F3,-0.01171875,-3.993857015166123,-4.011290625224626,0.0
1,1,F3,-0.0078125,-3.7666236778116096,-3.8156943922788273,0.0
1,1,F3,-0.00390625,-3.480193466151838,-3.5536043795618104,0.0
1,1,F3,0.0,-3.4099757516931253,-3.4645754145748744,0.0
1,1,F3,0.00390625,-3.3924205404411523,-3.4198769292528626,-0.012362660257029347
1,1,F3,0.0078125,-3.424775374346714,-3.3015034982264617,-0.04862852182715
1,1,F3,0.01171875,-3.4241772675122277,-3.19269093438313,-0.1076371246336501
1,1,F3,0.015625,-3.3272206365419423,-3.0679317733558555,-0.18826564581311298
1,1,F3,0.01953125,-3.136563036907573,-3.004418479068213,-0.2894285728375342
1,1,F3,0.0234375,-2.53217542113948,-3.0779324415620026,-0.4100772609938172
1,1,F3,0.02734375,-1.830956223751154,-3.250859577368847,-0.5491993925415506
1,1,F3,0.03125,-1.2417400863232981,-3.75401870841697,-0.7058183531993868
1,1,F3,0.03515625,-0.7912154954691528,-4.3317815236914505,-0.8769394946026887
1,1,F3,0.0390625,-0.7252723241089473,-4.853433185881043,-1.060970034486908
1,1,F3,0.04296875,-0.8791118906875002,-5.3004008988785145,-1.2571555441782651
1,1,F3,0.046875,-1.354343622050068,-5.245509511867181,-1.4647701301118954
1,1,F3,0.05078125,-1.9531574825642042,-5.031367319692073,-1.6831157123038116
1,1,F3,0.0546875,-2.3910638134947906,-4.823845018375283,-1.9115212804371131
1,1,F3,0.05859375,-2.7409324018466594,-4.661416530469584,-2.149342134339164
1,1,F3,0.0625,-2.9305653326764216,-4.831690027490901,-2.395959114748431
1,1,F3,0.06640625,-3.0133994551219407,-5.142765841468798,-2.6507778294780397
1,1,F3,0.0703125,-2.9115116978903295,-5.685763863600914,-2.9132278793722026
1,1,F3,0.07421875,-2.760298969549972,-6.285926307687357,-3.182762087815696
1,1,F3,0.078125,-2.633210854827528,-6.661916490895278,-3.4588557369895474
1,1,F3,0.08203125,-2.5814960073598128,-6.921878804708129,-3.741005813562484
1,1,F3,0.0859375,-2.7902636154290987,-6.993212696609735,-4.028730266061704
1,1,F3,0.08984375,-3.1600666285843033,-6.948972499125779,-4.321567275773122
1,1,F3,0.09375,-3.7573208504159314,-6.840540460636197,-4.619074542675172
1,1,F3,0.09765625,-4.474626958439538,-6.698249862539454,-4.9208285876070414
1,1,F3,0.1015625,-5.229486357283411,-6.486284115282588,-5.226424071607369
1,1,F3,0.10546875,-6.001663992494441,-6.293357753214512,-5.535473133129076
1,1,F3,0.109375,-6.6949117318904205,-6.272154038771923,-5.847604743636296
1,1,F3,0.11328125,-7.339710266834525,-6.345080074187197,-6.162464081917104
1,1,F3,0.1171875,-7.908660784224185,-6.615613318059789,-6.4797119272977355
1,1,F3,0.12109375,-8.421805164225324,-6.962947988481365,-6.799024071817505
1,1,F3,0.125,-8.884023888482522,-7.351210121159865,-7.120090751316247
1,1,F3,0.12890625,-9.274706021612355,-7.748050319503485,-7.442616095295323
1,1,F3,0.1328125,-9.70228177076003,-7.912312037866871,-7.766317595337407
1,1,F3,0.13671875,-10.0559411753063,-8.027672553793426,-8.090925591807144
1,1,F3,0.140625,-10.163663233229146,-8.145383143650857,-8.416182778503142
1,1,F3,0.14453125,-10.14438620283843,-8.324789600557615,-8.741843724889817
1,1,F3,0.1484375,-9.874302637053535,-8.714481304865517,-9.067674415504413
1,1,F3,0.15234375,-9.510496552228059,-9.23244799903685,-9.393451806108589
1,1,F3,0.15625,-9.326847570884972,-10.032972292730642,-9.718963396134585
1,1,F3,0.16015625,-9.16820222015122,-10.900503920383235,-10.044006816962094
1,1,F3,0.1640625,-9.111835686746858,-11.780638731374964,-10.368389435552736
1,1,F3,0.16796875,-9.042965877757958,-12.55940140316064,-10.69192797296409
1,1,F3,0.171875,-8.726681319084097,-12.88658870953841,-11.014448137263406
1,1,F3,0.17578125,-8.33438362029878,-12.986463613601115,-11.33578427036251
1,1,F3,0.1796875,-7.72422666332855,-12.70529123416549,-11.655779008299042
1,1,F3,0.18359375,-7.133161668769224,-12.310253264926668,-11.974282954494953
1,1,F3,0.1875,-6.837473155855442,-12.076970473112695,-12.291154365530518
1,1,F3,0.19140625,-6.759681086116948,-11.959844302250922,-12.606258848980954
1,1,F3,0.1953125,-7.151316300615349,-12.26249304400211,-12.919469072872605
1,1,F3,0.19921875,-7.7841924032966725,-12.741343926293993,-13.230664486326333
1,1,F3,0.203125,-8.576629859202903,-13.347638755947829,-13.539731050967237
1,1,F3,0.20703125,-9.429725142904987,-13.972228262856767,-13.84656098269165
1,1,F3,0.2109375,-10.204984232829426,-14.404663482201872,-14.151052503394585
1,1,F3,0.21484375,-10.878553353417669,-14.725791993456644,-14.453109602273397
1,1,F3,0.21875,-11.299618044259713,-14.738905056056183,-14.752641806335745
1,1,F3,0.22265625,-11.547658203430094,-14.624069795099802,-15.049563959752797
1,1,F3,0.2265625,-11.491808654497456,-14.57714250023862,-15.343796011710918
1,1,F3,0.23046875,-11.30107487573699,-14.54387855138951,-15.635262812427625
1,1,F3,0.234375,-11.071069866386692,-14.548377398354797,-15.923893917009806
1,1,F3,0.23828125,-10.84711123489827,-14.612130522815537,-16.209623396844144
1,1,F3,0.2421875,-10.873304782990626,-14.68242280204791,-16.492389658221576
1,1,F3,0.24609375,-10.989513462614836,-14.79778822714824,-16.772135267908947
1,1,F3,0.25,-11.242142632894254,-15.231880621913295,-17.048806785392422
1,1,F3,0.25390625,-11.5022698889416,-15.713220254549432,-17.32235460152787
1,1,F3,0.2578125,-11.608749091892781,-16.154439914851903,-17.592732783344086
1,1,F3,0.26171875,-11.613743745440715,-16.495704871215377,-17.859898924755
1,1,F3,0.265625,-11.318421735545673,-16.275769369016533,-18.123814002946716
1,1,F3,0.26953125,-10.930119372095145,-15.85901545626031,-18.384442240214888
1,1,F3,0.2734375,-10.500885208985844,-15.325786410873741,-18.64175097103713
1,1,F3,0.27734375,-10.102723807530264,-14.817442016017425,-18.895710514173846
1,1,F3,0.28125,-10.082677607034746,-14.67631800689902,-19.146294049599618
1,1,F3,0.28515625,-10.190410360662332,-14.729897002624538,-19.393477500075285
1,1,F3,0.2890625,-10.418022492727392,-15.214789801026877,-19.637239417178794
1,1,F3,0.29296875,-10.639152472445282,-15.850107819417705,-19.877560871620425
1,1,F3,0.296875,-10.595047652640133,-16.366310601709717,-20.11442534767527
1,1,F3,0.30078125,-10.426288683839186,-16.784728409966092,-20.347818641572765
1,1,F3,0.3046875,-9.921860395971663,-16.969930421739754,-20.57772876368967
1,1,F3,0.30859375,-9.328697075923914,-17.002240079287464,-20.80414584439948
1,1,F3,0.3125,-8.927309811823575,-16.660839473024467,-21.027062043436977
1,1,F3,0.31640625,-8.662612812180484,-16.219013477232647,-21.246471462642987
1,1,F3,0.3203125,-8.663783168704375,-15.828387350465452,-21.462370061959483
1,1,F3,0.32421875,-8.809609540706054,-15.519586491195886,-21.67475557855094
1,1,F3,0.328125,-9.303904655874376,-15.725123581950866,-21.883627448932707
1,1,F3,0.33203125,-9.870933413168085,-16.113108713100704,-22.08898673399223
1,1,F3,0.3359375,-10.120392710394436,-16.582569075974366,-22.290836046793537
1,1,F3,0.33984375,-10.229415566358513,-17.046672001007078,-22.4891794830599
1,1,F3,0.34375,-9.983153967226126,-17.194388010240672,-22.684022554233962
1,1,F3,0.34765625,-9.640628419872264,-17.198614512161896,-22.875372123018618
1,1,F3,0.3515625,-9.3719619993625,-16.976416913055605,-23.063236341305842
1,1,F3,0.35546875,-9.184361582998672,-16.696214787542075,-23.247624590404516
1,1,F3,0.359375,-9.455967677301969,-16.455692520573212,-23.428547423481792
1,1,F3,0.36328125,-9.888411983046923,-16.319607117859388,-23.60601651013601
1,1,F3,0.3671875,-10.389501576972645,-16.50651861550449,-23.780044583022438
1,1,F3,0.37109375,-10.907051931644213,-16.894221197514717,-23.95064538645617
1,1,F3,0.375,-11.054371530419944,-17.6291965744294,-24.117833626919754
1,1,F3,0.37890625,-11.105319013510861,-18.504157450520108,-24.28162492540561
1,1,F3,0.3828125,-11.17754954214492,-19.386572993193955,-24.442035771526477
1,1,F3,0.38671875,-11.275979600143078,-20.226756917371944,-24.599083479329273
1,1,F3,0.390625,-11.676155579259097,-20.808710533262165,-24.752786144750814
1,1,F3,0.39453125,-12.162328541949318,-21.248761784826858,-24.903162604655606
1,1,F3,0.3984375,-12.644765310375517,-21.420387014237296,-25.050232397398876
1,1,F3,0.40234375,-13.116406164534673,-21.494612239021507,-25.194015724859696
1,1,F3,0.40625,-13.293036019154798,-21.615188062541673,-25.334533415891418
1,1,F3,0.41015625,-13.435034088154389,-21.80640183020229,-25.471806891138595
1,1,F3,0.4140625,-13.568783545717649,-22.148941330400454,-25.605858129171498
1,1,F3,0.41796875,-13.809892716359172,-22.62097082735592,-25.736709633891195
1,1,F3,0.421875,-14.587232812875772,-23.453159862469292,-25.86438440315996
1,1,F3,0.42578125,-15.57944271935016,-24.40192719323718,-25.988905898613318
1,1,F3,0.4296875,-16.891573049769086,-25.404639035807293,-26.110298016611964
1,1,F3,0.43359375,-18.25324118730845,-26.340672704127286,-26.22858506029311
1,1,F3,0.4375,-19.188364461146104,-26.9237227589598,-26.343791712682318
1,1,F3,0.44140625,-19.87250001072759,-27.277183091062724,-26.455943010828484
1,1,F3,0.4453125,-20.247965983332353,-27.267637910202616,-26.565064320925863
1,1,F3,0.44921875,-20.39009142923563,-27.067965113955715,-26.671181314388395
1,1,F3,0.453125,-20.23708015120386,-26.721886136077988,-26.774319944842887
1,1,F3,0.45703125,-19.934847415051618,-26.33995694639832,-26.87450642600878
1,1,F3,0.4609375,-19.568038977329778,-26.15002924082011,-26.971767210433395
1,1,F3,0.46484375,-19.19504616168609,-26.06311081212463,-27.066128969052773
1,1,F3,0.46875,-19.02105739819386,-26.272495967633553,-27.157618571549122
1,1,F3,0.47265625,-18.985007748093032,-26.59923552922431,-27.246263067477148
1,1,F3,0.4765625,-19.011082913864346,-26.848620140532226,-27.332089668132287
1,1,F3,0.48046875,-19.152244709849164,-27.078217824904986,-27.41512572913506
1,1,F3,0.484375,-19.647172718190262,-27.16995031120157,-27.495398733706477
1,1,F3,0.48828125,-20.24227744600213,-27.220695895562933,-27.572936276610513
1,1,F3,0.4921875,-20.96690800832091,-27.280687693233286,-27.64776604874027
1,1,F3,0.49609375,-21.642933589775975,-27.365104083048273,-27.719915822325557
1,1,F3,0.5,-21.759903609369356,-27.533434737466926,-27.789413436740084
1,1,F3,0.50390625,-21.649656219952476,-27.75863230149059,-27.85628678488759
1,1,F3,0.5078125,-21.253141489836345,-28.10006889943969,-27.920563800146518
1,1,F3,0.51171875,-20.7694139222589,-28.47990835369799,-27.982272443854026
1,1,F3,0.515625,-20.6005512324972,-28.892981878944845,-28.041440693310307
1,1,F3,0.51953125,-20.529500761437113,-29.283344915848115,-28.098096530285353
1,1,F3,0.5234375,-20.728282844929282,-29.524017579459972,-28.15226793001044
1,1,F3,0.52734375,-20.987589463303273,-29.672955997081136,-28.203982850637537
1,1,F3,0.53125,-20.926876517303402,-29.69818975243393,-28.253269223150347
1,1,F3,0.53515625,-20.78746576479515,-29.62503680774198,-28.300154941711156
1,1,F3,0.5390625,-20.429600755078813,-29.555482733608155,-28.344667854428216
1,1,F3,0.54296875,-20.069906314221882,-29.41344761322788,-28.386835754529216
1,1,F3,0.546875,-20.13151842084623,-29.119503170148135,-28.42668637192628
1,1,F3,0.55078125,-20.375801729286042,-28.719389359686797,-28.464247365159085
1,1,F3,0.5546875,-20.87976290977804,-28.156309186952598,-28.499546313702634
1,1,F3,0.55859375,-21.481678714136702,-27.51318961875627,-28.532610710627033
1,1,F3,0.5625,-21.96573857123146,-26.835174502632256,-28.563467955596828
1,1,F3,0.56640625,-22.385442337461097,-26.135393298934098,-28.592145348197892
1,1,F3,0.5703125,-22.63198542335608,-25.559630957061906,-28.61867008158053
1,1,F3,0.57421875,-22.788931630919997,-25.014612917012432,-28.643069236407342
1,1,F3,0.578125,-22.83912650541276,-24.406444232313586,-28.665369775095304
1,1,F3,0.58203125,-22.868027359994915,-23.76400440533429,-28.685598536341566
1,1,F3,0.5859375,-22.91283429196041,-23.14441374603098,-28.703782229922833
1,1,F3,0.58984375,-23.030627998171813,-22.47593788913382,-28.719947431758705
1,1,F3,0.59375,-23.359404889189364,-21.808615744859498,-28.734120579229494
1,1,F3,0.59765625,-23.80057253975932,-21.05185943743715,-28.746327966739457
1,1,F3,0.6015625,-24.561084102433895,-20.002267753294866,-28.756595741516666
1,1,F3,0.60546875,-25.379506990884973,-18.80688398490043,-28.76494989964094
1,1,F3,0.609375,-26.009688294803006,-17.353161189083835,-28.771416282291806
1,1,F3,0.61328125,-26.4902079430005,-15.830263116607684,-28.776020572208328
1,1,F3,0.6171875,-26.580995963922373,-14.501249084413951,-28.778788290353305
1,1,F3,0.62109375,-26.482402312437262,-13.279696699652776,-28.7797447927744
1,1,F3,0.625,-26.217888331139203,-12.277364352745794,-28.778915267654916
1,1,F3,0.62890625,-25.878962254042122,-11.41293082019514,-28.776324732547405
1,1,F3,0.6328125,-25.723753854250717,-10.592995135393812,-28.771998031783415
1,1,F3,0.63671875,-25.621965214399644,-9.873098815296474,-28.765959834052808
1,1,F3,0.640625,-25.57508598119601,-9.211242364448811,-28.758234630146504
1,1,F3,0.64453125,-25.543018051173284,-8.657565289513613,-28.748846730856474
1,1,F3,0.6484375,-25.463309647685698,-8.335083717787047,-28.73782026502726
1,1,F3,0.65234375,-25.353444452882982,-8.140438731577955,-28.725179177753297
1,1,F3,0.65625,-25.167363338372564,-8.129281864380808,-28.710947228716584
1,1,F3,0.66015625,-24.93550060866919,-8.169117615285938,-28.695147990659407
1,1,F3,0.6640625,-24.703634557752206,-8.136629800468134,-28.677804847987055
1,1,F3,0.66796875,-24.460567731012937,-8.053855557927319,-28.658940995495527
1,1,F3,0.671875,-24.13523307509121,-7.669061071242198,-28.63857943721954
1,1,F3,0.67578125,-23.80042127044565,-7.232909579355519,-28.616742985396126
1,1,F3,0.6796875,-23.539208968715595,-6.771266081213563,-28.593454259539467
1,1,F3,0.68359375,-23.31014816189664,-6.411830335680729,-28.568735685622535
1,1,F3,0.6875,-23.193065255263374,-6.5613646952122755,-28.542609495361543
1,1,F3,0.69140625,-23.096271372868927,-6.940494237158968,-28.515097725599013
1,1,F3,0.6953125,-22.944952188346328,-7.675360876143647,-28.48622221778163
1,1,F3,0.69921875,-22.73878917596233,-8.508919200669123,-28.45600461752919
1,1,F3,0.703125,-22.4104351733929,-9.039069785704388,-28.424466374290912
1,1,F3,0.70703125,-21.977857410770856,-9.419789355337087,-28.391628741085682
1,1,F3,0.7109375,-21.478001951971372,-9.495073201426738,-28.3575127743227
1,1,F3,0.71484375,-20.876764656062477,-9.41942187004261,-28.322139333699518
1,1,F3,0.71875,-20.090390923675503,-9.306698063106571,-28.285529082173976
1,1,F3,0.72265625,-19.183558230253098,-9.178434954009676,-28.24770248600718
1,1,F3,0.7265625,-18.163691458332266,-9.076341857488403,-28.208679814874557
1,1,F3,0.73046875,-17.04492906825457,-9.018502649929442,-28.168481142042083
1,1,F3,0.734375,-15.948736702865546,-9.172633548622192,-28.127126344604836
1,1,F3,0.73828125,-14.801937398907162,-9.449947401066694,-28.084635103785438
1,1,F3,0.7421875,-13.45955408989256,-9.673854273859389,-28.04102690528959
1,1,F3,0.74609375,-12.058311940677747,-9.965782192780251,-27.996321039716314
1,1,F3,0.75,-10.564856387038406,-10.486676854844426,-27.950536603020474
1,1,F3,0.75390625,-9.110897208080111,-11.101365423375736,-27.90369249702529
1,1,F3,0.7578125,-7.884162077271806,-11.938924691309609,-27.85580742998257
1,1,F3,0.76171875,-6.826814377781512,-12.775298661994015,-27.806899917178477
1,1,F3,0.765625,-6.095876217772303,-13.391073009074258,-27.756988281582785
1,1,F3,0.76953125,-5.578182038906944,-13.82556610034679,-27.706090654539615
1,1,F3,0.7734375,-5.101220042950914,-13.772892457335242,-27.65422497649763
1,1,F3,0.77734375,-4.737515393306508,-13.503929040507611,-27.601408997777888
1,1,F3,0.78125,-4.622467563779024,-13.077757788352853,-27.54766027937751
1,1,F3,0.78515625,-4.599543147822387,-12.631115194954386,-27.49299619380738
1,1,F3,0.7890625,-4.68446054713175,-12.40078683236945,-27.43743392596224
1,1,F3,0.79296875,-4.821463860012657,-12.253223999222834,-27.3809904740215
1,1,F3,0.796875,-4.4934357967720215,-12.649521264077022,-27.323682650379283
1,1,F3,0.80078125,-4.051694268024607,-13.17608896623668,-27.265527082601963
1,1,Fz,-0.19921875,0.43517019601660456,-3.9336953663545495,0.0
1,1,Fz,-0.1953125,0.8860124365099572,-3.56606393669664,0.0
1,1,Fz,-0.19140625,1.5017569591985298,-3.0063843327276025,0.0
1,1,Fz,-0.1875,1.7894378487562403,-2.311355517993217,0.0
1,1,Fz,-0.18359375,1.9427953126715474,-1.5861849252609566,0.0
1,1,Fz,-0.1796875,1.8096740226427286,-0.9759924827035825,0.0
1,1,Fz,-0.17578125,1.5617647984372496,-0.477015387077028,0.0
1,1,Fz,-0.171875,1.269137537605402,-0.2865242516617151,0.0
1,1,Fz,-0.16796875,0.9902811910258342,-0.2920532678491747,0.0
1,1,Fz,-0.1640625,0.9882024773590459,-0.38544270412885223,0.0
1,1,Fz,-0.16015625,1.0930594879692541,-0.5915741206545764,0.0
1,1,Fz,-0.15625,1.3275181882733484,-1.0428650483424693,0.0
1,1,Fz,-0.15234375,1.5723222699141537,-1.5808550940548287,0.0
1,1,Fz,-0.1484375,1.7156528795295345,-2.0990629764339714,0.0
1,1,Fz,-0.14453125,1.769750930850197,-2.5926696530877393,0.0
1,1,Fz,-0.140625,1.472682368174909,-2.853313478368093,0.0
1,1,Fz,-0.13671875,1.0414889371894493,-3.0159528680311807,0.0
1,1,Fz,-0.1328125,0.6247557890417955,-3.1960898943998406,0.0
1,1,Fz,-0.12890625,0.2041450453757962,-3.345903322560455,0.0
1,1,Fz,-0.125,-0.051021928159637436,-3.492600738014464,0.0
1,1,Fz,-0.12109375,-0.2398476228401235,-3.579419272738003,0.0
1,1,Fz,-0.1171875,-0.4826343019817135,-3.665689519117644,0.0
1,1,Fz,-0.11328125,-0.6976402970519654,-3.650727559830787,0.0
1,1,Fz,-0.109375,-0.8792978750324466,-3.348830611444843,0.0
1,1,Fz,-0.10546875,-0.9973793120527402,-2.856572000813205,0.0
1,1,Fz,-0.1015625,-0.9586358284173014,-2.1286718682344734,0.0
1,1,Fz,-0.09765625,-0.8530820373581954,-1.2655510296413661,0.0
1,1,Fz,-0.09375,-0.5587404188044911,-0.26781278987384366,0.0
1,1,Fz,-0.08984375,-0.2575728253463612,0.7438098798063733,0.0
1,1,Fz,-0.0859375,-0.16484155226890962,1.6716789882934948,0.0
1,1,Fz,-0.08203125,-0.18625573591961442,2.4764459597121733,0.0
1,1,Fz,-0.078125,-0.5896005694348437,2.9492928233796447,0.0
1,1,Fz,-0.07421875,-1.0917708786449352,3.233643968761504,0.0
1,1,Fz,-0.0703125,-1.4841736672625208,3.227143899550129,0.0
1,1,Fz,-0.06640625,-1.7827173295526435,3.104346481045333,0.0
1,1,Fz,-0.0625,-1.6805233438556888,3.081185046162548,0.0
1,1,Fz,-0.05859375,-1.4151610647099988,3.0864251664218516,0.0
1,1,Fz,-0.0546875,-1.0445727743731157,3.3076120614989684,0.0
1,1,Fz,-0.05078125,-0.6506329616744858,3.5584927941847284,0.0
1,1,Fz,-0.046875,-0.45418933963117925,3.773570165087928,0.0
1,1,Fz,-0.04296875,-0.36149512832527675,3.898774371319988,0.0
1,1,Fz,-0.0390625,-0.42471315934126297,3.7120562370166583,0.0
1,1,Fz,-0.03515625,-0.5615198275450461,3.3932415893479764,0.0
1,1,Fz,-0.03125,-0.7817348480006682,2.7559746372946052,0.0
1,1,Fz,-0.02734375,-1.0019035785011716,2.064547600903571,0.0
1,1,Fz,-0.0234375,-1.0824917885959724,1.63698795140378,0.0
1,1,Fz,-0.01953125,-1.0892577275431465,1.377109061213161,0.0
1,1,Fz,-0.015625,-0.8816650931234609,1.4920295740308984,0.0
1,1,Fz,-0.01171875,-0.615481019180553,1.793040944763226,0.0
1,1,Fz,-0.0078125,-0.4131604114396642,2.2582106047597525,0.0
1,1,Fz,-0.00390625,-0.26189443057250833,2.7992542121369324,0.0
1,1,Fz,0.0,-0.32881225615721293,3.077411256545665,0.0
1,1,Fz,0.00390625,-0.46333348961074877,3.2939001289347742,0.000621912580820391
1,1,Fz,0.0078125,-0.7011768094183543,3.560226117885771,0.0024576027855626736
1,1,Fz,0.01171875,-0.9038506571084275,3.8415471609445704,0.005470513977878981
1,1,Fz,0.015625,-0.8640417255269958,4.237264815640458,0.009624831664518418
1,1,Fz,0.01953125,-0.6733754258194142,4.635152024583732,0.014885505455803139
1,1,Fz,0.0234375,-0.10439449287907374,5.05726172077991,0.02121826488096373
1,1,Fz,0.02734375,0.5639198686207579,5.44650322376238,0.028589629810691262
1,1,Fz,0.03125,1.2501976326551114,5.451491015850862,0.03696691617265415
1,1,Fz,0.03515625,1.8213307326503771,5.360280773925162,0.04733462507008155
1,1,Fz,0.0390625,1.885363271575668,5.336359679522074,0.06000191849854437
1,1,Fz,0.04296875,1.6717964268655936,5.361787229075914,0.07488057437928734
1,1,Fz,0.046875,0.99931185434633,5.768808677741939,0.09188511828814154
1,1,Fz,0.05078125,0.18748300683274885,6.270669720393314,0.11093275072923474
1,1,Fz,0.0546875,-0.5226320935161284,6.753840578525237,0.13194327458073624
1,1,Fz,0.05859375,-1.0980441410969919,7.170614348335805,0.15483902296986904
1,1,Fz,0.0625,-1.103591821130301,7.169803904555671,0.17954478779873695
1,1,Fz,0.06640625,-0.841753898524216,7.002618803051972,0.2059877491102782
1,1,Fz,0.0703125,-0.34573956757716784,6.721021164540746,0.23409740545466304
1,1,Fz,0.07421875,0.2355077269683254,6.419927935330685,0.26380550539048475
1,1,Fz,0.078125,0.702529998374078,6.279931476801074,0.295045980231928
1,1,Fz,0.08203125,1.0533394326448167,6.252086914725093,0.3277548781325115
1,1,Fz,0.0859375,1.0866608498200607,6.467388061170033,0.3618702995777785
1,1,Fz,0.08984375,0.9332504211117572,6.8138457164013575,0.39733233434324033
1,1,Fz,0.09375,0.5624436672507125,7.2592926699951255,0.43408299995975935
1,1,Fz,0.09765625,0.05639724946437624,7.743761990109472,0.4720661817162103
1,1,Fz,0.1015625,-0.4091209667266523,8.2233568225144,0.5112275742184991
1,1,Fz,0.10546875,-0.8973085792954507,8.665076344172979,0.5515146245146869
1,1,Fz,0.109375,-1.4816381310249631,8.917076994072717,0.5928764767879156
1,1,Fz,0.11328125,-2.0878529073733425,9.108123679784466,0.6352639186119159
1,1,Fz,0.1171875,-2.6413335258334913,9.106951611035056,0.6786293287579828
1,1,Fz,0.12109375,-3.1479947818090803,9.067928864241392,0.722926626537302
1,1,Fz,0.125,-3.6105451467074663,9.260027272560347,0.7681112226583118
1,1,Fz,0.12890625,-3.9913342339197166,9.495645213826721,0.8141399715752817
1,1,Fz,0.1328125,-4.2677815582807455,9.947993915371516,0.8609711253014121
1,1,Fz,0.13671875,-4.429655308320073,10.387882332249992,0.908564288657417
1,1,Fz,0.140625,-4.373257111107351,10.505132335446985,0.9568803759246928
1,1,Fz,0.14453125,-4.1926963786064695,10.431086671157045,1.005881568870727
1,1,Fz,0.1484375,-3.8775495323984845,9.991679149393821,1.0555312761133124
1,1,Fz,0.15234375,-3.4829187104176405,9.383970381234201,1.1057940937893582
1,1,Fz,0.15625,-3.198079278210454,8.72873752788565,1.1566357674935903
1,1,Fz,0.16015625,-2.880309456096117,8.118056534204662,1.208023155452154
1,1,Fz,0.1640625,-2.5521465600520865,7.544708453544788,1.2599241928960676
1,1,Fz,0.16796875,-2.149927445232402,7.133783584146089,1.31230785759957
1,1,Fz,0.171875,-1.3668311047625985,7.33942893795642,1.365144136548649
1,1,Fz,0.17578125,-0.479112403383426,7.837910809420951,1.4184039937054012
1,1,Fz,0.1796875,0.531361175460932,8.61799471723308,1.4720593388343355
1,1,Fz,0.18359375,1.4716834688449212,9.500044034429116,1.526082997357288
1,1,Fz,0.1875,1.9486203262401784,10.221225667350973,1.5804486812042242
1,1,Fz,0.19140625,2.143893178858994,10.845452609778956,1.6351309606278845
1,1,Fz,0.1953125,1.910593255754772,11.103768326126964,1.6901052369509437
1,1,Fz,0.19921875,1.4451951854347909,11.210936563758818,1.7453477162150979
1,1,Fz,0.203125,0.8730151485319534,11.31390674979958,1.800835383702278
1,1,Fz,0.20703125,0.26377777853601425,11.409294850483011,1.8565459792989683
1,1,Fz,0.2109375,-0.27226304684928937,11.591923228968929,1.912457973675426
1,1,Fz,0.21484375,-0.7104367313537399,11.80989389097104,1.9685505452523846
1,1,Fz,0.21875,-0.8634609578984366,12.175731474877775,2.0248035579286636
1,1,Fz,0.22265625,-0.8538156488134397,12.583380694459535,2.0811975395438744
1,1,Fz,0.2265625,-0.6223712031596199,12.836385183563097,2.13771366105125
1,1,Fz,0.23046875,-0.3049151138808935,13.039856403858945,2.1943337163763816
1,1,Fz,0.234375,0.005976713640855963,13.255714363637258,2.2510401029384504
1,1,Fz,0.23828125,0.2828029512571919,13.434211074632971,2.30781580281129
1,1,Fz,0.2421875,0.27123183694159836,13.673375698066794,2.3646443645023636
1,1,Fz,0.24609375,0.17205551238336778,13.899468055403043,2.4215098853284935
1,1,Fz,0.25,-0.0407016842534017,13.858920863086691,2.4783969943678574
1,1,Fz,0.25390625,-0.22171032469742286,13.774675150345168,2.5352908359685093
1,1,Fz,0.2578125,-0.12376750826909139,13.707045631909512,2.5921770537943205
1,1,Fz,0.26171875,0.1363571462010224,13.721533536576505,2.649041775389918
1,1,Fz,0.265625,0.7779241024838381,14.120414744031114,2.705871597246834
1,1,Fz,0.26953125,1.5386326592817912,14.675941677301921,2.7626535703536943
1,1,Fz,0.2734375,2.275226709864072,15.466444507728047,2.8193751862138905
1,1,Fz,0.27734375,2.945679372975733,16.297429492731236,2.8760243633147358
1,1,Fz,0.28125,3.1263364802787277,16.821443602416387,2.932589434032705
1,1,Fz,0.28515625,3.135640429007709,17.211845791047864,2.989059131959868
1,1,Fz,0.2890625,3.0336368851244635,17.294447563956705,3.045422579637182
1,1,Fz,0.29296875,2.947124495373098,17.28983203263952,3.101669276680792
1,1,Fz,0.296875,3.1575098563010555,17.409599007327508,3.1577890882880064
1,1,Fz,0.30078125,3.519706131495374,17.640086910709044,3.2137722341100647
1,1,Fz,0.3046875,4.292549315056408,18.104796501656207,3.2696092774792804
1,1,Fz,0.30859375,5.191667593009443,18.709286200031766,3.3252911149785955
1,1,Fz,0.3125,5.893337598046761,19.68190174497324,3.380808966341989
1,1,Fz,0.31640625,6.4796666563987815,20.723096399994393,3.4361543646746
1,1,Fz,0.3203125,6.821506771676586,21.624827678258875,3.4913191469818337
1,1,Fz,0.32421875,7.01754075710325,22.372895207082202,3.546295444997068
1,1,Fz,0.328125,7.004384280996449,22.566681191205127,3.6010756762979894
1,1,Fz,0.33203125,6.918652386566703,22.4971518773811,3.6556525357018974
1,1,Fz,0.3359375,6.858249916787004,22.241571765485183,3.710018986930684
1,1,Fz,0.33984375,6.834013766673202,21.906677287704827,3.7641682545365187
1,1,Fz,0.34375,7.135923812971499,21.657031952334307,3.818093816079577
1,1,Fz,0.34765625,7.530172683624748,21.466329609529065,3.871789394549461
1,1,Fz,0.3515625,7.919049124186097,21.58641544889363,3.9252489510222572
1,1,Fz,0.35546875,8.261988927283996,21.79191114973959,3.9784666775454527
1,1,Fz,0.359375,8.302007490967942,22.04154829118627,4.0314369902432
1,1,Fz,0.36328125,8.205660748851187,22.214134492834837,4.084154522634696
1,1,Fz,0.3671875,7.981730118681282,22.099269692604018,4.136614119158687
1,1,Fz,0.37109375,7.682745312659991,21.78997210127271,4.188810828897333
1,1,Fz,0.375,7.551242477661875,20.99179660107995,4.240739899492947
1,1,Fz,0.37890625,7.405111210703795,20.025794851382383,4.292396771251298
1,1,Fz,0.3828125,7.211772714989711,19.084657250128092,4.343777071425414
1,1,Fz,0.38671875,6.951933817534346,18.215009376788533,4.3948766086740365
1,1,Fz,0.390625,6.277585423505713,17.74686249694914,4.445691367689044
1,1,Fz,0.39453125,5.49937067956617,17.50189433261924,4.496217503986392
1,1,Fz,0.3984375,4.793756367373896,17.472736497560046,4.5464513388553005
1,1,Fz,0.40234375,4.163316276170508,17.5753860906067,4.596389354460565
1,1,Fz,0.40625,3.9640803952302512,17.806971246110145,4.646028189093091
1,1,Fz,0.41015625,3.8953807951466035,18.052359156183428,4.695364632563887
1,1,Fz,0.4140625,3.949845739997775,18.181128045342966,4.74439562173691
1,1,Fz,0.41796875,3.9747503895166543,18.214847938080986,4.793118236196346
1,1,Fz,0.421875,3.5109725813299786,17.90136176277729,4.841529694044011
1,1,Fz,0.42578125,2.8518460955828937,17.47249165582821,4.889627347822749
1,1,Fz,0.4296875,1.9282442421138122,17.00015587303731,4.937408680561804
1,1,Fz,0.43359375,0.943222955020095,16.56821134347241,4.984871301940307
1,1,Fz,0.4375,0.21104359396721495,16.42697265302552,5.032012944565128
1,1,Fz,0.44140625,-0.34357757152286184,16.424449808237114,5.078831460359487
1,1,Fz,0.4453125,-0.668981111298202,16.73469290106205,5.125324817058809
1,1,Fz,0.44921875,-0.7851274892303031,17.124620494881878,5.171491094810474
1,1,Fz,0.453125,-0.5587210441969327,17.328263467263074,5.217328482874156
1,1,Fz,0.45703125,-0.16606686232120235,17.403958099054723,5.262835276419629
1,1,Fz,0.4609375,0.4439848339520239,17.222317154410508,5.308009873418963
1,1,Fz,0.46484375,1.0756188385345284,16.907377474447934,5.352850771630162
1,1,Fz,0.46875,1.415383659419019,16.30073637249099,5.397356565669389
1,1,Fz,0.47265625,1.555455862052673,15.665326726236604,5.4415259441690225
1,1,Fz,0.4765625,1.3857210099194908,15.214687572787508,5.485357687018857
1,1,Fz,0.48046875,1.0264733434642994,14.950260359572487,5.528850662687874
1,1,Fz,0.484375,0.3490303740395254,15.287805514109468,5.572003825624089
1,1,Fz,0.48828125,-0.3935335610816411,15.879633279274064,5.614816213730047
1,1,Fz,0.4921875,-1.0535728501314219,16.71349715888617,5.657286945911631
1,1,Fz,0.49609375,-1.5821284447295296,17.598215848461603,5.699415219697918
1,1,Fz,0.5,-1.499903852769068,18.077041390958826,5.7412003089299
1,1,Fz,0.50390625,-1.1746353821703062,18.36551134653112,5.78264156151595
1,1,Fz,0.5078125,-0.6741780398629743,18.401236723155645,5.823738397251969
1,1,Fz,0.51171875,-0.13549476067054328,18.314586043289523,5.864490305704259
1,1,Fz,0.515625,0.05490454063291631,18.167096286090043,5.904896844153169
1,1,Fz,0.51953125,0.12777130775871826,18.020937204455322,5.944957635595689
1,1,Fz,0.5234375,-0.11661881516365014,18.066338207100955,5.9846723668051585
1,1,Fz,0.52734375,-0.41861518373051154,18.22581370518583,6.024040786446393
1,1,Fz,0.53125,-0.3343295677139443,18.50932307041399,6.063062703244496
1,1,Fz,0.53515625,-0.11812738759020938,18.91237883631013,6.101737984205766
1,1,Fz,0.5390625,0.3983006547958577,19.38139680570055,6.140066552889097
1,1,Fz,0.54296875,0.9687999984257644,19.944870322643776,6.178048387726355
1,1,Fz,0.546875,1.2223987322888956,20.721454414231285,6.21568352039024
1,1,Fz,0.55078125,1.3331580365774602,21.580761780539355,6.252972034208219
1,1,Fz,0.5546875,1.115472328738462,22.504984041749594,6.289914062621127
1,1,Fz,0.55859375,0.7851971221059746,23.42642913112223,6.326509787685101
1,1,Fz,0.5625,0.5393976687885071,24.126739059709813,6.362759438615541
1,1,Fz,0.56640625,0.344179287988777,24.73200667429252,6.398663290371848
1,1,Fz,0.5703125,0.3953202975567419,25.25154870608776,6.434221662281721
1,1,Fz,0.57421875,0.5287417106888881,25.741489333420546,6.469434916703806
1,1,Fz,0.578125,0.7547261435630537,26.23340928815064,6.504303457727593
1,1,Fz,0.58203125,0.959302124510862,26.795142683098938,6.5388277299094275
1,1,Fz,0.5859375,0.9407077609893107,27.433534081279483,6.573008217043563
1,1,Fz,0.58984375,0.7854539637745745,28.210246027401162,6.606845440967234
1,1,Fz,0.59375,0.3513010046451505,29.231941985396748,6.640339960398725
1,1,Fz,0.59765625,-0.21535836049120094,30.43838921121829,6.673492369807466
1,1,Fz,0.6015625,-0.7723198885904816,31.991475197244824,6.706303298315209
1,1,Fz,0.60546875,-1.3311599745384013,33.71326572487087,6.738773408627384
1,1,Fz,0.609375,-1.871297666537964,35.54536568205004,6.77090339599372
1,1,Fz,0.61328125,-2.380115430274315,37.41219740380711,6.8026939871973
1,1,Fz,0.6171875,-2.7213143645915094,39.09830980717628,6.834145939571197
1,1,Fz,0.62109375,-2.9912314735605743,40.68742505514573,6.865260040041909
1,1,Fz,0.625,-3.295432420848969,42.17684084127016,6.89603710419877
1,1,Fz,0.62890625,-3.560921447617199,43.576952918297415,6.926477975388639
1,1,Fz,0.6328125,-3.8734894895962158,44.87054980735019,6.95658352383507
1,1,Fz,0.63671875,-4.11749962418093,46.06548792347552,6.986354645781305
1,1,Fz,0.640625,-4.134287484560512,47.26300922828454,7.015792262656367
1,1,Fz,0.64453125,-3.9995592868512757,48.393883145156394,7.044897320263595
1,1,Fz,0.6484375,-3.5985870053682367,49.2860894105518,7.073670787990988
1,1,Fz,0.65234375,-3.0514117692376868,50.04263280018072,7.102113658042704
1,1,Fz,0.65625,-2.51201584543521,50.83188854863321,7.130226944691126
1,1,Fz,0.66015625,-1.9213153491635042,51.553624190933924,7.158011683548902
1,1,Fz,0.6640625,-1.315816184909037,52.0857433054121,7.185468930860381
1,1,Fz,0.66796875,-0.6664083432398863,52.48458267948202,7.212599762811895
1,1,Fz,0.671875,0.07803152647807238,52.840051486088555,7.239405274860358
1,1,Fz,0.67578125,0.8644634559352238,53.072978423213364,7.26588658107964
1,1,Fz,0.6796875,1.7561691731841145,53.142225336813446,7.292044813524239
1,1,Fz,0.68359375,2.6525578800714413,53.06425169961524,7.317881121609739
1,1,Fz,0.6875,3.4305035426640327,52.678530624719485,7.343396671509596
1,1,Fz,0.69140625,4.129960351378717,52.16268388114005,7.368592645567768
1,1,Fz,0.6953125,4.651305883521007,51.575852256553674,7.393470241726783
1,1,Fz,0.69921875,5.101465657344149,50.99294571208161,7.418030672970772
1,1,Fz,0.703125,5.4813042395134675,50.62990915083754,7.442275166783066
1,1,Fz,0.70703125,5.883908203322713,50.391167667269855,7.466204964617949
1,1,Fz,0.7109375,6.4117248425860405,50.31525360717552,7.489821321386179
1,1,Fz,0.71484375,7.052661944420969,50.35053771906714,7.513125504953875
1,1,Fz,0.71875,8.001316943044532,50.43581599883592,7.536118795654421
1,1,Fz,0.72265625,9.095497920487631,50.55468710653053,7.558802485813012
1,1,Fz,0.7265625,10.255189005068733,50.787256323749524,7.581177879283494
1,1,Fz,0.73046875,11.466214645471652,51.022828130109055,7.603246290997175
1,1,Fz,0.734375,12.566898181489952,51.06429592024825,7.625009046523249
1,1,Fz,0.73828125,13.661830984558511,50.98873959425678,7.646467481640545
1,1,Fz,0.7421875,14.7831854428081,50.85110947378996,7.667622941920274
1,1,Fz,0.74609375,15.905378762080863,50.616206930841166,7.688476782319478
1,1,Fz,0.75,17.244874694865604,50.18777912884987,7.709030366784887
1,1,Fz,0.75390625,18.58993035489866,49.66891774727598,7.729285067866905
1,1,Fz,0.7578125,19.69104752450361,49.017401434468496,7.7492422663434555
1,1,Fz,0.76171875,20.63884313696021,48.36321807109774,7.768903350853408
1,1,Fz,0.765625,21.35764542366881,47.84448924820013,7.788269717539341
1,1,Fz,0.76953125,21.90805420375995,47.44358865290756,7.807342769699373
1,1,Fz,0.7734375,22.363606397671,47.352870655220784,7.8261239174478465
1,1,Fz,0.77734375,22.718625944283158,47.41860754658423,7.844614577384595
1,1,Fz,0.78125,22.885082136588398,47.59119726519639,7.862816172272595
1,1,Fz,0.78515625,22.992193999197788,47.799618566105416,7.880730130723755
1,1,Fz,0.7890625,23.10027318624868,47.997090421817255,7.898357886892646
1,1,Fz,0.79296875,23.15763990599795,48.183797283519695,7.9157008801779485
1,1,Fz,0.796875,23.678278746793783,47.99836488260301,7.932760554931424
1,1,Fz,0.80078125,24.281833853152623,47.71275822836009,7.949538360174209
1,1,F4,-0.19921875,-1.5126123741368556,1.3419378053064976,0.0
1,1,F4,-0.1953125,-1.2486170275248447,1.617742796672718,0.0
1,1,F4,-0.19140625,-0.8586127256034323,2.0849968438761253,0.0
1,1,F4,-0.1875,-0.7409081605245273,2.5703346955213138,0.0
1,1,F4,-0.18359375,-0.70591459007517,3.0477156262136953,0.0
1,1,F4,-0.1796875,-0.7406531176177199,3.3895094458877275,0.0
1,1,F4,-0.17578125,-0.8039381840297771,3.608492764269882,0.0
1,1,F4,-0.171875,-0.8621456049121161,3.6165250177934007,0.0
1,1,F4,-0.16796875,-0.897710593210978,3.4483835791447084,0.0
1,1,F4,-0.1640625,-0.7823691739875748,3.1252856766840544,0.0
1,1,F4,-0.16015625,-0.6040752189290205,2.6605895246072593,0.0
1,1,F4,-0.15625,-0.40290984847771205,1.9282120927293427,0.0
1,1,F4,-0.15234375,-0.20409330996550942,1.0989069341671387,0.0
1,1,F4,-0.1484375,0.0040662218129295,0.24167427351001172,0.0
1,1,F4,-0.14453125,0.17255978846836806,-0.5846537518617858,0.0
1,1,F4,-0.140625,0.17076698961600842,-1.1111208238837762,0.0
1,1,F4,-0.13671875,0.08128570143564344,-1.4924067208031868,0.0
1,1,F4,-0.1328125,-0.11432474095531849,-1.782031865521759,0.0
1,1,F4,-0.12890625,-0.35795085377057817,-1.9918356959686443,0.0
1,1,F4,-0.125,-0.5716198179644039,-2.1789775902438655,0.0
1,1,F4,-0.12109375,-0.7647219856751479,-2.303019392078932,0.0
1,1,F4,-0.1171875,-0.9115391486723605,-2.4655321256344127,0.0
1,1,F4,-0.11328125,-1.0161582594610734,-2.5514328684382086,0.0
1,1,F4,-0.109375,-1.0442833992012468,-2.421466679433578,0.0
1,1,F4,-0.10546875,-1.0196194543923338,-2.1447874468033135,0.0
1,1,F4,-0.1015625,-0.9667965309646369,-1.5899209078737606,0.0
1,1,F4,-0.09765625,-0.8984644702352848,-0.9139433636114855,0.0
1,1,F4,-0.09375,-0.7356528567293514,-0.21925353268826175,0.0
1,1,F4,-0.08984375,-0.5729220330345945,0.4418500632579371,0.0
1,1,F4,-0.0859375,-0.5484409135909015,1.0115727926339522,0.0
1,1,F4,-0.08203125,-0.5702681130229375,1.4469464810782076,0.0
1,1,F4,-0.078125,-0.7788518858912279,1.5687348625881123,0.0
1,1,F4,-0.07421875,-1.0091926495307557,1.5098067348941273,0.0
1,1,F4,-0.0703125,-1.0066828204321252,1.1539657908204106,0.0
1,1,F4,-0.06640625,-0.8888732218228842,0.6959146987572493,0.0
1,1,F4,-0.0625,-0.6176712695533749,0.344732999014285,0.0
1,1,F4,-0.05859375,-0.26004517639444913,0.04918917444102392,0.0
1,1,F4,-0.0546875,0.13272147648921162,0.04810935636776929,0.0
1,1,F4,-0.05078125,0.5420301698171849,0.12848585388163,0.0
1,1,F4,-0.046875,0.9196943488644204,0.21217726758377609,0.0
1,1,F4,-0.04296875,1.2623987108274988,0.2362748974292416,0.0
1,1,F4,-0.0390625,1.5440074052238708,0.05929270062696405,0.0
1,1,F4,-0.03515625,1.7748821549821736,-0.22504060086953573,0.0
1,1,F4,-0.03125,1.8932558322831796,-0.9249116274072954,0.0
1,1,F4,-0.02734375,1.9726200716172906,-1.731978816911532,0.0
1,1,F4,-0.0234375,2.0187545430456644,-2.286297951855787,0.0
1,1,F4,-0.01953125,2.0590120340789135,-2.7085485630981285,0.0
1,1,F4,-0.015625,2.2825487273723013,-2.8539840129810132,0.0
1,1,F4,-0.01171875,2.5375360856080067,-2.8403005008833513,0.0
1,1,F4,-0.0078125,2.7457612901231094,-2.754944450375058,0.0
1,1,F4,-0.00390625,2.9047379786246834,-2.61097146053224,0.0
1,1,F4,0.0,2.8565441822147206,-2.5732250634315097,0.0
1,1,F4,0.00390625,2.744376719947646,-2.555618402567344,-0.01204382110707269
1,1,F4,0.0078125,2.5300612441141825,-2.460862829488126,-0.04737395390200935
1,1,F4,0.01171875,2.358572470646128,-2.348547444726508,-0.10485916474517243
1,1,F4,0.015625,2.4016493388813798,-2.1790411378627486,-0.18340510108903177
1,1,F4,0.01953125,2.586438090605738,-2.031104462040452,-0.2819539289231888
1,1,F4,0.0234375,3.2563853403075345,-1.917061811933237,-0.39948386392704743
1,1,F4,0.02734375,4.042569172811845,-1.8477226330398848,-0.5350086124951827
1,1,F4,0.03125,4.746796163001748,-2.1259164475581276,-0.6875767372286948
1,1,F4,0.03515625,5.304362665720699,-2.4697674537999577,-0.854217914574341
1,1,F4,0.0390625,5.29066658721366,-2.6905687718428397,-1.0333628361111165
1,1,F4,0.04296875,5.0055396746551,-2.832530998326651,-1.2242797010041928
1,1,F4,0.046875,4.327075480346271,-2.5013194016772133,-1.426264406207644
1,1,F4,0.05078125,3.5550327296807187,-2.0692066069870254,-1.6386398369767403
1,1,F4,0.0546875,3.1198856812534435,-1.7157762029368708,-1.8607551376366747
1,1,F4,0.05859375,2.8726801027745776,-1.4752415479969587,-2.0919849688991454
1,1,F4,0.0625,3.108182724543353,-1.852697270158961,-2.3317287571987872
1,1,F4,0.06640625,3.528026998094126,-2.4764323769144925,-2.579409940783027
1,1,F4,0.0703125,4.019983816734389,-3.171088259699401,-2.8344752166260596
1,1,F4,0.07421875,4.491412189186411,-3.878371463031805,-3.0963937916448683
1,1,F4,0.078125,4.564541121861499,-4.344787072987588,-3.364656641166907
1,1,F4,0.08203125,4.445357635942107,-4.674085913081545,-3.6387757771299283
1,1,F4,0.0859375,4.176861878408679,-4.782417801988991,-3.9182835280791797
1,1,F4,0.08984375,3.795141517575454,-4.765185365615729,-4.202731832660913
1,1,F4,0.09375,3.377072146702566,-4.68255694207048,-4.491691547989112
1,1,F4,0.09765625,2.8872013192455874,-4.569397771320248,-4.784751773980212
1,1,F4,0.1015625,2.4786036556346662,-4.449186750764412,-5.08151919450428
1,1,F4,0.10546875,2.0420835714989884,-4.3588826542836925,-5.381617435986912
1,1,F4,0.109375,1.2844918372110048,-4.432365126930347,-5.684686443910506
1,1,F4,0.11328125,0.4203030965938173,-4.573773847132914,-5.99038187750353
1,1,F4,0.1171875,-0.3992095872153101,-4.841958732005837,-6.298374522768943
1,1,F4,0.12109375,-1.175176700704189,-5.141872746656202,-6.608349723885588
1,1,F4,0.125,-1.8967775874478054,-5.282211180313875,-6.920006832916722
1,1,F4,0.12890625,-2.505972266173115,-5.394510403220683,-7.233058677675814
1,1,F4,0.1328125,-2.895134228226596,-5.371309023481346,-7.5472310475294755
1,1,F4,0.13671875,-3.104369405002136,-5.378056165468106,-7.862262196859093
1,1,F4,0.140625,-2.9966237506093556,-5.6380675218931655,-8.177902365855024
1,1,F4,0.14453125,-2.7303658686912797,-6.052056425407391,-8.493913318278704
1,1,F4,0.1484375,-2.322300969270789,-6.8046164346424725,-8.810067895797363
1,1,F4,0.15234375,-1.863847615089731,-7.693687727630705,-9.126149588472519
1,1,F4,0.15625,-1.7174525004482935,-8.564742699366025,-9.441952120965702
1,1,F4,0.16015625,-1.6237599977540766,-9.361453884642858,-9.75727905401235
1,1,F4,0.1640625,-1.578373243540986,-10.10208313986012,-10.071943400706772
1,1,F4,0.16796875,-1.491593176408228,-10.681611418498393,-10.385767257136733
1,1,F4,0.171875,-0.9738861745584846,-10.672544103458808,-10.698581446905132
1,1,F4,0.17578125,-0.3377048656264133,-10.398274424727752,-11.010225179077775
1,1,F4,0.1796875,0.4422235389597142,-9.911153912944538,-11.320545719100195
1,1,F4,0.18359375,1.1708215727346125,-9.358818721325774,-11.629398072232167
1,1,F4,0.1875,1.4054220546017728,-9.004853681177298,-11.936644679055862
1,1,F4,0.19140625,1.3802373701450996,-8.758481808096358,-12.242155122622222
1,1,F4,0.1953125,1.0173462469356394,-8.87706348080646,-12.545805846809682
1,1,F4,0.19921875,0.4724685952260512,-9.1325769930093,-12.84747988547971
1,1,F4,0.203125,-0.06757283985605875,-9.307490286378158,-13.147066602024772
1,1,F4,0.20703125,-0.6148351589523552,-9.464266556416213,-13.444461438915615
1,1,F4,0.2109375,-1.121343382162047,-9.488131312313001,-13.739565676866693
1,1,F4,0.21484375,-1.5717334254957438,-9.485615730973471,-14.032286203250358
1,1,F4,0.21875,-1.8492175259149894,-9.43705700285741,-14.322535289402612
1,1,F4,0.22265625,-2.043321656776923,-9.396314523927538,-14.610230376475245
1,1,F4,0.2265625,-2.1215653267408365,-9.644860102981502,-14.895293869501163
1,1,F4,0.23046875,-2.177263296245785,-9.96846350876166,-15.17765293935163
1,1,F4,0.234375,-2.301521443405303,-10.225330803687614,-15.457239332275815
1,1,F4,0.23828125,-2.4809632936835966,-10.456325978400375,-15.73398918672463
1,1,F4,0.2421875,-2.8839725125823463,-10.45111817574577,-16.007842857171966
1,1,F4,0.24609375,-3.337032094520623,-10.37301178713047,-16.278744744657594
1,1,F4,0.25,-3.871313401640877,-10.431869112504497,-16.54664313378656
1,1,F4,0.25390625,-4.331924229150703,-10.509422250564157,-16.8114900359304
1,1,F4,0.2578125,-4.448039203967651,-10.654683473770449,-17.073241038385568
1,1,F4,0.26171875,-4.3490885474762875,-10.780290943147557,-17.3318551592542
1,1,F4,0.265625,-3.8281544163668206,-10.749802793638867,-17.587294707821883
1,1,F4,0.26953125,-3.1627907968179225,-10.656630791182431,-17.839525150216062
1,1,F4,0.2734375,-2.4161122718839305,-10.321985963597022,-18.088514980137763
1,1,F4,0.27734375,-1.7300250750142239,-9.939156597675995,-18.334235594467398
1,1,F4,0.28125,-1.6269880791293907,-9.836877766027238,-18.576661173554037
1,1,F4,0.28515625,-1.7541942421832073,-9.829026164124087,-18.815768566004987
1,1,F4,0.2890625,-2.187837792656746,-9.966111164321223,-19.05153717780025
1,1,F4,0.29296875,-2.679019491728199,-10.124411018225477,-19.283948865563595
1,1,F4,0.296875,-2.824107025172042,-10.14792411121822,-19.51298783382902
1,1,F4,0.30078125,-2.792726208986445,-10.065749469123993,-19.738640536147827
1,1,F4,0.3046875,-2.3146087096292765,-9.777758156996937,-19.960895579888223
1,1,F4,0.30859375,-1.6786054468512455,-9.378299074522795,-20.179743634585122
1,1,F4,0.3125,-1.1031963021056357,-8.769072575874656,-20.39517734370402
1,1,F4,0.31640625,-0.6070296482905366,-8.129325890815847,-20.607191239688213
1,1,F4,0.3203125,-0.39149219855271483,-7.596992727511446,-20.815781662164028
1,1,F4,0.32421875,-0.35583441853429704,-7.182902074415739,-21.020946679184014
1,1,F4,0.328125,-0.6452763552577435,-7.153990022803057,-21.222686011392717
1,1,F4,0.33203125,-1.0602837649238832,-7.318948373470361,-21.421000959004687
1,1,F4,0.3359375,-1.5384365559689237,-7.624363843147454,-21.61589433148852
1,1,F4,0.33984375,-2.0006060236709873,-8.007773812885285,-21.80737037985542
1,1,F4,0.34375,-2.063777598607451,-8.35381620610766,-21.995434731454502
1,1,F4,0.34765625,-1.994207134432295,-8.688837584491482,-22.18009432718137
1,1,F4,0.3515625,-1.8250020129441753,-8.887074040353578,-22.361357361009958
1,1,F4,0.35546875,-1.654584886648575,-9.067275858885246,-22.539233221761503
1,1,F4,0.359375,-1.7800367256791942,-9.232023027881436,-22.71373243702769
1,1,F4,0.36328125,-2.035874318276858,-9.474062503383617,-22.88486661916864
1,1,F4,0.3671875,-2.448522759862439,-9.901038725552008,-23.052648413309214
1,1,F4,0.37109375,-2.943117756119548,-10.475394907470358,-23.217091447260454
1,1,F4,0.375,-3.3487648540752843,-11.45875411075607,-23.37821028329556
1,1,F4,0.37890625,-3.7683367930267324,-12.57087073069038,-23.536020371712905
1,1,F4,0.3828125,-4.15557321639411,-13.713659666410681,-23.690538006120946
1,1,F4,0.38671875,-4.563887562615567,-14.79085003387612,-23.84178028038251
1,1,F4,0.390625,-5.230766721450032,-15.426579643612762,-23.989765047158514
1,1,F4,0.39453125,-5.952084109031693,-15.827998329057403,-24.13451087799318
1,1,F4,0.3984375,-6.666596177566187,-16.010355221885405,-24.276037024885444
1,1,F4,0.40234375,-7.331848326396093,-16.066535888396704,-24.414363383292915
1,1,F4,0.40625,-7.648814290801426,-16.00604783761246,-24.54951045651723
1,1,F4,0.41015625,-7.8595969722415395,-15.946232221994501,-24.68149932142118
1,1,F4,0.4140625,-7.963068021556321,-16.055871259965706,-24.810351595430316
1,1,F4,0.41796875,-8.094512326616181,-16.28823315336837,-24.93608940477302
1,1,F4,0.421875,-8.581780228054402,-16.85289180743764,-25.058735353915218
1,1,F4,0.42578125,-9.235371666599457,-17.55016312548933,-25.178312496147186
1,1,F4,0.4296875,-10.1827982606468,-18.309342234237683,-25.294844305281757
1,1,F4,0.43359375,-11.212999341342803,-19.05361836070823,-25.408354648424567
1,1,F4,0.4375,-12.128088494289033,-19.600829069661756,-25.518867759778516
1,1,F4,0.44140625,-12.906262705341012,-20.046687392618985,-25.62640821544597
1,1,F4,0.4453125,-13.436801640511085,-20.17502675079635,-25.73100090919359
1,1,F4,0.44921875,-13.732289836161831,-20.21888498259173,-25.83267102914601
1,1,F4,0.453125,-13.604342631109448,-20.43184983998756,-25.931444035375677
1,1,F4,0.45703125,-13.274014711520495,-20.75501385272159,-26.02734563835744
1,1,F4,0.4609375,-12.579840421882341,-21.271098927746827,-26.120401778257726
1,1,F4,0.46484375,-11.848566912813245,-21.88395364153463,-26.210638605028837
1,1,F4,0.46875,-11.54627342014794,-22.815862968009515,-26.29808245928058
1,1,F4,0.47265625,-11.536675591909967,-23.752802781637048,-26.382759853901756
1,1,F4,0.4765625,-11.998333652522497,-24.454268942614675,-26.464697456405514
1,1,F4,0.48046875,-12.746585912290497,-24.92524198142301,-26.543922071973274
1,1,F4,0.484375,-13.936464177758936,-24.689915685258885,-26.62046062717285
1,1,F4,0.48828125,-15.239168422351545,-24.146901903239776,-26.69434015432732
1,1,F4,0.4921875,-16.42206347158983,-23.357598918882793,-26.765587776511932
1,1,F4,0.49609375,-17.445686238683923,-22.504933203614723,-26.8342306931572
1,1,F4,0.5,-17.74395195878591,-22.0435834284492,-26.900296166237048
1,1,F4,0.50390625,-17.736513360669246,-21.76525266048908,-26.963811507021685
1,1,F4,0.5078125,-17.52892124835991,-21.78118156941556,-27.024804063375534
1,1,F4,0.51171875,-17.24251371888742,-21.9347900015077,-27.083301207581147
1,1,F4,0.515625,-17.2768485478827,-22.09296484118636,-27.139330324670944
1,1,F4,0.51953125,-17.39491638637939,-22.254616608713206,-27.192918801248922
1,1,F4,0.5234375,-17.757029593983997,-22.2695156540386,-27.24409401478541
1,1,F4,0.52734375,-18.13901196445883,-22.21329972000505,-27.292883323368194
1,1,F4,0.53125,-18.130332939452376,-22.124884990008482,-27.339314055894285
1,1,F4,0.53515625,-17.98347346957627,-21.958941450776432,-27.38341350268677
1,1,F4,0.5390625,-17.524875513280563,-21.82059650630852,-27.42520890652198
1,1,F4,0.54296875,-17.01362980273184,-21.626838996545235,-27.464727454052685
1,1,F4,0.546875,-16.865203488514027,-21.12541988077367,-27.501996267613244
1,1,F4,0.55078125,-16.879703847087423,-20.52538080356342,-27.537042397393552
1,1,F4,0.5546875,-17.215169504122933,-19.888594378757016,-27.569892813968725
1,1,F4,0.55859375,-17.667850680627538,-19.252965330051836,-27.60057440117204
1,1,F4,0.5625,-18.032343905816607,-18.83675084296529,-27.629113949299025
1,1,F4,0.56640625,-18.36204648083642,-18.497754847269256,-27.655538148631113
1,1,F4,0.5703125,-18.438623692104347,-18.202569036561155,-27.679873583267547
1,1,F4,0.57421875,-18.452470327354195,-17.900274369693697,-27.70214672525453
1,1,F4,0.578125,-18.49644225583837,-17.54126005869727,-27.722383929001328
1,1,F4,0.58203125,-18.579103825827296,-17.072031791093718,-27.740611425972894
1,1,F4,0.5859375,-18.94577709913958,-16.48622001031031,-27.756855319649365
1,1,F4,0.58984375,-19.413857923135872,-15.724079215225629,-27.771141580742842
1,1,F4,0.59375,-19.869028043649305,-14.647258391492587,-27.783496042662282
1,1,F4,0.59765625,-20.33859188991033,-13.32786881532464,-27.79394439721763
1,1,F4,0.6015625,-20.65470845517283,-11.706355731398444,-27.802512190554598
1,1,F4,0.60546875,-20.94929903482988,-9.890443383746486,-27.80922481931185
1,1,F4,0.609375,-21.36088498715286,-7.858209194277168,-27.814107526992476
1,1,F4,0.61328125,-21.834982069690778,-5.736164666962388,-27.817185400542076
1,1,F4,0.6171875,-22.40379072081727,-3.705815637586125,-27.818483367125992
1,1,F4,0.62109375,-23.002773425171654,-1.7279825972793321,-27.81802619109837
1,1,F4,0.625,-23.71043649443499,0.08311446752303164,-27.815838471156056
1,1,F4,0.62890625,-24.375278498060684,1.7887785807457466,-27.811944637670702
1,1,F4,0.6328125,-24.869463910773646,3.462334049785258,-27.80636895019232
1,1,F4,0.63671875,-25.17909438498174,5.046363019332984,-27.799135495118108
1,1,F4,0.640625,-25.12995486803611,6.542845009128823,-27.790268183520453
1,1,F4,0.64453125,-24.852256964309348,7.922050358885288,-27.779790749128107
1,1,F4,0.6484375,-24.231889743206583,9.096888122478994,-27.767726746454898
1,1,F4,0.65234375,-23.441962911291448,10.099143070217332,-27.754099549070382
1,1,F4,0.65625,-22.751749424670212,10.999892581355313,-27.73893234800726
1,1,F4,0.66015625,-22.053176638382592,11.750462695383952,-27.72224815030018
1,1,F4,0.6640625,-21.40382620522391,12.2150991600662,-27.70406977765115
1,1,F4,0.66796875,-20.74825358445752,12.48436213676978,-27.684419865216526
1,1,F4,0.671875,-20.008925817501474,12.675516532738822,-27.663320860511185
1,1,F4,0.67578125,-19.239793705063814,12.715688620189006,-27.64079502242514
1,1,F4,0.6796875,-18.37063045428151,12.608199879804665,-27.61686442034836
1,1,F4,0.68359375,-17.497674772772555,12.342003275706714,-27.591550933399546
1,1,F4,0.6875,-16.730737093580156,11.786664421103247,-27.56487624975492
1,1,F4,0.69140625,-16.021957854325517,11.087358153478267,-27.536861866072883
1,1,F4,0.6953125,-15.488034715894033,10.22585793400405,-27.507529087010887
1,1,F4,0.69921875,-14.998290683262733,9.326585320407238,-27.476899024830956
1,1,F4,0.703125,-14.482693243941869,8.626070405357773,-27.444992599089975
1,1,F4,0.70703125,-13.907534188824124,8.04304981866403,-27.411830536411728
1,1,F4,0.7109375,-13.146653050262202,7.605040806647475,-27.377433370337037
1,1,F4,0.71484375,-12.271370954910822,7.278434354170867,-27.34182144124903
1,1,F4,0.71875,-11.184928025465084,7.122207175145207,-27.30501489637032
1,1,F4,0.72265625,-10.016292286864264,7.031926508610338,-27.26703368982913
1,1,F4,0.7265625,-8.86513376335104,6.978808847726504,-27.227897582791584
1,1,F4,0.73046875,-7.715775200494682,6.903801077106685,-27.18762614365719
1,1,F4,0.734375,-6.776901971202701,6.623073190803544,-27.146238748314996
1,1,F4,0.73828125,-5.879282244532497,6.21909649833037,-27.10375458045771
1,1,F4,0.7421875,-4.880571948453102,5.734933977702933,-27.060192631951352
1,1,F4,0.74609375,-3.843768090293122,5.153371240409629,-27.015571703257876
1,1,F4,0.75,-2.5906215473551857,4.430127413299048,-26.969910403908663
1,1,F4,0.75390625,-1.2976573786926566,3.6402680197176718,-26.923227153026296
1,1,F4,0.7578125,-0.1478001886434496,2.706191480318016,-26.875540179892774
1,1,F4,0.76171875,0.905562176635286,1.7702906160735374,-26.82686752456177
1,1,F4,0.765625,1.7895906726566126,1.0237612631402515,-26.77722703851306
1,1,F4,0.76953125,2.5378237491790894,0.4065292038731237,-26.726636385347128
1,1,F4,0.7734375,3.1905706676719583,0.030498991154129376,-26.675113041517996
1,1,F4,0.77734375,3.7152027274887223,-0.2103159483431148,-26.622674297102478
1,1,F4,0.78125,4.09179531048134,-0.3336188686535784,-26.56933725660417
1,1,F4,0.78515625,4.359865506844253,-0.40638841175381774,-26.515118839790276
1,1,F4,0.7890625,4.361611327672484,-0.5160266723431574,-26.460035782559856
1,1,F4,0.79296875,4.257832718031928,-0.6057703227526507,-26.404104637841648
1,1,F4,0.796875,4.344877368678708,-0.962745000543495,-26.34734177652026
1,1,F4,0.80078125,4.494709019605951,-1.344448076183626,-26.28976338838887
2,-1,F3,-0.19921875,-6.375083256497927,7.4173292790676735,0.0
2,-1,F3,-0.1953125,-5.3763463454382965,6.619565481376591,0.0
2,-1,F3,-0.19140625,-4.237670839539835,5.685709706214995,0.0
2,-1,F3,-0.1875,-3.5186411978859895,5.095555249845292,0.0
2,-1,F3,-0.18359375,-3.0169564453020303,4.642341933354927,0.0
2,-1,F3,-0.1796875,-2.6899738588846986,4.61137103498225,0.0
2,-1,F3,-0.17578125,-2.538388986990768,4.692550423550483,0.0
2,-1,F3,-0.171875,-2.809231727534055,4.6291710834353905,0.0
2,-1,F3,-0.16796875,-3.220539369950407,4.444935909207643,0.0
2,-1,F3,-0.1640625,-3.629405495528706,3.879178420629173,0.0
2,-1,F3,-0.16015625,-3.9698091717011152,3.150842567230516,0.0
2,-1,F3,-0.15625,-3.9019722923920503,2.126504462071023,0.0
2,-1,F3,-0.15234375,-3.648656327803051,1.0909719296756932,0.0
2,-1,F3,-0.1484375,-3.186439185423634,0.3548324760641568,0.0
2,-1,F3,-0.14453125,-2.658746770475155,-0.15995529708852274,0.0
2,-1,F3,-0.140625,-2.242636621070121,-0.027040453075885547,0.0
2,-1,F3,-0.13671875,-1.8844902309623612,0.38879436301781356,0.0
2,-1,F3,-0.1328125,-1.721088567688781,0.8305347263669544,0.0
2,-1,F3,-0.12890625,-1.6345886331793247,1.3017370454811599,0.0
2,-1,F3,-0.125,-1.5346324448451192,1.6074727140117626,0.0
2,-1,F3,-0.12109375,-1.4453368697845608,1.8089014001199042,0.0
2,-1,F3,-0.1171875,-1.2680073635564708,1.914218634900231,0.0
2,-1,F3,-0.11328125,-1.0828377454459075,1.8968026954900352,0.0
2,-1,F3,-0.109375,-0.9574430830651219,1.7396114053636802,0.0
2,-1,F3,-0.10546875,-0.8315409993444115,1.450805546469301,0.0
2,-1,F3,-0.1015625,-0.8978095483693571,0.9284546060964163,0.0
2,-1,F3,-0.09765625,-0.9642813501226222,0.29381241335469876,0.0
2,-1,F3,-0.09375,-0.6822653766828336,-0.43698823043980056,0.0
2,-1,F3,-0.08984375,-0.2801665055281241,-1.172776833463645,0.0
2,-1,F3,-0.0859375,0.31344219478053764,-1.7846559305593601,0.0
2,-1,F3,-0.08203125,0.9203028823578564,-2.3057152985403073,0.0
2,-1,F3,-0.078125,1.2712714090303858,-2.5543001189376993,0.0
2,-1,F3,-0.07421875,1.4846339808107858,-2.685213545167399,0.0
2,-1,F3,-0.0703125,1.3357041278180528,-2.817147400322828,0.0
2,-1,F3,-0.06640625,1.0815376478057643,-2.9323790229147075,0.0
2,-1,F3,-0.0625,0.8631054171893283,-3.1275136805455284,0.0
2,-1,F3,-0.05859375,0.743751130645935,-3.3326424346417154,0.0
2,-1,F3,-0.0546875,0.9800093106388993,-3.5596708231204124,0.0
2,-1,F3,-0.05078125,1.4354732171212599,-3.7431831760533876,0.0
2,-1,F3,-0.046875,2.242412569929453,-3.8545828795388823,0.0
2,-1,F3,-0.04296875,3.184154009899982,-3.8866713369660753,0.0
2,-1,F3,-0.0390625,4.22036248835031,-3.6076663077676017,0.0
2,-1,F3,-0.03515625,5.210820084098475,-3.233677626140743,0.0
2,-1,F3,-0.03125,5.819666237985209,-2.869434406927168,0.0
2,-1,F3,-0.02734375,6.202492650987375,-2.5827016917221943,0.0
2,-1,F3,-0.0234375,6.251819848305283,-2.4955518944988375,0.0
2,-1,F3,-0.01953125,6.126353249408061,-2.581204497185754,0.0
2,-1,F3,-0.015625,5.892672491992423,-3.092604983284775,0.0
2,-1,F3,-0.01171875,5.626607590268192,-3.805846293074629,0.0
2,-1,F3,-0.0078125,5.519220276676234,-4.567347263349736,0.0
2,-1,F3,-0.00390625,5.479173794893217,-5.3855340820504125,0.0
2,-1,F3,0.0,5.655642024102179,-6.081904916556607,0.0
2,-1,F3,0.00390625,5.894145644137151,-6.764043765916065,-0.01204382110707269
2,-1,F3,0.0078125,6.0513069503770796,-7.488531485085307,-0.04737395390200935
2,-1,F3,0.01171875,6.171342605109303,-8.221436686718668,-0.10485916474517243
2,-1,F3,0.015625,6.094488116377156,-9.086395372349088,-0.18340510108903177
2,-1,F3,0.01953125,5.973577470487201,-9.942428599384586,-0.2819539289231888
2,-1,F3,0.0234375,5.878561617812397,-10.686311336534596,-0.39948386392704743
2,-1,F3,0.02734375,5.854507116686316,-11.331700154937494,-0.5350086124951827
2,-1,F3,0.03125,6.024042626387169,-11.680833944917177,-0.6875767372286948
2,-1,F3,0.03515625,6.328348081902444,-11.881780520977989,-0.8562709600001547
2,-1,F3,0.0390625,6.905732842911895,-12.083173034457216,-1.040207414307731
2,-1,F3,0.04296875,7.610509344119954,-12.239167709575462,-1.238534857339748
2,-1,F3,0.046875,8.297969245461365,-12.339957807154804,-1.4504338509755055
2,-1,F3,0.05078125,9.001601176873145,-12.425140460333004,-1.6751159198507413
2,-1,F3,0.0546875,9.631853429514193,-12.468853679994378,-1.9118226936140763
2,-1,F3,0.05859375,10.250504883173148,-12.53496355565852,-2.159825039590314
2,-1,F3,0.0625,10.879879550034667,-12.732614131731703,-2.418422191243012
2,-1,F3,0.06640625,11.527691404679436,-12.994543713758713,-2.6869408770870824
2,-1,F3,0.0703125,12.244779889151836,-13.432934211232283,-2.9647344540368126
2,-1,F3,0.07421875,12.974598671154931,-13.919154267812988,-3.251182048580133
2,-1,F3,0.078125,13.800561746219657,-14.274140510636785,-3.5456877086403797
2,-1,F3,0.08203125,14.585799228454391,-14.572815111300752,-3.847679568517011
2,-1,F3,0.0859375,15.225609165565585,-14.76897125495877,-4.1566090288811965
2,-1,F3,0.08984375,15.726438877673582,-14.928039834449528,-4.471949953436075
2,-1,F3,0.09375,15.851654018010379,-15.017630884354675,-4.793197883529939
2,-1,F3,0.09765625,15.806285962373831,-15.117064214991323,-5.119869271729232
2,-1,F3,0.1015625,15.657259300259724,-15.382686918498484,-5.451500735113007
2,-1,F3,0.10546875,15.466657390593593,-15.73797031589605,-5.787648328837494
2,-1,F3,0.109375,15.451237331678108,-16.212705140720086,-6.12788684033525
2,-1,F3,0.11328125,15.498412345188402,-16.763072083408705,-6.471809104354873
2,-1,F3,0.1171875,15.640700697106292,-17.31387434275054,-6.8190253389114925
2,-1,F3,0.12109375,15.803897127044639,-17.87521910232372,-7.169162502102634
2,-1,F3,0.125,15.925535802074553,-18.521961418857995,-7.521863669646255
2,-1,F3,0.12890625,16.012540148145778,-19.15577224074519,-7.87678743291557
2,-1,F3,0.1328125,15.91845839901076,-19.688810864930744,-8.23360731717695
2,-1,F3,0.13671875,15.756207260931546,-20.148387444579463,-8.592011219680803
2,-1,F3,0.140625,15.608043062268836,-20.374374817595967,-8.95170086720956
2,-1,F3,0.14453125,15.467436546150688,-20.520744633249578,-9.144634168296372
2,-1,F3,0.1484375,15.36804656936587,-20.681950883158393,-9.174993752534817
2,-1,F3,0.15234375,15.300019342010923,-20.8799753900015,-9.053902888815372
2,-1,F3,0.15625,15.312317767753035,-21.221533666206877,-8.793343389083342
2,-1,F3,0.16015625,15.359283839889905,-21.67001448499099,-8.405635547908041
2,-1,F3,0.1640625,15.478546033586074,-22.269575145316956,-7.903014577178077
2,-1,F3,0.16796875,15.622481710739228,-22.96998420155741,-7.2973093528119115
2,-1,F3,0.171875,15.633576372008601,-23.78713032338011,-6.599717375488968
2,-1,F3,0.17578125,15.610435833380457,-24.648077035755357,-5.820662896994306
2,-1,F3,0.1796875,15.577213004884612,-25.530808462413756,-4.96972227258129
2,-1,F3,0.18359375,15.55699703655167,-26.398024721637217,-4.055600535127363
2,-1,F3,0.1875,15.60710217885868,-27.056309622826532,-3.0861447907422246
2,-1,F3,0.19140625,15.713595449405727,-27.661391501162637,-2.068382409541705
2,-1,F3,0.1953125,15.887486949429261,-28.196507112752112,-1.008574526463347
2,-1,F3,0.19921875,16.111172911239816,-28.757796987881573,0.0877222748121742
2,-1,F3,0.203125,16.44856671771357,-29.58835379360888,1.2155912121543437
2,-1,F3,0.20703125,16.8082323258489,-30.545481344482663,2.3706909927964617
2,-1,F3,0.2109375,17.156465974127915,-31.66811577017774,3.549194203620665
2,-1,F3,0.21484375,17.456882198523445,-32.811444432233856,4.7477297546909085
2,-1,F3,0.21875,17.560258095512395,-34.00339140860404,5.963330075604748
2,-1,F3,0.22265625,17.565004340253864,-35.05731298407094,7.193383316995252
2,-1,F3,0.2265625,17.44591745542916,-35.695062180634146,8.435590514983026
2,-1,F3,0.23046875,17.278575605464358,-36.013982180585586,9.687927492773216
2,-1,F3,0.234375,17.16267370150237,-35.74353973327688,10.948611168331713
2,-1,F3,0.23828125,17.10621867334207,-35.172776357668695,12.216069885582073
2,-1,F3,0.2421875,17.078225104961685,-34.372268952472254,13.488917370800166
2,-1,F3,0.24609375,17.146753408908168,-33.4929129026496,14.76592992291161
2,-1,F3,0.25,17.491391234668033,-32.92230718516074,16.046026467148977
2,-1,F3,0.25390625,18.008395964959302,-32.50514736610488,17.32825112978593
2,-1,F3,0.2578125,18.658926602207,-32.272710768231406,18.611758023282952
2,-1,F3,0.26171875,19.429540001774996,-32.15752521319675,19.895797963466876
2,-1,F3,0.265625,20.310738621533037,-32.136639026710704,21.179706871660272
2,-1,F3,0.26953125,21.258337590625384,-32.155169354182924,22.462895644010402
2,-1,F3,0.2734375,22.287271398039124,-32.152859868152945,23.744841297144514
2,-1,F3,0.27734375,23.329632352523877,-32.12016814631866,25.025079223508
2,-1,F3,0.28125,24.261190723122866,-31.94553519049181,26.303196411327548
2,-1,F3,0.28515625,25.12379012190798,-31.730215223259833,27.57882550320206
2,-1,F3,0.2890625,25.902724882689462,-31.387381457976034,28.851639584043998
2,-1,F3,0.29296875,26.623311800977095,-31.091969016036607,30.121347603686797
2,-1,F3,0.296875,27.2244830525325,-30.97760700410112,31.387690352163027
2,-1,F3,0.30078125,27.77570787342419,-31.07053370274072,32.650436916660695
2,-1,F3,0.3046875,28.412155742432123,-31.60357916234617,33.909381558685865
2,-1,F3,0.30859375,29.046255219127893,-32.39544852371182,35.16434095818701
2,-1,F3,0.3125,29.704097287896126,-33.582813774820394,36.41515177849931
2,-1,F3,0.31640625,30.334574674435228,-34.889750271523155,37.66166851209468
2,-1,F3,0.3203125,30.82072511472359,-36.12774174518229,38.90376157241106
2,-1,F3,0.32421875,31.23603868213027,-37.24442010134956,40.141315601594556
2,-1,F3,0.328125,31.558025271249175,-37.818004239326626,41.374227967924554
2,-1,F3,0.33203125,31.848896161841964,-38.13377236943273,42.6024074300898
2,-1,F3,0.3359375,32.165553032908825,-38.18671167914185,43.82577294841927
2,-1,F3,0.33984375,32.51376624836785,-38.13554035316112,45.0442526257098
2,-1,F3,0.34375,32.96972845981132,-38.220759642041926,46.2577827624883
2,-1,F3,0.34765625,33.47694889204713,-38.36343882660806,47.46630701344874
2,-1,F3,0.3515625,34.084229109933155,-38.808375892074594,48.66977563345313
2,-1,F3,0.35546875,34.70098803396546,-39.331874266878955,49.868144802916376
2,-1,F3,0.359375,35.26721859144969,-39.77155968328499,51.06137602363943
2,-1,F3,0.36328125,35.742616020373795,-40.158537991981966,52.24943557723538
2,-1,F3,0.3671875,36.06865419514231,-40.255532948246554,53.43229403923635
2,-1,F3,0.37109375,36.26706203772752,-40.28422828394578,54.60992584278982
2,-1,F3,0.375,36.115447372386726,-40.27336137673906,55.78230888656988
2,-1,F3,0.37890625,35.8405010857411,-40.37662462879377,56.94942418215592
2,-1,F3,0.3828125,35.57969782924197,-40.75710413036217,58.11125553667963
2,-1,F3,0.38671875,35.360454767152774,-41.39507505415325,59.26778926702143
2,-1,F3,0.390625,35.39458450331345,-42.700047597553116,60.41901394225963
2,-1,F3,0.39453125,35.54907325296152,-44.284672056959536,61.56492015144535
2,-1,F3,0.3984375,35.89918989957895,-46.04831836270829,62.70550029410195
2,-1,F3,0.40234375,36.31186329184316,-47.827132844900525,63.8407483911353
2,-1,F3,0.40625,36.612288313038455,-49.17558768350573,64.97065991409266
2,-1,F3,0.41015625,36.85771186424975,-50.29157399902413,66.09523163093232
2,-1,F3,0.4140625,36.930404524469004,-51.086422910508325,67.21446146666284
2,-1,F3,0.41796875,36.942144580075905,-51.66548348890072,68.32834837738503
2,-1,F3,0.421875,36.93603953408731,-52.200870718665726,69.43689223642477
2,-1,F3,0.42578125,36.948123180698644,-52.616340897549236,70.54009373138162
2,-1,F3,0.4296875,37.08855494565398,-52.91875019619135,71.63795427103977
2,-1,F3,0.43359375,37.31174049579618,-53.09760865122955,72.73047590119617
2,-1,F3,0.4375,37.64366651890409,-53.09741858618658,73.81766122855691
2,-1,F3,0.44140625,38.063484212121054,-52.987754558148744,74.89951335193865
2,-1,F3,0.4453125,38.514831096624235,-52.71167673634718,75.97603580008794
2,-1,F3,0.44921875,39.04076599706922,-52.36366724816165,77.0472324755003
2,-1,F3,0.453125,39.65924713008543,-52.15274241752052,78.11310760368106
2,-1,F3,0.45703125,40.37535971729451,-51.92093089680543,79.17366568734495
2,-1,F3,0.4609375,41.22993812309488,-51.79384828252318,80.2289114651002
2,-1,F3,0.46484375,42.20653908443993,-51.57323016504253,81.2788498742065
2,-1,F3,0.46875,43.26715453940278,-50.93954841513287,82.32348601703549
2,-1,F3,0.47265625,44.41450256342444,-50.05374644387369,83.36282513089799
2,-1,F3,0.4765625,45.79012974742543,-48.75745750751424,84.39687256093305
2,-1,F3,0.48046875,47.22965019614481,-47.25972008240674,85.4256337357835
2,-1,F3,0.484375,48.63829207056608,-45.73600508193855,86.44911414580731
2,-1,F3,0.48828125,50.004073633519106,-44.20804236745312,87.46731932359774
2,-1,F3,0.4921875,51.080098107101406,-42.793622413391574,88.48025482660597
2,-1,F3,0.49609375,52.08446636113978,-41.469339397625724,89.48792622167893
2,-1,F3,0.5,53.02756637984909,-40.37817331734447,90.49033907134125
2,-1,F3,0.50390625,54.05395959608602,-39.401755844954046,91.48749892166677
2,-1,F3,0.5078125,55.388225967941395,-38.489472746018116,92.47941129159815
2,-1,F3,0.51171875,56.93836424463564,-37.62632575050829,93.46608166358575
2,-1,F3,0.515625,59.00805492093848,-36.680502631215106,94.44751547542879
2,-1,F3,0.51953125,61.276117085959044,-35.7278211287105,95.42371811321149
2,-1,F3,0.5234375,63.552065452016365,-34.83984032900654,96.39469490523732
2,-1,F3,0.52734375,65.81599556004072,-33.98904609857352,97.3604511168713
2,-1,F3,0.53125,67.65917468156513,-33.13090857821491,98.3209919462101
2,-1,F3,0.53515625,69.4078272226149,-32.27336630036416,99.27632252050492
2,-1,F3,0.5390625,71.0591692534295,-31.57129681833823,100.22644789326964
2,-1,F3,0.54296875,72.7824806221684,-30.84887661103806,101.1713730420121
2,-1,F3,0.546875,75.05517163409347,-30.01222808725137,102.11110286653184
2,-1,F3,0.55078125,77.58526554319562,-29.00601048880028,103.04564218773218
2,-1,F3,0.5546875,80.44008221451818,-27.685491562845534,103.97499574689955
2,-1,F3,0.55859375,83.38321214239983,-26.131288179903564,104.899168205406
2,-1,F3,0.5625,86.27222341941213,-24.102391560328282,105.81816414479567
2,-1,F3,0.56640625,89.01357560525511,-21.89936155396049,106.73198806721848
2,-1,F3,0.5703125,91.21575146687374,-19.64392701691781,107.64064439617752
2,-1,F3,0.57421875,93.13071997148333,-17.43742825628472,108.54413747756
2,-1,F3,0.578125,94.5983153530211,-15.714812606365172,109.44247158092311
2,-1,F3,0.58203125,95.89821074945777,-14.198405930554422,110.33565090100971
2,-1,F3,0.5859375,97.36280855767879,-12.956895078422331,111.2236795594697
2,-1,F3,0.58984375,98.88500183873786,-11.808180967340556,112.10656160676623
2,-1,F3,0.59375,100.80601561513541,-10.40795212832765,112.98430102424626
2,-1,F3,0.59765625,102.81678935401783,-8.967100347588268,113.85690172635763
2,-1,F3,0.6015625,104.6928779807224,-7.22465190650039,114.7243675629962
2,-1,F3,0.60546875,106.4432939049902,-5.512847899131637,115.58670232196748
2,-1,F3,0.609375,107.86291075222341,-4.257583099783303,116.44390973154891
2,-1,F3,0.61328125,109.04664741193356,-3.2768753689730534,117.29599346314035
2,-1,F3,0.6171875,110.04001745745003,-2.868508825151801,118.14295713399035
2,-1,F3,0.62109375,110.82605337404424,-2.7074632499187836,118.98480430998805
2,-1,F3,0.625,111.37588522106958,-2.5618061140412625,119.8215385085106
2,-1,F3,0.62890625,111.74308012924173,-2.4116906049995293,120.65316320131728
2,-1,F3,0.6328125,111.8671201950357,-1.980470861124048,121.47968181748175
2,-1,F3,0.63671875,111.86586385944965,-1.4467316848390785,122.30109774635523
2,-1,F3,0.640625,111.84812194212635,-0.6704531120334707,123.1174143405535
2,-1,F3,0.64453125,111.8361610252203,0.1100500653226424,123.9286349189615
2,-1,F3,0.6484375,111.8896354980705,0.6846608375837675,124.73476276974966
2,-1,F3,0.65234375,112.00315942964644,1.0448675173519335,125.53580115339699
2,-1,F3,0.65625,112.34318655386845,0.9471821956035589,126.33175330571548
2,-1,F3,0.66015625,112.76953727251657,0.5297358913772001,127.1226224408722
2,-1,F3,0.6640625,113.1832964391058,-0.22523918796357753,127.9084117544048
2,-1,F3,0.66796875,113.57727947040786,-1.235830828931689,128.68912442622616
2,-1,F3,0.671875,113.91233474480437,-2.4322607797907647,129.4647636236163
2,-1,F3,0.67578125,114.17200205784842,-3.7915375815621415,130.23533250419712
2,-1,F3,0.6796875,114.29574962646437,-5.216636206992154,131.00083421888763
2,-1,F3,0.68359375,114.32725162810479,-6.698949059992385,131.76127191483812
2,-1,F3,0.6875,114.17321148313017,-8.359813232793533,132.51664873833954
2,-1,F3,0.69140625,113.94246694894034,-10.010972335269818,133.26696783770757
2,-1,F3,0.6953125,113.77349397897586,-11.513107373899993,134.01223236613788
2,-1,F3,0.69921875,113.6051699888124,-12.879951711411495,134.75244548453293
2,-1,F3,0.703125,113.52607006296559,-13.765850483508313,135.4876103642971
2,-1,F3,0.70703125,113.4458656294103,-14.459736545695709,136.21773019009967
2,-1,F3,0.7109375,113.25888228043277,-15.153673868895794,136.94280816260454
2,-1,F3,0.71484375,113.01497053327029,-15.827006250721025,137.66284750116523
2,-1,F3,0.71875,112.63191794576385,-16.72304155833247,138.3778514464845
2,-1,F3,0.72265625,112.19173476074239,-17.647590362013243,139.08782326323802
2,-1,F3,0.7265625,111.81023466135683,-18.587891587111706,139.7927662426605
2,-1,F3,0.73046875,111.42915529624031,-19.48285614740973,140.49268370509478
2,-1,F3,0.734375,111.08165609566049,-19.972791248658716,141.18757900250262
2,-1,F3,0.73828125,110.7116534573106,-20.34254514973904,141.8774555209369
2,-1,F3,0.7421875,110.28849107896617,-20.694109787312332,142.5623166829746
2,-1,F3,0.74609375,109.8090754543368,-21.078724600979648,143.24216595011129
2,-1,F3,0.75,109.14335470845536,-21.806607732361226,143.9170068251149
2,-1,F3,0.75390625,108.4164183743918,-22.698431315380315,144.58684285434077
2,-1,F3,0.7578125,107.64548275239547,-23.64632015896205,145.2516776300061
2,-1,F3,0.76171875,106.9151499166282,-24.66408331961926,145.91151479242473
2,-1,F3,0.765625,106.32956309605834,-25.775951250388196,146.5663580322013
2,-1,F3,0.76953125,105.86668591626733,-26.926929179674577,147.2162110923859
2,-1,F3,0.7734375,105.7342965912401,-28.035367330498254,147.86107777058794
2,-1,F3,0.77734375,105.74302009897005,-29.109906139281726,148.5009619210499
2,-1,F3,0.78125,105.79404499373064,-30.175169153583564,149.13586745668147
2,-1,F3,0.78515625,105.80069209962983,-31.187513670336596,149.76579835105284
2,-1,F3,0.7890625,105.53783868882064,-32.05514223791865,150.39075864034865
2,-1,F3,0.79296875,105.15180155341068,-32.725600964615936,151.01075242528188
2,-1,F3,0.796875,104.30408061447346,-33.54280051005626,151.62578387296776
2,-1,F3,0.80078125,103.46451634066398,-34.166622939503426,152.2358572187585
2,-1,Fz,-0.19921875,-1.4542990319736064,-0.6467194302100631,0.0
2,-1,Fz,-0.1953125,-0.7179652519316095,-1.149253100327831,0.0
2,-1,Fz,-0.19140625,0.06792901427338463,-1.7500017255521598,0.0
2,-1,Fz,-0.1875,0.46481538106043907,-1.898755310593623,0.0
2,-1,Fz,-0.18359375,0.665877274888723,-1.8842151643865417,0.0
2,-1,Fz,-0.1796875,0.6960874566468964,-1.4136066024842606,0.0
2,-1,Fz,-0.17578125,0.5922375910635554,-0.853177981815057,0.0
2,-1,Fz,-0.171875,0.28113408200573187,-0.6368727813026462,0.0
2,-1,Fz,-0.16796875,-0.08790619608643814,-0.6109475943210406,0.0
2,-1,Fz,-0.1640625,-0.4371583329783262,-1.0783038497083135,0.0
2,-1,Fz,-0.16015625,-0.7159169529048895,-1.7183929791569006,0.0
2,-1,Fz,-0.15625,-0.6705259756124763,-2.4553123140081077,0.0
2,-1,Fz,-0.15234375,-0.4827449901378639,-3.1100116836840868,0.0
2,-1,Fz,-0.1484375,-0.15837610358166407,-3.346356600422405,0.0
2,-1,Fz,-0.14453125,0.2032663104367271,-3.3042658283526314,0.0
2,-1,Fz,-0.140625,0.4442031623052581,-2.6086978482364542,0.0
2,-1,Fz,-0.13671875,0.5966368309770932,-1.6443100980078886,0.0
2,-1,Fz,-0.1328125,0.5753251665842547,-0.7101399724225294,0.0
2,-1,Fz,-0.12890625,0.4422332892248831,0.19733695533873147,0.0
2,-1,Fz,-0.125,0.1875984002015446,0.8127968441151365,0.0
2,-1,Fz,-0.12109375,-0.14335056911825256,1.2455652812679092,0.0
2,-1,Fz,-0.1171875,-0.4843445245086117,1.5297149395012672,0.0
2,-1,Fz,-0.11328125,-0.8339838517334847,1.6424094774085631,0.0
2,-1,Fz,-0.109375,-1.2138539173328187,1.5683549927067597,0.0
2,-1,Fz,-0.10546875,-1.5407473519720238,1.3373036050974811,0.0
2,-1,Fz,-0.1015625,-1.8440526289503723,0.8510121329863907,0.0
2,-1,Fz,-0.09765625,-2.033766416754757,0.25998755978698807,0.0
2,-1,Fz,-0.09375,-1.8351242267013403,-0.39738069995231234,0.0
2,-1,Fz,-0.08984375,-1.473205705797411,-1.0214847789552026,0.0
2,-1,Fz,-0.0859375,-0.8267062349148099,-1.4150513240977345,0.0
2,-1,Fz,-0.08203125,-0.14148437092740077,-1.649152967749669,0.0
2,-1,Fz,-0.078125,0.1849206805216168,-1.589192818964112,0.0
2,-1,Fz,-0.07421875,0.3320968530721936,-1.3727353216564595,0.0
2,-1,Fz,-0.0703125,0.07432814161244893,-1.056483759525346,0.0
2,-1,Fz,-0.06640625,-0.31571768811837597,-0.6821025725026912,0.0
2,-1,Fz,-0.0625,-0.6716559398023502,-0.4035078129729115,0.0
2,-1,Fz,-0.05859375,-0.9475975904670307,-0.14098140341000504,0.0
2,-1,Fz,-0.0546875,-0.8385229421290962,0.07641714670978766,0.0
2,-1,Fz,-0.05078125,-0.5311035341967936,0.31125785984012483,0.0
2,-1,Fz,-0.046875,0.03155836062416029,0.5974376129612143,0.0
2,-1,Fz,-0.04296875,0.6808117647862212,0.9361811021737426,0.0
2,-1,Fz,-0.0390625,1.3277362775545625,1.5000385488068042,0.0
2,-1,Fz,-0.03515625,1.896231794389885,2.129885180676685,0.0
2,-1,Fz,-0.03125,2.107682462396734,2.7460782550386256,0.0
2,-1,Fz,-0.02734375,2.122701901139074,3.2802786483485606,0.0
2,-1,Fz,-0.0234375,1.8614745394525434,3.7199336950294954,0.0
2,-1,Fz,-0.01953125,1.4807886321069044,3.9987273745248144,0.0
2,-1,Fz,-0.015625,1.105864854949034,3.786475527090636,0.0
2,-1,Fz,-0.01171875,0.7694955095238755,3.333050933699403,0.0
2,-1,Fz,-0.0078125,0.621881224658239,2.706662567594624,0.0
2,-1,Fz,-0.00390625,0.5851933721757578,1.9805080840755627,0.0
2,-1,Fz,0.0,0.8039769683468494,1.3834976840874706,0.0
2,-1,Fz,0.00390625,1.0981358517458413,0.8175803354667345,0.000621912580820391
2,-1,Fz,0.0078125,1.3623436859569684,0.2874198449478058,0.0024576027855626736
2,-1,Fz,0.01171875,1.5720946666961704,-0.20583295717896485,0.005470513977878981
2,-1,Fz,0.015625,1.476857108986243,-0.7484030463613607,0.009624831664518418
2,-1,Fz,0.01953125,1.2710495737146537,-1.2568000908228598,0.014885505455803139
2,-1,Fz,0.0234375,0.9600207897128125,-1.6430960510591148,0.02121826488096373
2,-1,Fz,0.02734375,0.6619208986154137,-1.9372385969545174,0.028589629810691262
2,-1,Fz,0.03125,0.5577088913163901,-2.088270931099997,0.03696691617265415
2,-1,Fz,0.03515625,0.6134569768366375,-2.122596582670386,0.04631823758199124
2,-1,Fz,0.0390625,0.9406474510928996,-2.1362694194950347,0.05661250344843575
2,-1,Fz,0.04296875,1.4433091366351511,-2.0740675802824615,0.06781941406507175
2,-1,Fz,0.046875,2.207820533492224,-1.7721328495683135,0.07990945313095316
2,-1,Fz,0.05078125,3.078827300670613,-1.3710220604613648,0.09285387811098718
2,-1,Fz,0.0546875,3.902923837888761,-0.9520810445641568,0.10662470879156849
2,-1,Fz,0.05859375,4.699828814145659,-0.5381770032437981,0.1211947143493537
2,-1,Fz,0.0625,5.280893829005484,-0.19563032091002697,0.1365373992131372
2,-1,Fz,0.06640625,5.77562057135893,0.0794732117359526,0.15262698796485308
2,-1,Fz,0.0703125,6.2774895272373445,0.21385698929360036,0.16943840949507308
2,-1,Fz,0.07421875,6.750509067041692,0.26615110769139083,0.18694728060078836
2,-1,Fz,0.078125,7.284812817701263,0.20562073354803215,0.20512988918852154
2,-1,Fz,0.08203125,7.78140934958105,0.10289204819312742,0.2239631772237014
2,-1,Fz,0.0859375,8.205980215540395,0.031650932697357685,0.2434247235475212
2,-1,Fz,0.08984375,8.537951344963796,-0.0302219561977407,0.2634927266649863
2,-1,Fz,0.09375,8.592303124512037,0.051557241490039686,0.2841459875923368
2,-1,Fz,0.09765625,8.536165839739972,0.13973049562694145,0.30536389283831733
2,-1,Fz,0.1015625,8.353404394892546,0.18753486790130997,0.32712639758168094
2,-1,Fz,0.10546875,8.150639435105854,0.16199570951386774,0.34941400909669695
2,-1,Fz,0.109375,8.222536318856703,-0.1598265567876876,0.3722077704691285
2,-1,Fz,0.11328125,8.381427951264438,-0.6085254821857338,0.3954892446370174
2,-1,Fz,0.1171875,8.673363124572363,-1.1580270229378864,0.4192404987835361
2,-1,Fz,0.12109375,8.975580765722158,-1.7326800502013304,0.4434440891030209
2,-1,Fz,0.125,9.05750692705643,-2.1808121242407887,0.4680830459559835
2,-1,Fz,0.12890625,9.041547484952309,-2.547816957703427,0.4931408594243175
2,-1,Fz,0.1328125,8.811882422807926,-2.7995118482299435,0.5186014652739843
2,-1,Fz,0.13671875,8.525377894518812,-2.9634185099474224,0.5444492313291015
2,-1,Fz,0.140625,8.332991199719753,-3.007987929357423,0.5706689442585033
2,-1,Fz,0.14453125,8.212927139461307,-2.9788152818426994,0.6802961959937963
2,-1,Fz,0.1484375,8.310948290887296,-2.9389009440557468,0.8711833276188803
2,-1,Fz,0.15234375,8.51011633120745,-2.883436762627724,1.137750347174569
2,-1,Fz,0.15625,8.831439459122546,-2.776292908604225,1.473992776059268
2,-1,Fz,0.16015625,9.18370963140889,-2.694744132891834,1.8737385920649756
2,-1,Fz,0.1640625,9.448123722439197,-2.64330457751462,2.330857635499335
2,-1,Fz,0.16796875,9.657763918460061,-2.667908331356951,2.8394205537894788
2,-1,Fz,0.171875,9.676770666140865,-2.98336795474087,3.393810256819663
2,-1,Fz,0.17578125,9.614182126697377,-3.4242104702996254,3.9887922994984506
2,-1,Fz,0.1796875,9.580074607992396,-3.964453554276062,4.619552045628987
2,-1,Fz,0.18359375,9.541279645209551,-4.528131059576799,5.2817065065331965
2,-1,Fz,0.1875,9.491915687467067,-4.95960817351284,5.971297961140078
2,-1,Fz,0.19140625,9.470328190541485,-5.336007628977412,6.684775295419097
2,-1,Fz,0.1953125,9.425923114642789,-5.505929862111141,7.418967746362706
2,-1,Fz,0.19921875,9.425594418823243,-5.642663075350186,8.171054572459763
2,-1,Fz,0.203125,9.671029822172565,-5.908729753173762,8.938533180834728
2,-1,Fz,0.20703125,10.004181671116948,-6.266211572817393,9.71918744440413
2,-1,Fz,0.2109375,10.426620377960667,-6.885273458729014,10.511057330834106
2,-1,Fz,0.21484375,10.848102024022406,-7.597222780050299,11.312410513456955
2,-1,Fz,0.21875,11.072963300635678,-8.490486102266285,12.121716312463004
2,-1,Fz,0.22265625,11.185087272267113,-9.341934616395816,12.937622093535666
2,-1,Fz,0.2265625,11.151239906154968,-9.911505190423183,13.758932105356697
2,-1,Fz,0.23046875,11.043040463665802,-10.22778800484814,14.584588646458666
2,-1,Fz,0.234375,10.808179230944246,-9.895861825147938,15.413655399661128
2,-1,Fz,0.23828125,10.575979855086391,-9.244205702998293,16.245302746663413
2,-1,Fz,0.2421875,10.483239598755244,-8.386743654619135,17.0787948673725
2,-1,Fz,0.24609375,10.51856776629971,-7.421103642674985,17.913478431830683
2,-1,Fz,0.25,10.83079989389811,-6.63614611068957,18.748772702694378
2,-1,Fz,0.25390625,11.332305187638488,-5.9320999922879025,19.5841608800313
2,-1,Fz,0.2578125,11.962652684170022,-5.331356363605017,20.41918253569572
2,-1,Fz,0.26171875,12.722028428820513,-4.802098592591486,21.253427000382
2,-1,Fz,0.265625,13.669637517556566,-4.334836013550609,22.086527581820814
2,-1,Fz,0.26953125,14.698975335161979,-3.900436749491006,22.918156506991544
2,-1,Fz,0.2734375,15.787862176973407,-3.494028428145493,23.74802049443146
2,-1,Fz,0.27734375,16.87165577199217,-3.0882370384662465,24.575856874631324
2,-1,Fz,0.28125,17.74437854041518,-2.5948259901478195,25.401430187118937
2,-1,Fz,0.28515625,18.525608249912548,-2.095603324486795,26.22452919220392
2,-1,Fz,0.2890625,19.204495842105388,-1.4950399379467318,27.04496424357893
2,-1,Fz,0.29296875,19.8413971703848,-0.956461549022625,27.862564975149304
2,-1,Fz,0.296875,20.525252826897677,-0.6114853091811061,28.67717826170421
2,-1,Fz,0.30078125,21.221433379434703,-0.46718957026528435,29.48866641845427
2,-1,Fz,0.3046875,22.027946228400502,-0.7379405047558779,30.29690560914413
2,-1,Fz,0.30859375,22.840048224468244,-1.2342541955821897,31.101784436495922
2,-1,Fz,0.3125,23.608369622884798,-2.07390881153832,31.903202692233776
2,-1,Fz,0.31640625,24.31131673147237,-2.979678853861467,32.70107024695498
2,-1,Fz,0.3203125,24.81218364254851,-3.7511695269443988,33.49530606271463
2,-1,Fz,0.32421875,25.204424831596175,-4.368707378131071,34.28583731343533
2,-1,Fz,0.328125,25.518808445488695,-4.295868780299789,35.07259860019025
2,-1,Fz,0.33203125,25.781610941481745,-3.9835967316536993,35.85553125008083
2,-1,Fz,0.3359375,26.029580997052868,-3.507089710248523,36.63458268887533
2,-1,Fz,0.33984375,26.261626884760553,-3.0522441585178774,37.40970587882402
2,-1,Fz,0.34375,26.564519458274958,-3.185643760048215,38.180858814148294
2,-1,Fz,0.34765625,26.872143414800522,-3.5747563640469253,38.948004067637584
2,-1,Fz,0.3515625,27.10206804887902,-4.344616575781062,39.71110838260044
2,-1,Fz,0.35546875,27.282142670462882,-5.214891965575639,40.47014230512096
2,-1,Fz,0.359375,27.453883310698313,-5.887328011675228,41.225079852184805
2,-1,Fz,0.36328125,27.57087784852257,-6.39150708011887,41.97589821177217
2,-1,Fz,0.3671875,27.597551575899082,-6.422642209168805,42.722577471479156
2,-1,Fz,0.37109375,27.55006820995116,-6.228727165950991,43.465100372634815
2,-1,Fz,0.375,27.332184378904287,-5.6968485039250645,44.20345208723406
2,-1,Fz,0.37890625,27.045311138413986,-5.112826236907588,44.937620015316554
2,-1,Fz,0.3828125,26.75510220564263,-4.774295883935393,45.667593600692406
2,-1,Fz,0.38671875,26.474950440734105,-4.655254217423855,46.393364163152505
2,-1,Fz,0.390625,26.286408694477053,-5.1130472163284955,47.11492474551037
2,-1,Fz,0.39453125,26.15147241437788,-5.885183837020913,47.83226997400483
2,-1,Fz,0.3984375,26.10164356164656,-6.939047217821696,48.54539593075443
2,-1,Fz,0.40234375,26.09920159733111,-8.136067071143994,49.25430003709655
2,-1,Fz,0.40625,26.101712098692072,-9.309759471878888,49.958980946768854
2,-1,Fz,0.41015625,26.130767141231647,-10.426080323712865,50.659438448002255
2,-1,Fz,0.4140625,26.129570311283896,-11.355409175569863,51.35567337369164
2,-1,Fz,0.41796875,26.157832360996473,-12.109421394415293,52.04768751889764
2,-1,Fz,0.421875,26.278280543914136,-12.578945629217884,52.735483565009766
2,-1,Fz,0.42578125,26.46696451676091,-12.825983158969528,53.41906500996889
2,-1,Fz,0.4296875,26.78101001622983,-12.854102376877725,54.09843610400817
2,-1,Fz,0.43359375,27.16765338622349,-12.702519835909222,54.77360179042524
2,-1,Fz,0.4375,27.5725086578706,-12.347269037663871,55.444567650946624
2,-1,Fz,0.44140625,28.012369899213844,-11.892654835645097,56.111339855288115
2,-1,Fz,0.4453125,28.463616577420964,-11.332040996679737,56.77392511455322
2,-1,Fz,0.44921875,28.96263644511154,-10.751225246866733,57.432330638145984
2,-1,Fz,0.453125,29.457883307762245,-10.469896055661366,58.08656409390512
2,-1,Fz,0.45703125,30.02668348666307,-10.229720997802335,58.73663357119371
2,-1,Fz,0.4609375,30.78552715554011,-10.10853676853063,59.38254754670362
2,-1,Fz,0.46484375,31.671877391519907,-9.874733770732725,60.02431485275556
2,-1,Fz,0.46875,32.77399276409357,-9.162074384624201,60.66194464789584
2,-1,Fz,0.47265625,33.97537596598947,-8.124131913680925,61.2954463896086
2,-1,Fz,0.4765625,35.20001989989869,-6.501888762640837,61.924829808978465
2,-1,Fz,0.48046875,36.418405886087626,-4.593315487298739,62.55010488715304
2,-1,Fz,0.484375,37.53473990304504,-2.5293590197754985,63.17128183346787
2,-1,Fz,0.48828125,38.612818721044725,-0.4238645020799892,63.7883710651083
2,-1,Fz,0.4921875,39.46872067702911,1.4265950222993655,64.40138318819315
2,-1,Fz,0.49609375,40.309692574234916,3.1385912796450683,65.01032898017536
2,-1,Fz,0.5,41.3520604748723,4.524832874345314,65.61521937346289
2,-1,Fz,0.50390625,42.554834851039665,5.792997370702386,66.21606544017169
2,-1,Fz,0.5078125,44.010146383147855,7.023387867649524,66.81287837792937
2,-1,Fz,0.51171875,45.64966264827575,8.27335274617056,67.40566949665511
2,-1,Fz,0.515625,47.58510661134321,9.853182024820285,67.99445020624722
2,-1,Fz,0.51953125,49.671092433109365,11.571467297174474,68.57923200511503
2,-1,Fz,0.5234375,51.7406814106032,13.347482534939964,69.16002646949684
2,-1,Fz,0.52734375,53.84775822837632,15.16359839018194,69.73684524351066
2,-1,Fz,0.53125,55.863961504552655,16.965565862083462,70.30970002988768
2,-1,Fz,0.53515625,57.91974248765576,18.76325666429693,70.87860258134305
2,-1,Fz,0.5390625,60.036288148593236,20.456125743661545,71.44356469254159
2,-1,Fz,0.54296875,62.261212890670464,22.151468360637576,72.00459819261903
2,-1,Fz,0.546875,64.84469791065622,23.83009164538164,72.56171493822292
2,-1,Fz,0.55078125,67.57060621642847,25.602248643413752,73.11492680703927
2,-1,Fz,0.5546875,70.4894647796602,27.59439242038627,73.66424569177391
2,-1,Fz,0.55859375,73.41292532689017,29.773139157971702,74.20968349455964
2,-1,Fz,0.5625,76.03526090021158,32.36514358294124,74.75125212176205
2,-1,Fz,0.56640625,78.46232472815014,35.13167701253169,75.28896347915956
2,-1,Fz,0.5703125,80.55033521422003,38.046857233379754,75.82282946747371
2,-1,Fz,0.57421875,82.45342975601883,40.966118303500814,76.35286197822866
2,-1,Fz,0.578125,84.16805952536869,43.55420441326651,76.87907288991934
2,-1,Fz,0.58203125,85.81567415843749,45.96122421156024,77.40147406446974
2,-1,Fz,0.5859375,87.60638171908943,48.10312732531767,77.9200773439634
2,-1,Fz,0.58984375,89.45653239950215,50.08728874013227,78.43489454763018
2,-1,Fz,0.59375,91.52619710520446,52.026219446619095,78.9459374690736
2,-1,Fz,0.59765625,93.65505913670839,53.86723856823845,79.45321787372464
2,-1,Fz,0.6015625,95.71230093561685,55.789369999721906,79.95674749650847
2,-1,Fz,0.60546875,97.69895701830026,57.61188307470555,80.4565380397118
2,-1,Fz,0.609375,99.5400895258644,59.15607756080765,80.9526011710387
2,-1,Fz,0.61328125,101.22443561473622,60.51423514268398,81.44494852184422
2,-1,Fz,0.6171875,102.7957635696364,61.417372696591826,81.9335916855355
2,-1,Fz,0.62109375,104.1845466248602,62.15528615328391,82.41854221613015
2,-1,Fz,0.625,105.20207149137622,62.99242708362396,82.89981162696337
2,-1,Fz,0.62890625,106.0075043653527,63.890715098858585,83.37741138953511
2,-1,Fz,0.6328125,106.51016116004699,65.04174107062327,83.85135293248884
2,-1,Fz,0.63671875,106.89002052527239,66.30163504940128,84.32164764071489
2,-1,Fz,0.640625,107.44066791812082,67.76206117284906,84.7883068545707
2,-1,Fz,0.64453125,108.04169628601566,69.21094499326455,85.25134186921177
2,-1,Fz,0.6484375,108.79019084541362,70.56012562047235,85.71076393402643
2,-1,Fz,0.65234375,109.58026298924317,71.7048134559585,86.166584252169
2,-1,Fz,0.65625,110.32520807331395,72.27595257001943,86.61881398018518
2,-1,Fz,0.66015625,111.04330689409738,72.45438155556882,87.06746422772476
2,-1,Fz,0.6640625,111.60629874025757,72.28778747896989,87.51254605733634
2,-1,Fz,0.66796875,112.11427901486483,71.80104535103682,87.95407048433945
2,-1,Fz,0.671875,112.66121693294473,70.95609204220436,88.3920484767696
2,-1,Fz,0.67578125,113.1908806109227,69.86308523983898,88.82649095539175
2,-1,Fz,0.6796875,113.82164622617422,68.60580047381929,89.2574087937786
2,-1,Fz,0.68359375,114.43432613834776,67.24329370926259,89.68481281844942
2,-1,Fz,0.6875,114.82444901877533,65.81852299902802,90.10871380906623
2,-1,Fz,0.69140625,115.09724193485472,64.42796826073587,90.52912249868368
2,-1,Fz,0.6953125,115.28025119104939,63.12780773557114,90.9460495740492
2,-1,Fz,0.69921875,115.37928679132001,61.94788095521054,91.35950567595091
2,-1,Fz,0.703125,115.455661098956,61.24981703661765,91.76950139960977
2,-1,Fz,0.70703125,115.48539357756349,60.747367942094264,92.17604729511355
2,-1,Fz,0.7109375,115.39918340666365,60.245757139173975,92.57915386788976
2,-1,Fz,0.71484375,115.25729471401301,59.76993027595573,92.97883157921534
2,-1,Fz,0.71875,115.08621834119384,59.07002270755124,93.37509084676041
2,-1,Fz,0.72265625,114.90535029727322,58.36010560247546,93.767942045164
2,-1,Fz,0.7265625,114.74717817958725,57.63229766981061,94.15739550663952
2,-1,Fz,0.73046875,114.61181848899426,56.97153291473444,94.54346152160801
2,-1,Fz,0.734375,114.63833121234222,56.846336481393244,94.92615033935711
2,-1,Fz,0.73828125,114.70495248666236,56.87204265813494,95.30547216872415
2,-1,Fz,0.7421875,114.7164550306472,56.917150570722946,95.68143717880098
2,-1,Fz,0.74609375,114.67905347780824,56.880772844446184,96.05405549965975
2,-1,Fz,0.75,114.54161279577241,56.385472987730104,96.42333722309725
2,-1,Fz,0.75390625,114.33239576679212,55.64426751455805,96.78929240339664
2,-1,Fz,0.7578125,113.97913618531018,54.55206812401422,97.15193105810509
2,-1,Fz,0.76171875,113.58824767537607,53.3016565775965,97.51126316882596
2,-1,Fz,0.765625,113.14788067307892,52.08876047723588,97.86729868202389
2,-1,Fz,0.76953125,112.7542295637071,50.897160067447984,98.22004750984208
2,-1,Fz,0.7734375,112.61244026641418,49.915953204956395,98.56951953092997
2,-1,Fz,0.77734375,112.6098771398269,49.04011630603668,98.9157245912806
2,-1,Fz,0.78125,112.85078568526957,48.2122938317736,99.25867250507626
2,-1,Fz,0.78515625,113.15683102649884,47.44147311664798,99.59837305554159
2,-1,Fz,0.7890625,113.39813323936643,46.73541286514241,99.9348359958029
2,-1,Fz,0.79296875,113.54482164830621,46.163669043381134,100.26807104975298
2,-1,Fz,0.796875,113.3811356562393,45.37887118265089,100.59808791292025
2,-1,Fz,0.80078125,113.15222809607205,44.67629249781564,100.92489625334152
2,-1,F4,-0.19921875,-3.1710154843507055,1.6376892995660144,0.0
2,-1,F4,-0.1953125,-2.3184429930571246,1.182392264922611,0.0
2,-1,F4,-0.19140625,-1.3354049789559181,0.7328365469290252,0.0
2,-1,F4,-0.1875,-0.7757033401317551,0.6953949782607263,0.0
2,-1,F4,-0.18359375,-0.4196903369777201,0.8084330528510117,0.0
2,-1,F4,-0.1796875,-0.29343378499596195,1.2459136725650148,0.0
2,-1,F4,-0.17578125,-0.32649361954584444,1.7293334069061619,0.0
2,-1,F4,-0.171875,-0.6058054043880748,1.8414734350871196,0.0
2,-1,F4,-0.16796875,-0.9699764569128497,1.7695032401441566,0.0
2,-1,F4,-0.1640625,-1.239575348291656,1.2875738007073978,0.0
2,-1,F4,-0.16015625,-1.4430219886289555,0.6673915592563889,0.0
2,-1,F4,-0.15625,-1.432987941595009,0.0793798364939892,0.0
2,-1,F4,-0.15234375,-1.3245442598262345,-0.42066888972564404,0.0
2,-1,F4,-0.1484375,-1.086510779555924,-0.5840639939688121,0.0
2,-1,F4,-0.14453125,-0.8119300696649384,-0.5399648325961128,0.0
2,-1,F4,-0.140625,-0.6759234116877381,-0.12563263664077862,0.0
2,-1,F4,-0.13671875,-0.6148210798522743,0.4452473434049183,0.0
2,-1,F4,-0.1328125,-0.6249622554745535,1.0234709467087795,0.0
2,-1,F4,-0.12890625,-0.700656466950806,1.5741098390951485,0.0
2,-1,F4,-0.125,-0.8542001877327229,1.8983634350570957,0.0
2,-1,F4,-0.12109375,-1.0631077123466164,2.0733097057486685,0.0
2,-1,F4,-0.1171875,-1.3097720612170822,2.086437118740571,0.0
2,-1,F4,-0.11328125,-1.5666282727875358,1.9445382390334607,0.0
2,-1,F4,-0.109375,-1.8902230260836805,1.6811759635957124,0.0
2,-1,F4,-0.10546875,-2.162318403934002,1.2877305582949503,0.0
2,-1,F4,-0.1015625,-2.341870734653206,0.6682648053779503,0.0
2,-1,F4,-0.09765625,-2.3879361778160484,-0.0451171340886274,0.0
2,-1,F4,-0.09375,-2.015073548280159,-0.8815632272793313,0.0
2,-1,F4,-0.08984375,-1.472245593228446,-1.688428028875345,0.0
2,-1,F4,-0.0859375,-0.7362027788961109,-2.2792421259781444,0.0
2,-1,F4,-0.08203125,0.023992249199853592,-2.689032724839729,0.0
2,-1,F4,-0.078125,0.43044199613045747,-2.694662476927912,0.0
2,-1,F4,-0.07421875,0.6765177991875263,-2.4866557478066804,0.0
2,-1,F4,-0.0703125,0.6385443563634193,-2.108926705568614,0.0
2,-1,F4,-0.06640625,0.5134013034698948,-1.6503699233863973,0.0
2,-1,F4,-0.0625,0.4374298823562969,-1.2737802382524614,0.0
2,-1,F4,-0.05859375,0.4227449095138048,-0.9583182048368115,0.0
2,-1,F4,-0.0546875,0.7869366407885895,-0.7566711278862821,0.0
2,-1,F4,-0.05078125,1.2930887662730246,-0.6118991110858019,0.0
2,-1,F4,-0.046875,1.8392017193203591,-0.6611225082402712,0.0
2,-1,F4,-0.04296875,2.374591551801813,-0.7550819526978387,0.0
2,-1,F4,-0.0390625,2.7822147046977497,-0.6131308998421583,0.0
2,-1,F4,-0.03515625,3.0859176320790564,-0.40782127037019344,0.0
2,-1,F4,-0.03125,3.133311156580866,-0.10988307058004958,0.0
2,-1,F4,-0.02734375,3.059369290221547,0.151814662375353,0.0
2,-1,F4,-0.0234375,2.90137705601401,0.295865018412059,0.0
2,-1,F4,-0.01953125,2.7196859148725774,0.302910415710872,0.0
2,-1,F4,-0.015625,2.626620755517802,-0.14978165415394867,0.0
2,-1,F4,-0.01171875,2.609032072703026,-0.7801470640301109,0.0
2,-1,F4,-0.0078125,2.70949344350734,-1.533497181881325,0.0
2,-1,F4,-0.00390625,2.9065652972198386,-2.305090413705784,0.0
2,-1,F4,0.0,3.282090226809397,-2.7026425996724686,0.0
2,-1,F4,0.00390625,3.7293004063201423,-2.9708601195668654,-0.012362660257029347
2,-1,F4,0.0078125,4.243762207133428,-3.1149455880734354,-0.04862852182715
2,-1,F4,0.01171875,4.750835745666261,-3.227780333523291,-0.1076371246336501
2,-1,F4,0.015625,5.081949952268259,-3.551784744892695,-0.18826564581311298
2,-1,F4,0.01953125,5.334510062913902,-3.9544008534105997,-0.2894285728375342
2,-1,F4,0.0234375,5.400103101882637,-4.474592658983158,-0.4100772609938172
2,-1,F4,0.02734375,5.446767328481121,-5.01449276980541,-0.5491993925415506
2,-1,F4,0.03125,5.549675743105758,-5.503321638705906,-0.7058183531993868
2,-1,F4,0.03515625,5.766195403109704,-5.908902823357784,-0.8789925400285024
2,-1,F4,0.0390625,6.369869052150513,-6.121425265880062,-1.0678146132973672
2,-1,F4,0.04296875,7.167677438129191,-6.20357648584752,-1.2714107035303002
2,-1,F4,0.046875,8.22286366464109,-6.028574696750364,-1.4889395836648167
2,-1,F4,0.05078125,9.36168199443192,-5.759902705278232,-1.7195918150690261
2,-1,F4,0.0546875,10.373560058261226,-5.488586684371042,-1.9625888750977825
2,-1,F4,0.05859375,11.306033300396559,-5.254420374761384,-2.21718227289118
2,-1,F4,0.0625,11.94296663922222,-5.254498420782606,-2.4826526592365323
2,-1,F4,0.06640625,12.45922667714498,-5.3664810231712945,-2.758308935519794
2,-1,F4,0.0703125,12.943210577197476,-5.6564059620021165,-3.0434873660786996
2,-1,F4,0.07421875,13.407828964055563,-6.010928316948431,-3.337550697631851
2,-1,F4,0.078125,14.011839916990425,-6.257013103092908,-3.639887288889537
2,-1,F4,0.08203125,14.629521775207635,-6.4655798378717835,-3.9499102529475354
2,-1,F4,0.0859375,15.32425515678974,-6.564584676202556,-4.2670566146187925
2,-1,F4,0.08984375,15.984004724995039,-6.6421554738343715,-4.590786484464433
2,-1,F4,0.09375,16.331288625392137,-6.722583564155769,-4.920582250939891
2,-1,F4,0.09765625,16.541818613218563,-6.8637505940832115,-5.255947791769408
2,-1,F4,0.1015625,16.617606976187254,-7.141110050859269,-5.596407705398281
2,-1,F4,0.10546875,16.64001949790365,-7.523836135980579,-5.941506563143004
2,-1,F4,0.109375,16.75029865161483,-8.219705714124997,-6.29080818246117
2,-1,F4,0.11328125,16.8964738286928,-9.000491148326383,-6.643894921592175
2,-1,F4,0.1171875,17.18033839198242,-9.707699241797341,-7.0003669956734385
2,-1,F4,0.12109375,17.507136398367695,-10.333486329199836,-7.3598418143120865
2,-1,F4,0.125,17.79473229722414,-10.641927933860064,-7.7219533404864364
2,-1,F4,0.12890625,18.061486732320557,-10.807424411523785,-8.08635147056276
2,-1,F4,0.1328125,18.23952072003818,-10.78372646514451,-8.452701435138817
2,-1,F4,0.13671875,18.398479683987038,-10.697384513747416,-8.820683220364478
2,-1,F4,0.140625,18.499605478686483,-10.823679513687704,-9.189991009340035
2,-1,F4,0.14453125,18.620098834901395,-11.023081071770843,-9.392575518798905
2,-1,F4,0.1484375,18.913815209638624,-11.309210169587073,-9.43261223608373
2,-1,F4,0.15234375,19.274228350700124,-11.630563905269128,-9.321217603774818
2,-1,F4,0.15625,19.818370141845687,-11.897390413423564,-9.070366923897764
2,-1,F4,0.16015625,20.404360699471084,-12.155248408747672,-8.692374288388518
2,-1,F4,0.1640625,20.89541149769226,-12.333212278021055,-8.199469004216922
2,-1,F4,0.16796875,21.317008885145476,-12.505958377628158,-7.60347433012312
2,-1,F4,0.171875,21.528371539174962,-12.779070891702398,-6.915582427079151
2,-1,F4,0.17578125,21.63108655167913,-13.115659389852393,-6.146212474192798
2,-1,F4,0.1796875,21.67377146818352,-13.499841928796972,-5.304936010581196
2,-1,F4,0.18359375,21.677525093689233,-13.936218130946369,-4.40045349910014
2,-1,F4,0.1875,21.66387783319077,-14.49618222385584,-3.4406077116812632
2,-1,F4,0.19140625,21.683678428936812,-15.114917151342484,-2.4324219100636704
2,-1,F4,0.1953125,21.72007660068538,-15.710789694024049,-1.3821533368504149
2,-1,F4,0.19921875,21.830772258193893,-16.327262002927892,-0.29535488999191806
2,-1,F4,0.203125,22.251624985437484,-16.93284454063549,0.8230601366002759
2,-1,F4,0.20703125,22.79251586282424,-17.55029276756405,1.9687537496020333
2,-1,F4,0.2109375,23.44680735616919,-18.306027828320307,3.1379016549339624
2,-1,F4,0.21484375,24.109617001618517,-19.08292268829079,4.327135709306056
2,-1,F4,0.21875,24.55214630111892,-19.932982744365237,5.533491124226799
2,-1,F4,0.22265625,24.871300864958933,-20.721369639881832,6.75435867481772
2,-1,F4,0.2265625,25.01625623133537,-21.27119088133611,7.987441871244897
2,-1,F4,0.23046875,25.07821034510187,-21.618244715208423,9.230718866975334
2,-1,F4,0.234375,25.01245181911806,-21.53311803519316,10.482408772805798
2,-1,F4,0.23828125,24.94572894967412,-21.218626994215274,11.740941994119588
2,-1,F4,0.2421875,25.071201212778135,-20.729945078828663,13.004934193061914
2,-1,F4,0.24609375,25.322196004497528,-20.14541264671984,14.273163484352402
2,-1,F4,0.25,25.80632248973817,-19.678160106298428,15.544550494204728
2,-1,F4,0.25390625,26.44472862739376,-19.246878173376498,16.818140940083218
2,-1,F4,0.2578125,27.10942210439306,-18.864960094665033,18.093090420642916
2,-1,F4,0.26171875,27.85980928447245,-18.5185365654185,19.36865113748693
2,-1,F4,0.265625,28.78780201889331,-18.20217091275416,20.64416030166784
2,-1,F4,0.26953125,29.793661107723157,-17.906659464123816,21.919030007193356
2,-1,F4,0.2734375,30.902763946199684,-17.65864306615918,23.192738380672594
2,-1,F4,0.27734375,32.021915181479805,-17.4251676522032,24.464821840468858
2,-1,F4,0.28125,32.96754627019913,-17.139669792189572,25.734868320309687
2,-1,F4,0.28515625,33.821812584967766,-16.870114943568016,27.002511331365326
2,-1,F4,0.2890625,34.54569183442656,-16.519047504999342,28.267424753525923
2,-1,F4,0.29296875,35.195578939394366,-16.239825627070765,29.529318261200565
2,-1,F4,0.296875,35.81233132736908,-16.17180278766872,30.787933301649826
2,-1,F4,0.30078125,36.40409504074764,-16.289753025513914,32.043039554865715
2,-1,F4,0.3046875,37.030146035234615,-16.82024397253739,33.29443181353345
2,-1,F4,0.30859375,37.649727131787785,-17.528028814835764,34.541927229836546
2,-1,F4,0.3125,38.30439511647318,-18.456148549927754,35.78536288296863
2,-1,F4,0.31640625,38.941649196311985,-19.38984556836239,37.0245936273435
2,-1,F4,0.3203125,39.45874512510146,-19.970855739869506,38.25949018678161
2,-1,F4,0.32421875,39.91633313112885,-20.369397216602444,39.48993746451147
2,-1,F4,0.328125,40.361585007164074,-20.258919580824973,40.71583304276054
2,-1,F4,0.33203125,40.77946939004805,-20.019216432063185,41.93708584910785
2,-1,F4,0.3359375,41.15828154537972,-19.90111030493421,43.15361496970631
2,-1,F4,0.33984375,41.503979459803425,-19.93040117550947,44.36534859202027
2,-1,F4,0.34375,41.86299098342974,-20.554556384707755,45.57222306192007
2,-1,F4,0.34765625,42.207054185484466,-21.432772450018224,46.774182041877054
2,-1,F4,0.3515625,42.4524060920247,-22.636716205263497,47.97117575865157
2,-1,F4,0.35546875,42.65608969679005,-23.89997765728993,49.16316033029695
2,-1,F4,0.359375,42.90341633308482,-24.79414775865871,50.3500971635469
2,-1,F4,0.36328125,43.13866505988576,-25.465797877160206,51.531952413733684
2,-1,F4,0.3671875,43.3544638967963,-25.70622507166103,52.70869650032772
2,-1,F4,0.37109375,43.533119181884345,-25.745112073104366,53.88030367200964
2,-1,F4,0.375,43.623606019174986,-25.549842924653763,55.046751615902885
2,-1,F4,0.37890625,43.64967822600869,-25.331222491446134,56.20802110622151
2,-1,F4,0.3828125,43.61382486081954,-25.426110046438794,57.36409568813633
2,-1,F4,0.38671875,43.53219651634347,-25.72854068718871,58.514961393142634
2,-1,F4,0.390625,43.36556879597033,-26.435075963799676,59.66060648263476
2,-1,F4,0.39453125,43.18607876318539,-27.37144443082083,60.8010212167623
2,-1,F4,0.3984375,43.01461817611555,-28.46589153684001,61.93619764596884
2,-1,F4,0.40234375,42.88814062913762,-29.652690272869055,63.06612942290083
2,-1,F4,0.40625,42.946066423083295,-30.841678701729492,64.19081163262646
2,-1,F4,0.41015625,43.10498141549368,-31.995584102676034,65.31024063932793
2,-1,F4,0.4140625,43.35272873403987,-33.038058187105634,66.42441394782756
2,-1,F4,0.41796875,43.66556397532252,-33.95609171450471,67.53333007848234
2,-1,F4,0.421875,43.989923112437175,-34.665760282598185,68.63698845413646
2,-1,F4,0.42578125,44.342106105244284,-35.18635314397631,69.73538929795781
2,-1,F4,0.4296875,44.71190823874825,-35.53675169901393,70.82853354110652
2,-1,F4,0.43359375,45.10707647296885,-35.701566127511,71.91642273929145
2,-1,F4,0.4375,45.517163082354195,-35.576672594333594,72.9990589973669
2,-1,F4,0.44140625,45.95902103172435,-35.290397935154196,74.07644490120725
2,-1,F4,0.4453125,46.44180242218221,-34.78387292172821,75.14858345617375
2,-1,F4,0.44921875,46.98198958306885,-34.193792816866285,76.21547803155602
2,-1,F4,0.453125,47.5650302649969,-33.83998434413423,77.27713231043121
2,-1,F4,0.45703125,48.228863782156466,-33.50502517718614,78.33355024443918
2,-1,F4,0.4609375,49.02703801541001,-33.316852681697014,79.38473601301959
2,-1,F4,0.46484375,49.935873061363715,-33.037905870669746,80.43069398670181
2,-1,F4,0.46875,51.014939278860645,-32.36827622873066,81.47142869407668
2,-1,F4,0.47265625,52.18476309688005,-31.420948968509038,82.50694479211514
2,-1,F4,0.4765625,53.45160237640442,-29.88426980318787,83.53724703952992
2,-1,F4,0.48046875,54.75198243020061,-28.07354486940755,84.56234027290512
2,-1,F4,0.484375,55.92809713060526,-26.183428752138724,85.58222938534405
2,-1,F4,0.48828125,57.08916702294472,-24.266024415458983,86.59691930740898
2,-1,F4,0.4921875,58.13626463798024,-22.549018921251278,87.60641499014682
2,-1,F4,0.49609375,59.223681141389186,-20.9193070516312,88.61072139001428
2,-1,F4,0.5,60.53215989829407,-19.60552303476411,89.60984345553209
2,-1,F4,0.50390625,62.03119714083908,-18.33759422775238,90.603786115514
2,-1,F4,0.5078125,63.79805828534838,-16.936832045107295,91.59255426872983
2,-1,F4,0.51171875,65.77596562453233,-15.399513255132039,92.5761527748742
2,-1,F4,0.515625,68.07897743105809,-13.350784023054663,93.55458644672441
2,-1,F4,0.51953125,70.56458563154506,-11.072352813800569,94.52786004338083
2,-1,F4,0.5234375,73.08245713005363,-8.700681160368571,95.49597826449292
2,-1,F4,0.52734375,75.67336196598826,-6.281069579321186,96.45894574538198
2,-1,F4,0.53125,78.20856779894221,-3.9478392564100053,97.41676705298002
2,-1,F4,0.53515625,80.79087588074914,-1.6761536785287965,98.3694466825107
2,-1,F4,0.5390625,83.4953544087175,0.4009731787781272,99.31698905484498
2,-1,F4,0.54296875,86.29817880433681,2.41337001084204,100.2593985144699
2,-1,F4,0.546875,89.30070287570996,4.301891063561609,101.19667932801362
2,-1,F4,0.55078125,92.37683220416463,6.238885059315757,102.12883568327601
2,-1,F4,0.5546875,95.56956187213653,8.365688451203065,103.05587168871682
2,-1,F4,0.55859375,98.74954291818875,10.682613502647163,103.97779137335854
2,-1,F4,0.5625,101.64421058297522,13.528073658325123,104.89459868706479
2,-1,F4,0.56640625,104.39036754636587,16.603723790989783,105.80629750115759
2,-1,F4,0.5703125,106.94770369338262,19.86996857832903,106.71289160934064
2,-1,F4,0.57421875,109.40695360971277,23.169929306852534,107.61438472889847
2,-1,F4,0.578125,111.82375633818485,26.163330066120885,108.51078050214318
2,-1,F4,0.58203125,114.22990723523931,28.977483459245096,109.40208249808396
2,-1,F4,0.5859375,116.75158054048876,31.518425707773016,110.2882942142955
2,-1,F4,0.58984375,119.30814193357935,33.87655795648573,111.1694190789647
2,-1,F4,0.59375,121.98230041252918,36.110902159175964,112.04546045309517
2,-1,F4,0.59765625,124.6665444587044,38.19823584132512,112.91642163285249
2,-1,F4,0.6015625,127.18887413514803,40.30925567646227,113.78230585203326
2,-1,F4,0.60546875,129.61383194433554,42.299684683218814,114.64311628464321
2,-1,F4,0.609375,131.961743447165,43.95623145845046,115.4988560475704
2,-1,F4,0.61328125,134.1859683526145,45.42611299463532,116.34952820334122
2,-1,F4,0.6171875,136.35294481824567,46.59971202961324,117.19513576294725
2,-1,F4,0.62109375,138.35977589909177,47.65409387659405,118.03568168873262
2,-1,F4,0.625,140.04507491550729,48.839153117215105,118.87116889733237
2,-1,F4,0.62890625,141.51006377975554,50.08677516347596,119.70160026265265
2,-1,F4,0.6328125,142.59727808417964,51.43320907031951,120.52697861888488
2,-1,F4,0.63671875,143.50388437146688,52.84205576072894,121.34730676354644
2,-1,F4,0.640625,144.44741315754646,54.458083282371625,122.16258746054106
2,-1,F4,0.64453125,145.3624100195603,56.076255701870515,122.97282344323291
2,-1,F4,0.6484375,146.37411769310606,57.66111069595331,123.77801741752853
2,-1,F4,0.65234375,147.3731288691017,59.0671821787798,124.57817206496188
2,-1,F4,0.65625,148.29989813839904,60.01562838002478,125.37329004577721
2,-1,F4,0.66015625,149.15936386179806,60.584089882670064,126.163374002006
2,-1,F4,0.6640625,149.80193559256494,60.67524310872071,126.94842656053413
2,-1,F4,0.66796875,150.35439039087765,60.362184361672675,127.72845033615516
2,-1,F4,0.671875,150.88956083579328,59.61612802591657,128.50344793460755
2,-1,F4,0.67578125,151.4000536540425,58.547935767033934,129.27342195559157
2,-1,F4,0.6796875,152.03868301659202,57.11906505873164,130.0383749957648
2,-1,F4,0.68359375,152.69214921084506,55.50862600664419,130.79830965171246
2,-1,F4,0.6875,153.22596083313056,53.87939434910154,131.55322852289146
2,-1,F4,0.69140625,153.69809691062147,52.277889397244344,132.30313421454582
2,-1,F4,0.6953125,154.12690120413674,50.88797036537382,133.04802934059146
2,-1,F4,0.69921875,154.5008143936903,49.610652052119775,133.78791652646953
2,-1,F4,0.703125,154.82335586448184,48.69692259060038,134.5227984119664
2,-1,F4,0.70703125,155.09512000405564,47.88079231221492,135.25267765399872
2,-1,F4,0.7109375,155.27190646138143,46.861765757213114,135.9775569293637
2,-1,F4,0.71484375,155.39012182994023,45.80813258723694,136.6974389374521
2,-1,F4,0.71875,155.5191965353447,44.504126959071115,137.41232640292438
2,-1,F4,0.72265625,155.6264349083397,43.24870016271081,138.12222207834867
2,-1,F4,0.7265625,155.65784011787935,42.23723884793835,138.82712874679942
2,-1,F4,0.73046875,155.66798411652118,41.42694040819986,139.5270492244175
2,-1,F4,0.734375,155.75711167882588,41.27069212917057,140.2219863629302
2,-1,F4,0.73828125,155.86840331870147,41.333490681912096,140.91194305213082
2,-1,F4,0.7421875,155.99190137386196,41.433092812193316,141.59692222231797
2,-1,F4,0.74609375,156.10820668939508,41.46115310982027,142.27692684669444
2,-1,F4,0.75,156.21103863024297,40.943308552426636,142.95195994372418
2,-1,F4,0.75390625,156.26363731512208,40.151332750326965,143.62202457944915
2,-1,F4,0.7578125,156.22427269499022,39.02134362062848,144.28712386976417
2,-1,F4,0.76171875,156.12693917466245,37.73257136833285,144.9472609826509
2,-1,F4,0.765625,155.7869534497854,36.49051179435069,145.60243914037017
2,-1,F4,0.76953125,155.39472668358377,35.26672440227095,146.25266162161313
2,-1,F4,0.7734375,155.17110285141536,34.26551565385585,146.89793176361115
2,-1,F4,0.77734375,155.03568974669008,33.363550884392005,147.53825296420416
2,-1,F4,0.78125,155.0906773135111,32.45130542718573,148.17362868386812
2,-1,F4,0.78515625,155.2049713681527,31.57586525559557,148.80406244770148
2,-1,F4,0.7890625,155.31055165350404,30.74980992210106,149.4295578473704
2,-1,F4,0.79296875,155.3313488377811,30.056548374827354,150.05011854301375
2,-1,F4,0.796875,155.23994558046,29.19303323996374,150.66574826510669
2,-1,F4,0.80078125,155.0992232374083,28.447377015575427,151.2764508162849
2,1,F3,-0.19921875,-6.138269454384215,-6.526216738278374,0.0
2,1,F3,-0.1953125,-5.813222924234152,-6.637730826287055,0.0
2,1,F3,-0.19140625,-5.420261901993334,-6.584518440499076,0.0
2,1,F3,-0.1875,-5.198161250271216,-6.394744898718028,0.0
2,1,F3,-0.18359375,-5.015691838778036,-6.1256729709437305,0.0
2,1,F3,-0.1796875,-4.748358799915733,-5.834833730724488,0.0
2,1,F3,-0.17578125,-4.461086686306166,-5.511457300983608,0.0
2,1,F3,-0.171875,-4.1998734128712965,-5.374000217810712,0.0
2,1,F3,-0.16796875,-3.9329374436699056,-5.2186277017945715,0.0
2,1,F3,-0.1640625,-3.685260000194737,-4.911355234063759,0.0
2,1,F3,-0.16015625,-3.424031964346607,-4.490905340614931,0.0
2,1,F3,-0.15625,-3.071434567080015,-3.6378355470443555,0.0
2,1,F3,-0.15234375,-2.7021700706196476,-2.6669333961556685,0.0
2,1,F3,-0.1484375,-2.23900696434398,-1.7410948596568847,0.0
2,1,F3,-0.14453125,-1.812854505445265,-0.898909985406004,0.0
2,1,F3,-0.140625,-1.5712503302356982,-0.522425941145236,0.0
2,1,F3,-0.13671875,-1.4523255880439838,-0.3350109035901454,0.0
2,1,F3,-0.1328125,-1.6832484848728146,-0.33028169874639923,0.0
2,1,F3,-0.12890625,-2.0214548019962897,-0.3819282277892391,0.0
2,1,F3,-0.125,-2.3268109885173347,-0.14581970368336733,0.0
2,1,F3,-0.12109375,-2.559645298557934,0.18056094303258274,0.0
2,1,F3,-0.1171875,-2.4744488077744577,0.6477483821988811,0.0
2,1,F3,-0.11328125,-2.2216301357715627,1.149357102982175,0.0
2,1,F3,-0.109375,-1.7234713341177654,1.4370101593499183,0.0
2,1,F3,-0.10546875,-1.1316735778315412,1.6452781782975097,0.0
2,1,F3,-0.1015625,-0.5953650358908679,1.8009773365424666,0.0
2,1,F3,-0.09765625,-0.10236502581718976,1.9056054964069704,0.0
2,1,F3,-0.09375,0.16877306816003734,2.085762223284356,0.0
2,1,F3,-0.08984375,0.3386510543995928,2.235800404273462,0.0
2,1,F3,-0.0859375,0.4534164813269762,2.267889250049917,0.0
2,1,F3,-0.08203125,0.5392530230733333,2.2194510976551567,0.0
2,1,F3,-0.078125,0.6383868356499969,1.9819610874364404,0.0
2,1,F3,-0.07421875,0.7768772305347872,1.6649909588182525,0.0
2,1,F3,-0.0703125,0.9625876960934467,1.3643391914671419,0.0
2,1,F3,-0.06640625,1.2125453197461635,1.0848027352776595,0.0
2,1,F3,-0.0625,1.695951000707223,0.8348444513766013,0.0
2,1,F3,-0.05859375,2.269908237590845,0.6618244971293954,0.0
2,1,F3,-0.0546875,2.849177407913248,0.6251629930564581,0.0
2,1,F3,-0.05078125,3.415000191326853,0.7295998337831331,0.0
2,1,F3,-0.046875,3.9012750068682793,1.0261910170820836,0.0
2,1,F3,-0.04296875,4.326509516820963,1.4644205358611877,0.0
2,1,F3,-0.0390625,4.582302951004414,2.1260641613395324,0.0
2,1,F3,-0.03515625,4.7743961316918035,2.8758048171412742,0.0
2,1,F3,-0.03125,4.946136644729553,3.647882278745776,0.0
2,1,F3,-0.02734375,5.123020661994008,4.37929679035187,0.0
2,1,F3,-0.0234375,5.4673421729362275,4.915153468911307,0.0
2,1,F3,-0.01953125,5.866982586848309,5.322924042989181,0.0
2,1,F3,-0.015625,6.295992766269382,5.466916124907687,0.0
2,1,F3,-0.01171875,6.730116515496202,5.5320652512869035,0.0
2,1,F3,-0.0078125,7.051699943325119,5.496473031978216,0.0
2,1,F3,-0.00390625,7.340008749375702,5.494145820923341,0.0
2,1,F3,0.0,7.598146149936392,5.975679291096446,0.0
2,1,F3,0.00390625,7.853344149495026,6.621099838676995,-0.012362660257029347
2,1,F3,0.0078125,8.21014001462929,7.441139098453594,-0.04862852182715
2,1,F3,0.01171875,8.615042806323494,8.22266234211399,-0.1076371246336501
2,1,F3,0.015625,8.995783477549798,8.595729896484103,-0.18826564581311298
2,1,F3,0.01953125,9.430175334473597,8.707165716256288,-0.2894285728375342
2,1,F3,0.0234375,9.867908070498675,8.291542159185308,-0.4100772609938172
2,1,F3,0.02734375,10.382068688322796,7.65581346149017,-0.5491993925415506
2,1,F3,0.03125,11.238187795118309,7.059116347305064,-0.7058183531993868
2,1,F3,0.03515625,12.215423875647497,6.5054697292248305,-0.8789925400285024
2,1,F3,0.0390625,13.305555028281372,6.179071851448281,-1.0678146132973672
2,1,F3,0.04296875,14.343427719646773,5.997639493860162,-1.2714107035303002
2,1,F3,0.046875,14.972562416687554,6.1200018413362045,-1.4889395836648167
2,1,F3,0.05078125,15.336162608835577,6.402896787242972,-1.7195918150690261
2,1,F3,0.0546875,15.375727461182413,6.610217595825598,-1.9625888750977825
2,1,F3,0.05859375,15.235474276947109,6.836247696886819,-2.21718227289118
2,1,F3,0.0625,14.928587106479076,7.22260962699401,-2.4826526592365323
2,1,F3,0.06640625,14.59945985617298,7.632656142986323,-2.758308935519794
2,1,F3,0.0703125,14.451551818506042,7.973128468017593,-3.0434873660786996
2,1,F3,0.07421875,14.455973237094474,8.275145727342755,-3.337550697631851
2,1,F3,0.078125,14.778088027518542,8.395708348470151,-3.639887288889537
2,1,F3,0.08203125,15.310172465228618,8.489016075724798,-3.9499102529475354
2,1,F3,0.0859375,16.041661024922476,8.621439625756487,-4.2670566146187925
2,1,F3,0.08984375,16.925304298151804,8.809838428330961,-4.590786484464433
2,1,F3,0.09375,17.89261375124288,9.299126080680052,-4.920582250939891
2,1,F3,0.09765625,18.94786801197676,9.885512564583944,-5.255947791769408
2,1,F3,0.1015625,20.042292120965413,10.515850902131415,-5.596407705398281
2,1,F3,0.10546875,21.18963817987256,11.12032157921206,-5.941506563143004
2,1,F3,0.109375,22.408179666477345,11.479073863378247,-6.29080818246117
2,1,F3,0.11328125,23.657910833791565,11.715468677435911,-6.643894921592175
2,1,F3,0.1171875,24.969353709743466,11.758057603804538,-7.0003669956734385
2,1,F3,0.12109375,26.28432874637813,11.709806478719281,-7.3598418143120865
2,1,F3,0.125,27.4727296406045,11.753857716896047,-7.7219533404864364
2,1,F3,0.12890625,28.59253212269306,11.793204984393428,-8.08635147056276
2,1,F3,0.1328125,29.694709313972826,11.870584625192246,-8.452701435138817
2,1,F3,0.13671875,30.742402732925036,11.930212036763805,-8.820683220364478
2,1,F3,0.140625,31.701621035272588,11.821853571341537,-9.189991009340035
2,1,F3,0.14453125,32.57219977914892,11.668785580096907,-9.392575518798905
2,1,F3,0.1484375,33.38762388294174,11.426354838720226,-9.43261223608373
2,1,F3,0.15234375,34.11962353464869,11.215985836388466,-9.321217603774818
2,1,F3,0.15625,34.64603653192678,11.211688367151634,-9.070366923897764
2,1,F3,0.16015625,35.09343888235994,11.346759767284995,-8.692374288388518
2,1,F3,0.1640625,35.438082246549385,11.774795311365443,-8.199469004216922
2,1,F3,0.16796875,35.76931935244631,12.341864953340547,-7.60347433012312
2,1,F3,0.171875,36.37057383830247,12.941085344042543,-6.915582427079151
2,1,F3,0.17578125,37.066427302292716,13.545155642770174,-6.146212474192798
2,1,F3,0.1796875,37.78359331135968,14.101184265034176,-5.304936010581196
2,1,F3,0.18359375,38.499142200040836,14.610770051807728,-4.40045349910014
2,1,F3,0.1875,39.181253903673806,14.866264002143996,-3.4406077116812632
2,1,F3,0.19140625,39.799759208018564,15.058740556032062,-2.4324219100636704
2,1,F3,0.1953125,40.27427561832823,15.275859325172519,-1.3821533368504149
2,1,F3,0.19921875,40.656838595991,15.552070284307746,-0.29535488999191806
2,1,F3,0.203125,40.84021728626185,16.068604342986347,0.8230601366002759
2,1,F3,0.20703125,40.96944639900817,16.679525504722108,1.9687537496020333
2,1,F3,0.2109375,41.121918526703176,17.49241273315082,3.1379016549339624
2,1,F3,0.21484375,41.33879390154641,18.322004167678717,4.327135709306056
2,1,F3,0.21875,41.80115940173699,18.88702077371114,5.533491124226799
2,1,F3,0.22265625,42.406898547304166,19.315153293952662,6.75435867481772
2,1,F3,0.2265625,43.195335264013266,19.491697881691987,7.987441871244897
2,1,F3,0.23046875,44.08659575185747,19.576901687198657,9.230718866975334
2,1,F3,0.234375,44.989928230161645,19.61888268565362,10.482408772805798
2,1,F3,0.23828125,45.9059085824167,19.690042840483063,11.740941994119588
2,1,F3,0.2421875,46.80665190825273,20.0611271045289,13.004934193061914
2,1,F3,0.24609375,47.68483096012939,20.548993578165707,14.273163484352402
2,1,F3,0.25,48.46961179277273,21.223457204465372,15.544550494204728
2,1,F3,0.25390625,49.203346007267555,21.929276079311062,16.818140940083218
2,1,F3,0.2578125,49.9219164860332,22.420232389901344,18.093090420642916
2,1,F3,0.26171875,50.61844109554859,22.80556478377256,19.36865113748693
2,1,F3,0.265625,51.26258357405348,22.934794322235348,20.64416030166784
2,1,F3,0.26953125,51.88905736098713,23.002988127323025,21.919030007193356
2,1,F3,0.2734375,52.54650457495754,23.055909270925817,23.192738380672594
2,1,F3,0.27734375,53.2186004688143,23.192360961297396,24.464821840468858
2,1,F3,0.28125,53.903157887994944,23.73267310089888,25.734868320309687
2,1,F3,0.28515625,54.60419471423781,24.464701247054105,27.002511331365326
2,1,F3,0.2890625,55.33127350966127,25.510009068588474,28.267424753525923
2,1,F3,0.29296875,56.08092827115789,26.636229884287324,29.529318261200565
2,1,F3,0.296875,56.84526445240708,27.585494828628892,30.787933301649826
2,1,F3,0.30078125,57.61624637449469,28.418754063300508,32.043039554865715
2,1,F3,0.3046875,58.454670131759684,28.845565283107216,33.29443181353345
2,1,F3,0.30859375,59.28862738330572,29.12720939918364,34.541927229836546
2,1,F3,0.3125,60.04519811795305,29.33435626866454,35.78536288296863
2,1,F3,0.31640625,60.73404255398263,29.552190751840726,37.0245936273435
2,1,F3,0.3203125,61.32280949977666,30.122320820128113,38.25949018678161
2,1,F3,0.32421875,61.837029353514716,30.821623415107826,39.48993746451147
2,1,F3,0.328125,62.210381726394516,31.69679941707057,40.71583304276054
2,1,F3,0.33203125,62.53928762269298,32.621337332572594,41.93708584910785
2,1,F3,0.3359375,62.84884528044026,33.25479180681621,43.15361496970631
2,1,F3,0.33984375,63.1771118727592,33.78961589813005,44.36534859202027
2,1,F3,0.34375,63.72779385524834,34.3008231043657,45.57222306192007
2,1,F3,0.34765625,64.36960070441827,34.76877198219587,46.774182041877054
2,1,F3,0.3515625,65.00618490984449,35.33299530992983,47.97117575865157
2,1,F3,0.35546875,65.64887783054498,35.86345301005126,49.16316033029695
2,1,F3,0.359375,66.32734368960958,36.28573581001184,50.3500971635469
2,1,F3,0.36328125,66.95866300833433,36.58405865539186,51.531952413733684
2,1,F3,0.3671875,67.54554160499994,36.646999620281896,52.70869650032772
2,1,F3,0.37109375,68.03039035769993,36.53694704642439,53.88030367200964
2,1,F3,0.375,68.15853182971603,36.22674192890916,55.046751615902885
2,1,F3,0.37890625,68.12836310617574,35.80197210703864,56.20802110622151
2,1,F3,0.3828125,67.96291705783898,35.20430890558795,57.36409568813633
2,1,F3,0.38671875,67.77409980001035,34.58166048994255,58.514961393142634
2,1,F3,0.390625,67.70629764920783,34.13241430789703,59.66060648263476
2,1,F3,0.39453125,67.75949040041279,33.815641239835415,60.8010212167623
2,1,F3,0.3984375,68.08319277545027,33.72802550036528,61.93619764596884
2,1,F3,0.40234375,68.55981757694872,33.78627628719941,63.06612942290083
2,1,F3,0.40625,69.3153320496354,34.092390849103225,64.19081163262646
2,1,F3,0.41015625,70.1636440192904,34.48587036899707,65.31024063932793
2,1,F3,0.4140625,70.85032529420297,34.809796031791464,66.42441394782756
2,1,F3,0.41796875,71.46126642302393,35.1186853670104,67.53333007848234
2,1,F3,0.421875,71.90157068487662,35.12543317532494,68.63698845413646
2,1,F3,0.42578125,72.25806048993411,35.101991380299076,69.73538929795781
2,1,F3,0.4296875,72.553476605983,35.267083383230876,70.82853354110652
2,1,F3,0.43359375,72.84615699234719,35.58437483003464,71.91642273929145
2,1,F3,0.4375,73.15461474196114,36.274692115301676,72.9990589973669
2,1,F3,0.44140625,73.54169784378706,37.143420783009695,74.07644490120725
2,1,F3,0.4453125,74.12980577264744,38.237798584171216,75.14858345617375
2,1,F3,0.44921875,74.85931964807423,39.41226451430617,76.21547803155602
2,1,F3,0.453125,75.86032510263155,40.29246187515094,77.27713231043121
2,1,F3,0.45703125,76.99114562216603,41.056115645438666,78.33355024443918
2,1,F3,0.4609375,78.121702250238,41.85143714565244,79.38473601301959
2,1,F3,0.46484375,79.27205450158182,42.60018061370568,80.43069398670181
2,1,F3,0.46875,80.34356181440563,43.17084138282748,81.47142869407668
2,1,F3,0.47265625,81.37916941315797,43.694998158036874,82.50694479211514
2,1,F3,0.4765625,82.4543030063826,44.13338267226601,83.53724703952992
2,1,F3,0.48046875,83.51161304299231,44.599128242427945,84.56234027290512
2,1,F3,0.484375,84.46826567372686,45.3672787694626,85.58222938534405
2,1,F3,0.48828125,85.40390835216267,46.29724734737713,86.59691930740898
2,1,F3,0.4921875,86.21314742102182,47.453401050860336,87.60641499014682
2,1,F3,0.49609375,87.05619951424099,48.73743481290046,88.61072139001428
2,1,F3,0.5,88.11506356490844,50.003501977474606,89.60984345553209
2,1,F3,0.50390625,89.34043859454205,51.33704163300096,90.603786115514
2,1,F3,0.5078125,90.88933736320193,52.56932127572658,91.59255426872983
2,1,F3,0.51171875,92.62815238726719,53.89260183570953,92.5761527748742
2,1,F3,0.515625,94.49262077127464,55.542297499778165,93.55458644672441
2,1,F3,0.51953125,96.4623775674685,57.41506502717419,94.52786004338083
2,1,F3,0.5234375,98.41920705262554,59.68012156336274,95.49597826449292
2,1,F3,0.52734375,100.44337191982122,62.16471949408749,96.45894574538198
2,1,F3,0.53125,102.47067768106687,64.6783262982727,97.41676705298002
2,1,F3,0.53515625,104.61510148672755,67.2581163211762,98.3694466825107
2,1,F3,0.5390625,106.96734657834519,69.8963392757715,99.31698905484498
2,1,F3,0.54296875,109.51855327115949,72.56517589817814,100.2593985144699
2,1,F3,0.546875,112.47561436189224,75.17073432944976,101.19667932801362
2,1,F3,0.55078125,115.65344511605,77.74754141342001,102.12883568327601
2,1,F3,0.5546875,118.99153691451195,80.37406183281404,103.05587168871682
2,1,F3,0.55859375,122.41468606400991,82.97941281857253,103.97779137335854
2,1,F3,0.5625,125.77678454349467,85.4737370559949,104.89459868706479
2,1,F3,0.56640625,129.09084030335447,87.90387285677558,105.80629750115759
2,1,F3,0.5703125,132.3073667382013,90.2285739251995,106.71289160934064
2,1,F3,0.57421875,135.4013295368009,92.49368891745233,107.61438472889847
2,1,F3,0.578125,138.3964877517766,94.80560729738247,108.51078050214318
2,1,F3,0.58203125,141.2237795732984,97.0750169797406,109.40208249808396
2,1,F3,0.5859375,143.75020552863757,99.3534593592641,110.2882942142955
2,1,F3,0.58984375,146.06537160246364,101.55822812433483,111.1694190789647
2,1,F3,0.59375,148.0421783594344,103.46106422775159,112.04546045309517
2,1,F3,0.59765625,149.82664280261213,105.23204708054531,112.91642163285249
2,1,F3,0.6015625,151.68092031135487,106.84282775421639,113.78230585203326
2,1,F3,0.60546875,153.43539344643264,108.40839634759315,114.64311628464321
2,1,F3,0.609375,155.18876214622787,110.16146537485014,115.4988560475704
2,1,F3,0.61328125,156.78718358906076,111.9727983351149,116.34952820334122
2,1,F3,0.6171875,157.92419634993533,113.96657201195951,117.19513576294725
2,1,F3,0.62109375,158.79529012481467,115.96130818061778,118.03568168873262
2,1,F3,0.625,159.28065033959982,117.81842584231255,118.87116889733237
2,1,F3,0.62890625,159.59336557209477,119.53233736291483,119.70160026265265
2,1,F3,0.6328125,159.97996414419,120.86814190960725,120.52697861888488
2,1,F3,0.63671875,160.38287857081636,122.00416691825485,121.34730676354644
2,1,F3,0.640625,161.01336923515862,122.93731279766722,122.16258746054106
2,1,F3,0.64453125,161.7183591097215,123.75683918275396,122.97282344323291
2,1,F3,0.6484375,162.37852243335834,124.71431403014186,123.77801741752853
2,1,F3,0.65234375,163.0238749333028,125.66272246837106,124.57817206496188
2,1,F3,0.65625,163.5989187527527,126.61086420858507,125.37329004577721
2,1,F3,0.66015625,164.12093275624508,127.49448735491525,126.163374002006
2,1,F3,0.6640625,164.66209879870289,128.18514644916962,126.94842656053413
2,1,F3,0.66796875,165.15074771753,128.74402060375908,127.72845033615516
2,1,F3,0.671875,165.50988616539505,129.11609567981802,128.50344793460755
2,1,F3,0.67578125,165.76687916086306,129.38114252386453,129.27342195559157
2,1,F3,0.6796875,165.87425171287848,129.5671611491251,130.0383749957648
2,1,F3,0.68359375,165.86756477167262,129.69997380989838,130.79830965171246
2,1,F3,0.6875,165.8074306836429,129.93734614223564,131.55322852289146
2,1,F3,0.69140625,165.65861191486306,130.16009880080054,132.30313421454582
2,1,F3,0.6953125,165.3989483886241,130.35068083507232,133.04802934059146
2,1,F3,0.69921875,165.04261575314524,130.47443205399807,133.78791652646953
2,1,F3,0.703125,164.55863656133505,130.36063611494185,134.5227984119664
2,1,F3,0.70703125,164.01274287673817,130.15534216460256,135.25267765399872
2,1,F3,0.7109375,163.34370950448005,129.80836116911382,135.9775569293637
2,1,F3,0.71484375,162.66280018168922,129.44138597087598,136.6974389374521
2,1,F3,0.71875,162.1737514805539,129.3417128635742,137.41232640292438
2,1,F3,0.72265625,161.7766415180219,129.3282923485838,138.12222207834867
2,1,F3,0.7265625,161.51471344387093,129.4672878295851,138.82712874679942
2,1,F3,0.73046875,161.32159131356568,129.58614798521606,139.5270492244175
2,1,F3,0.734375,161.11142156862797,129.55761906123388,140.2219863629302
2,1,F3,0.73828125,160.92563388317484,129.34760280970812,140.91194305213082
2,1,F3,0.7421875,160.6697605708154,128.68985798277174,141.59692222231797
2,1,F3,0.74609375,160.44393173785852,127.77214109921722,142.27692684669444
2,1,F3,0.75,160.34764025537174,126.53943910093037,142.95195994372418
2,1,F3,0.75390625,160.33885621196194,125.15645965462669,143.62202457944915
2,1,F3,0.7578125,160.54484925116975,123.81561375798475,144.28712386976417
2,1,F3,0.76171875,160.8275275415852,122.52158801473708,144.9472609826509
2,1,F3,0.765625,161.11021899529229,121.35169315282894,145.60243914037017
2,1,F3,0.76953125,161.35990575540197,120.31468624775644,146.25266162161313
2,1,F3,0.7734375,161.4546446313051,119.5454992349183,146.89793176361115
2,1,F3,0.77734375,161.48011555437895,118.9086354813895,147.53825296420416
2,1,F3,0.78125,161.2622222331837,118.54662938145967,148.17362868386812
2,1,F3,0.78515625,161.01230279815346,118.23218593325466,148.80406244770148
2,1,F3,0.7890625,160.96533164272537,117.63862332243684,149.4295578473704
2,1,F3,0.79296875,161.00933760839467,117.0100343459491,150.05011854301375
2,1,F3,0.796875,161.36801766026926,115.79707244839815,150.66574826510669
2,1,F3,0.80078125,161.88288383546407,114.62675916847873,151.2764508162849
2,1,Fz,-0.19921875,-2.2580525396462603,-5.260236453948414,0.0
2,1,Fz,-0.1953125,-2.3131757657494303,-5.1527705822981185,0.0
2,1,Fz,-0.19140625,-2.3418757393487315,-4.978605124298866,0.0
2,1,Fz,-0.1875,-2.1224885039158594,-4.706968407887897,0.0
2,1,Fz,-0.18359375,-1.7785441910434234,-4.425417333245138,0.0
2,1,Fz,-0.1796875,-1.2261314468981852,-4.226576989953628,0.0
2,1,Fz,-0.17578125,-0.6081217954889586,-4.069191645412147,0.0
2,1,Fz,-0.171875,-0.020133113350209397,-4.178665811935019,0.0
2,1,Fz,-0.16796875,0.505695184218526,-4.315658857220795,0.0
2,1,Fz,-0.1640625,0.7907435627665387,-4.333655720861251,0.0
2,1,Fz,-0.16015625,0.939163022816458,-4.237946909768105,0.0
2,1,Fz,-0.15625,0.9071105214870057,-3.672304739090213,0.0
2,1,Fz,-0.15234375,0.7668091860373341,-2.940096443390579,0.0
2,1,Fz,-0.1484375,0.6717394711640166,-2.1590153356503334,0.0
2,1,Fz,-0.14453125,0.5530271551885301,-1.393991292091098,0.0
2,1,Fz,-0.140625,0.3557808119744299,-0.9662758624599679,0.0
2,1,Fz,-0.13671875,0.14917685062261282,-0.6830319161414035,0.0
2,1,Fz,-0.1328125,-0.13823928278368847,-0.5579198380446158,0.0
2,1,Fz,-0.12890625,-0.3939797519467323,-0.5002511934488829,0.0
2,1,Fz,-0.125,-0.41167747507783437,-0.3340946896634402,0.0
2,1,Fz,-0.12109375,-0.30689977032439975,-0.12267875116459068,0.0
2,1,Fz,-0.1171875,-0.010660930469288621,0.15227623546582747,0.0
2,1,Fz,-0.11328125,0.3476607856552234,0.4852372613037599,0.0
2,1,Fz,-0.109375,0.7006777347684019,0.8459369279708941,0.0
2,1,Fz,-0.10546875,1.0010860297758282,1.2433454161578181,0.0
2,1,Fz,-0.1015625,1.0537834860287516,1.7800074990723416,0.0
2,1,Fz,-0.09765625,0.9752798470598449,2.3386875007962535,0.0
2,1,Fz,-0.09375,0.7206626953152948,2.8809572257350764,0.0
2,1,Fz,-0.08984375,0.38844572228306384,3.3430616673564937,0.0
2,1,Fz,-0.0859375,0.08438762741534356,3.6205096902910476,0.0
2,1,Fz,-0.08203125,-0.20513220294891038,3.7389750198739122,0.0
2,1,Fz,-0.078125,-0.36823514220372977,3.557773080412808,0.0
2,1,Fz,-0.07421875,-0.46570555244148404,3.2029821034263564,0.0
2,1,Fz,-0.0703125,-0.5843612065242668,2.734854993481544,0.0
2,1,Fz,-0.06640625,-0.6670840294392999,2.200707969905374,0.0
2,1,Fz,-0.0625,-0.6619143279799201,1.6359857303719554,0.0
2,1,Fz,-0.05859375,-0.610654613865918,1.1108546934860233,0.0
2,1,Fz,-0.0546875,-0.4380469109886921,0.6741660810997462,0.0
2,1,Fz,-0.05078125,-0.2314745434033716,0.36757568053268047,0.0
2,1,Fz,-0.046875,-0.1369875269333205,0.3635637246470217,0.0
2,1,Fz,-0.04296875,-0.07346885254591506,0.5420224287677309,0.0
2,1,Fz,-0.0390625,-0.07709617947503156,0.9744559394012883,0.0
2,1,Fz,-0.03515625,-0.07546553337336492,1.516733428262591,0.0
2,1,Fz,-0.03125,-0.01180801953580568,2.033654536384931,0.0
2,1,Fz,-0.02734375,0.105193356967765,2.520841178742751,0.0
2,1,Fz,-0.0234375,0.4357337905662666,2.830695868637141,0.0
2,1,Fz,-0.01953125,0.8273362748171267,3.0684181818998693,0.0
2,1,Fz,-0.015625,1.2214029113874356,3.136818392139074,0.0
2,1,Fz,-0.01171875,1.5712227114845383,3.2109937823792096,0.0
2,1,Fz,-0.0078125,1.716463228159355,3.3982582961312944,0.0
2,1,Fz,-0.00390625,1.7488329797422455,3.70500336384169,0.0
2,1,Fz,0.0,1.5894706295220231,4.515733222524096,0.0
2,1,Fz,0.00390625,1.3450213416445462,5.481063335906342,0.000621912580820391
2,1,Fz,0.0078125,1.162284705238476,6.503065039020673,0.0024576027855626736
2,1,Fz,0.01171875,1.0038450993843582,7.4431935375367795,0.005470513977878981
2,1,Fz,0.015625,0.8642960402163715,7.933122750836541,0.009624831664518418
2,1,Fz,0.01953125,0.801321321239912,8.139112696641275,0.014885505455803139
2,1,Fz,0.0234375,0.7570968886516121,7.925273755868957,0.02121826488096373
2,1,Fz,0.02734375,0.8100124384384118,7.484457215263573,0.028589629810691262
2,1,Fz,0.03125,1.2721152398968076,6.872874076478796,0.03696691617265415
2,1,Fz,0.03515625,1.8764180668737225,6.208615829218881,0.04631823758199124
2,1,Fz,0.0390625,2.5955934433853285,5.724537420800252,0.05661250344843575
2,1,Fz,0.04296875,3.2630497039708146,5.348185430794443,0.06781941406507175
2,1,Fz,0.046875,3.514061030872515,5.228442691081425,0.07990945313095316
2,1,Fz,0.05078125,3.524049507234716,5.253154422890913,0.09285387811098718
2,1,Fz,0.0546875,3.1052746603095183,5.2912987835901415,0.10662470879156849
2,1,Fz,0.05859375,2.514503140600999,5.367869190681219,0.1211947143493537
2,1,Fz,0.0625,2.0417452996056467,5.596642547562047,0.1365373992131372
2,1,Fz,0.06640625,1.6481407188163915,5.851547958829262,0.15262698796485308
2,1,Fz,0.0703125,1.4116980485379889,5.93951767127524,0.16943840949507308
2,1,Fz,0.07421875,1.3174479979254445,5.969733098058879,0.18694728060078836
2,1,Fz,0.078125,1.540284214463092,5.856603961916195,0.20512988918852154
2,1,Fz,0.08203125,1.921587410591472,5.728012632523624,0.2239631772237014
2,1,Fz,0.0859375,2.3747888831475623,5.71650195290882,0.2434247235475212
2,1,Fz,0.08984375,2.8956927683124554,5.790127437804968,0.2634927266649863
2,1,Fz,0.09375,3.2911949149327864,6.097751267484519,0.2841459875923368
2,1,Fz,0.09765625,3.706133036991159,6.4918736770556995,0.30536389283831733
2,1,Fz,0.1015625,4.210681172693908,6.978895526342935,0.32712639758168094
2,1,Fz,0.10546875,4.808818445876483,7.465346464558589,0.34941400909669695
2,1,Fz,0.109375,5.63415218942505,7.6872216906302775,0.3722077704691285
2,1,Fz,0.11328125,6.551362314308479,7.799112272665984,0.3954892446370174
2,1,Fz,0.1171875,7.6617187419371415,7.79937966742468,0.4192404987835361
2,1,Fz,0.12109375,8.770247427088913,7.741658151778743,0.4434440891030209
2,1,Fz,0.125,9.607578908786973,7.778310153697233,0.4680830459559835
2,1,Fz,0.12890625,10.270587851566379,7.80522922285036,0.4931408594243175
2,1,Fz,0.1328125,10.57574951602859,7.8767870047561255,0.5186014652739843
2,1,Fz,0.13671875,10.709473573129516,7.915996891276396,0.5444492313291015
2,1,Fz,0.140625,10.751902353894922,7.680960182925582,0.5706689442585033
2,1,Fz,0.14453125,10.76164371605007,7.361098145007642,0.6802961959937963
2,1,Fz,0.1484375,10.923770691555356,6.960055876436131,0.8711833276188803
2,1,Fz,0.15234375,11.146386110551042,6.591914067435813,1.137750347174569
2,1,Fz,0.15625,11.531330142864828,6.448051394270098,1.473992776059268
2,1,Fz,0.16015625,11.97270869791761,6.465008374796406,1.8737385920649756
2,1,Fz,0.1640625,12.284107975492148,6.7827839345141685,2.330857635499335
2,1,Fz,0.16796875,12.555076759905267,7.267974373636742,2.8394205537894788
2,1,Fz,0.171875,12.835059695602755,7.860489381937221,3.393810256819663
2,1,Fz,0.17578125,13.098122561538872,8.488779829749118,3.9887922994984506
2,1,Fz,0.1796875,13.312737780212691,9.152364926704028,4.619552045628987
2,1,Fz,0.18359375,13.49305347581446,9.77965333308763,5.2817065065331965
2,1,Fz,0.1875,13.677348419310643,10.035207091367381,5.971297961140078
2,1,Fz,0.19140625,13.814262558766412,10.174354791088104,6.684775295419097
2,1,Fz,0.1953125,13.933897200928666,10.26433935180938,7.418967746362706
2,1,Fz,0.19921875,13.994741112812513,10.378594538942984,8.171054572459763
2,1,Fz,0.203125,13.789274891389386,10.7575157812261,8.938533180834728
2,1,Fz,0.20703125,13.50501251065351,11.248155602317116,9.71918744440413
2,1,Fz,0.2109375,13.17185299212839,11.993492648191562,10.511057330834106
2,1,Fz,0.21484375,12.895102315272151,12.780003256897697,11.312410513456955
2,1,Fz,0.21875,12.857540039580556,13.373414639590816,12.121716312463004
2,1,Fz,0.22265625,12.997098214967778,13.869384682729551,12.937622093535666
2,1,Fz,0.2265625,13.49216922387598,13.929101531320347,13.758932105356697
2,1,Fz,0.23046875,14.167286664602274,13.886432727043681,14.584588646458666
2,1,Fz,0.234375,14.936123693047032,14.032319341153789,15.413655399661128
2,1,Fz,0.23828125,15.74716239811244,14.301241243998081,16.245302746663413
2,1,Fz,0.2421875,16.471668052772344,14.975540573182295,17.0787948673725
2,1,Fz,0.24609375,17.139588540639178,15.79354332720831,17.913478431830683
2,1,Fz,0.25,17.65744634708897,16.76880646631048,18.748772702694378
2,1,Fz,0.25390625,18.08413075492501,17.703251858105435,19.5841608800313
2,1,Fz,0.2578125,18.483677269230817,18.232178104818903,20.41918253569572
2,1,Fz,0.26171875,18.834199896926147,18.53652537340722,21.253427000382
2,1,Fz,0.265625,19.089180719728034,18.312728573840996,22.086527581820814
2,1,Fz,0.26953125,19.307218371032402,17.943502892263428,22.918156506991544
2,1,Fz,0.2734375,19.496368083619437,17.626289249629746,23.74802049443146
2,1,Fz,0.27734375,19.70008768345348,17.458952603539757,24.575856874631324
2,1,Fz,0.28125,19.98810118823014,17.935104111178074,25.401430187118937
2,1,Fz,0.28515625,20.355316162067147,18.727004503681318,26.22452919220392
2,1,Fz,0.2890625,20.819048290495417,19.989634051367062,27.04496424357893
2,1,Fz,0.29296875,21.376938716771086,21.39295704843767,27.862564975149304
2,1,Fz,0.296875,22.098794377427033,22.56472342191394,28.67717826170421
2,1,Fz,0.30078125,22.889664330829458,23.571879463033007,29.48866641845427
2,1,Fz,0.3046875,23.811975326687698,24.05141447733389,30.29690560914413
2,1,Fz,0.30859375,24.732715612987406,24.303850638857305,31.101784436495922
2,1,Fz,0.3125,25.42904579336119,24.35131091771873,31.903202692233776
2,1,Fz,0.31640625,25.982285543284604,24.347947177792104,32.70107024695498
2,1,Fz,0.3203125,26.359906601038183,24.670338674443713,33.49530606271463
2,1,Fz,0.32421875,26.62092073153307,25.117913757101064,34.28583731343533
2,1,Fz,0.328125,26.673259477195217,25.826622281209257,35.07259860019025
2,1,Fz,0.33203125,26.658477160904475,26.620748713664327,35.85553125008083
2,1,Fz,0.3359375,26.759002237984607,27.19465813657641,36.63458268887533
2,1,Fz,0.33984375,26.894438065391142,27.706160656163092,37.40970587882402
2,1,Fz,0.34375,27.24234255039683,28.113249269536556,38.180858814148294
2,1,Fz,0.34765625,27.610790067739245,28.47306150525979,38.948004067637584
2,1,Fz,0.3515625,27.859429348360344,29.013222028536024,39.71110838260044
2,1,Fz,0.35546875,27.996972949402817,29.55833548676736,40.47014230512096
2,1,Fz,0.359375,27.808702265020894,30.022950395669195,41.225079852184805
2,1,Fz,0.36328125,27.45363803123316,30.369357378172946,41.97589821177217
2,1,Fz,0.3671875,26.995077710037823,30.503456744105506,42.722577471479156
2,1,Fz,0.37109375,26.468199334093608,30.466683155366148,43.465100372634815
2,1,Fz,0.375,25.965144052320603,30.071561557532462,44.20345208723406
2,1,Fz,0.37890625,25.468099678119604,29.530716417213444,44.937620015316554
2,1,Fz,0.3828125,25.02483473004178,28.9235971241789,45.667593600692406
2,1,Fz,0.38671875,24.620563560828707,28.322060081084413,46.393364163152505
2,1,Fz,0.390625,24.21723532828745,28.020605063596765,47.11492474551037
2,1,Fz,0.39453125,23.87498722877931,27.85662255874068,47.83226997400483
2,1,Fz,0.3984375,23.56729658942511,27.803362407631532,48.54539593075443
2,1,Fz,0.40234375,23.33914957604255,27.816316780069684,49.25430003709655
2,1,Fz,0.40625,23.426005919805753,27.850921903949278,49.958980946768854
2,1,Fz,0.41015625,23.637030109219587,27.899333114508323,50.659438448002255
2,1,Fz,0.4140625,23.868921112209847,27.834694801540994,51.35567337369164
2,1,Fz,0.41796875,24.103386195341617,27.784148421320005,52.04768751889764
2,1,Fz,0.421875,24.20842162693652,27.68302064916412,52.735483565009766
2,1,Fz,0.42578125,24.27964209903758,27.676986888202123,53.41906500996889
2,1,Fz,0.4296875,24.17816592938894,28.018464382075486,54.09843610400817
2,1,Fz,0.43359375,24.09914822175341,28.577708731869492,54.77360179042524
2,1,Fz,0.4375,24.22554949935256,29.502761554517196,55.444567650946624
2,1,Fz,0.44140625,24.5297639868961,30.579068300586826,56.111339855288115
2,1,Fz,0.4453125,25.226873995925594,31.725720845129956,56.77392511455322
2,1,Fz,0.44921875,26.111095515062914,32.86614352055812,57.432330638145984
2,1,Fz,0.453125,27.260515633188838,33.623254057393225,58.08656409390512
2,1,Fz,0.45703125,28.456835434411886,34.22130412767594,58.73663357119371
2,1,Fz,0.4609375,29.364034994708156,34.78374494998622,59.38254754670362
2,1,Fz,0.46484375,30.121597213324975,35.30004466893589,60.02431485275556
2,1,Fz,0.46875,30.476805469756375,35.78943956601828,60.66194464789584
2,1,Fz,0.47265625,30.676144497489933,36.2991872866221,61.2954463896086
2,1,Fz,0.4765625,30.98397681134601,36.81593615903538,61.924829808978465
2,1,Fz,0.48046875,31.316605056397606,37.41963664030903,62.55010488715304
2,1,Fz,0.484375,31.79324799943184,38.22894659466041,63.17128183346787
2,1,Fz,0.48828125,32.34096489248927,39.176822923893,63.7883710651083
2,1,Fz,0.4921875,32.827170352800124,40.46988991609417,64.40138318819315
2,1,Fz,0.49609375,33.36451126560067,41.90802741708377,65.01032898017536
2,1,Fz,0.5,33.946716745960316,43.19163648355473,65.61521937346289
2,1,Fz,0.50390625,34.65702674972773,44.4915640936082,66.21606544017169
2,1,Fz,0.5078125,35.618084999135306,45.71335417902813,66.81287837792937
2,1,Fz,0.51171875,36.784965304063164,47.028118546328415,67.40566949665511
2,1,Fz,0.515625,38.303741554337805,48.58588295885017,67.99445020624722
2,1,Fz,0.51953125,40.03881464579387,50.37721901282797,68.57923200511503
2,1,Fz,0.5234375,41.864737139998624,52.647383492376925,69.16002646949684
2,1,Fz,0.52734375,43.83476677347628,55.20769795590477,69.73684524351066
2,1,Fz,0.53125,45.793592880915355,57.98876257500021,70.30970002988768
2,1,Fz,0.53515625,47.89324010196597,60.92683852282155,70.87860258134305
2,1,Fz,0.5390625,50.28578727197332,63.94150231043039,71.44356469254159
2,1,Fz,0.54296875,52.90358322607244,67.01118620551324,72.00459819261903
2,1,Fz,0.546875,55.920750545216016,69.98414434160763,72.56171493822292
2,1,Fz,0.55078125,59.13258692873001,72.93391778398838,73.11492680703927
2,1,Fz,0.5546875,62.46295609938907,75.91101220970783,73.66424569177391
2,1,Fz,0.55859375,65.8367092411872,78.87049741278524,74.20968349455964
2,1,Fz,0.5625,68.97414711303206,81.85226774531954,74.75125212176205
2,1,Fz,0.56640625,72.0193479762599,84.7983054822966,75.28896347915956
2,1,Fz,0.5703125,74.98890028334897,87.58516216082863,75.82282946747371
2,1,Fz,0.57421875,77.8776368972715,90.27154908865825,76.35286197822866
2,1,Fz,0.578125,80.86130839805328,92.90171541068852,76.87907288991934
2,1,Fz,0.58203125,83.76516219379928,95.43420588322049,77.40147406446974
2,1,Fz,0.5859375,86.46954298475453,97.89831404592822,77.9200773439634
2,1,Fz,0.58984375,88.99227467620892,100.27106155694287,78.43489454763018
2,1,Fz,0.59375,91.10409785507022,102.36018421222039,78.9459374690736
2,1,Fz,0.59765625,92.98311694191679,104.37135448410254,79.45321787372464
2,1,Fz,0.6015625,94.79200080235535,106.32221833609874,79.95674749650847
2,1,Fz,0.60546875,96.46231808336154,108.3141172420138,80.4565380397118
2,1,Fz,0.609375,98.11358124899584,110.74069908700106,80.9526011710387
2,1,Fz,0.61328125,99.64885055299384,113.31101192676124,81.44494852184422
2,1,Fz,0.6171875,100.87025551580872,116.06314038004464,81.9335916855355
2,1,Fz,0.62109375,101.93180767331907,118.80391183852689,82.41854221613015
2,1,Fz,0.625,102.8077360405933,121.17330643625341,82.89981162696337
2,1,Fz,0.62890625,103.60886166689401,123.32901245695227,83.37741138953511
2,1,Fz,0.6328125,104.54436936691539,125.11491057130957,83.85135293248884
2,1,Fz,0.63671875,105.52588330699037,126.7120074215038,84.32164764071489
2,1,Fz,0.640625,106.61583301921813,128.26645729433977,84.7883068545707
2,1,Fz,0.64453125,107.76011704211378,129.76883797707393,85.25134186921177
2,1,Fz,0.6484375,108.83633815863274,131.39594478433906,85.71076393402643
2,1,Fz,0.65234375,109.91078724173097,133.00874639286823,86.166584252169
2,1,Fz,0.65625,111.05875113816836,134.64071895407366,86.61881398018518
2,1,Fz,0.66015625,112.21193593960298,136.16550676503013,87.06746422772476
2,1,Fz,0.6640625,113.41253749136999,137.4373953261171,87.51254605733634
2,1,Fz,0.66796875,114.56646751107738,138.4844266122127,87.95407048433945
2,1,Fz,0.671875,115.57812604669832,139.11173072717935,88.3920484767696
2,1,Fz,0.67578125,116.45538175711238,139.49147697769055,88.82649095539175
2,1,Fz,0.6796875,117.08049849314665,139.66706679283178,89.2574087937786
2,1,Fz,0.68359375,117.50850640092511,139.71889875912026,89.68481281844942
2,1,Fz,0.6875,117.8239422384536,139.7945501633693,90.10871380906623
2,1,Fz,0.69140625,117.99814674607997,139.85052215156895,90.52912249868368
2,1,Fz,0.6953125,117.97826444046416,140.02532725905928,90.9460495740492
2,1,Fz,0.69921875,117.81149057115617,140.2231167003274,91.35950567595091
2,1,Fz,0.703125,117.57715480418591,140.28198373495837,91.76950139960977
2,1,Fz,0.70703125,117.28671850304454,140.32086099964283,92.17604729511355
2,1,Fz,0.7109375,116.87673462708754,140.33705568111375,92.57915386788976
2,1,Fz,0.71484375,116.44777788968956,140.3887516768871,92.97883157921534
2,1,Fz,0.71875,116.17538825197333,140.63852669906788,93.37509084676041
2,1,Fz,0.72265625,115.97594698429067,140.97907704135253,93.767942045164
2,1,Fz,0.7265625,115.88206379935205,141.4592215022073,94.15739550663952
2,1,Fz,0.73046875,115.84209448855015,141.95183512070287,94.54346152160801
2,1,Fz,0.734375,115.79747231167099,142.43599431610275,94.92615033935711
2,1,Fz,0.73828125,115.77004570708493,142.76974414894187,95.30547216872415
2,1,Fz,0.7421875,115.6853940421712,142.8551242811247,95.68143717880098
2,1,Fz,0.74609375,115.6218559894705,142.66713332323542,96.05405549965975
2,1,Fz,0.75,115.6147884653947,141.81090821603735,96.42333722309725
2,1,Fz,0.75390625,115.68218351365543,140.61390345156485,96.78929240339664
2,1,Fz,0.7578125,115.92382342451376,139.19866434975975,97.15193105810509
2,1,Fz,0.76171875,116.2633598743176,137.68123292133822,97.51126316882596
2,1,Fz,0.765625,116.74466312423164,136.24657865568255,97.86729868202389
2,1,Fz,0.76953125,117.26613933719403,134.91447577876485,98.22004750984208
2,1,Fz,0.7734375,117.75897416579345,133.86050603242424,98.56951953092997
2,1,Fz,0.77734375,118.22489237858619,132.97798804912674,98.9157245912806
2,1,Fz,0.78125,118.4197502297121,132.46602447634777,99.25867250507626
2,1,Fz,0.78515625,118.54998148105574,132.0995021615642,99.59837305554159
2,1,Fz,0.7890625,118.76391386641882,131.5850697812147,99.9348359958029
2,1,Fz,0.79296875,118.98818506527084,131.1127612235347,100.26807104975298
2,1,Fz,0.796875,119.55652539727224,130.3264786242201,100.59808791292025
2,1,Fz,0.80078125,120.20802806675239,129.60336268257183,100.92489625334152
2,1,F4,-0.19921875,-4.057245083102143,-3.7576091001290903,0.0
2,1,F4,-0.1953125,-4.121117490318753,-3.5913089660532287,0.0
2,1,F4,-0.19140625,-4.080442047351018,-3.3364477000740305,0.0
2,1,F4,-0.1875,-3.6818446446293267,-3.0719097544087983,0.0
2,1,F4,-0.18359375,-3.124208687683721,-2.83438722811824,0.0
2,1,F4,-0.1796875,-2.3303609929775413,-2.688667633422978,0.0
2,1,F4,-0.17578125,-1.4901970139246283,-2.608848269280096,0.0
2,1,F4,-0.171875,-0.9237610915896253,-2.828064691681737,0.0
2,1,F4,-0.16796875,-0.5017609050646348,-3.1149239118047447,0.0
2,1,F4,-0.1640625,-0.3356816165420309,-3.293029885548166,0.0
2,1,F4,-0.16015625,-0.30221773089528514,-3.3943181387943295,0.0
2,1,F4,-0.15625,-0.3224789134912527,-3.1614754492234116,0.0
2,1,F4,-0.15234375,-0.3935477059916692,-2.799993570053412,0.0
2,1,F4,-0.1484375,-0.3655716815749328,-2.4476767604765497,0.0
2,1,F4,-0.14453125,-0.3399132664162873,-2.090576083646043,0.0
2,1,F4,-0.140625,-0.3829881320782216,-1.8672849481025646,0.0
2,1,F4,-0.13671875,-0.4433351467944061,-1.690747739490784,0.0
2,1,F4,-0.1328125,-0.6929684005623857,-1.527192369385168,0.0
2,1,F4,-0.12890625,-0.9493206263506557,-1.3662929740592493,0.0
2,1,F4,-0.125,-0.9677188436975415,-1.1731987827635477,0.0
2,1,F4,-0.12109375,-0.8597690907064734,-0.9428023763583552,0.0
2,1,F4,-0.1171875,-0.5333205267819414,-0.6923648710083657,0.0
2,1,F4,-0.11328125,-0.12194150974226026,-0.3828928515068627,0.0
2,1,F4,-0.109375,0.34071184293040135,0.0373272673289715,0.0
2,1,F4,-0.10546875,0.7725861546161517,0.5273440071617247,0.0
2,1,F4,-0.1015625,0.9870780775768973,1.212905032234046,0.0
2,1,F4,-0.09765625,1.0726259268271663,1.9368811639080254,0.0
2,1,F4,-0.09375,0.9108684239866974,2.5876627244126857,0.0
2,1,F4,-0.08984375,0.6496239696695577,3.1291579827721123,0.0
2,1,F4,-0.0859375,0.4064639330210389,3.4725358790080376,0.0
2,1,F4,-0.08203125,0.17781536185311175,3.647851450752696,0.0
2,1,F4,-0.078125,0.12286286540393077,3.4330657961431426,0.0
2,1,F4,-0.07421875,0.1385457516794178,3.027862385409164,0.0
2,1,F4,-0.0703125,0.1771356397318603,2.63967373837265,0.0
2,1,F4,-0.06640625,0.2410606383869262,2.219745049590304,0.0
2,1,F4,-0.0625,0.2595987098309088,1.786933803893249,0.0
2,1,F4,-0.05859375,0.27732568378731526,1.3816655510175089,0.0
2,1,F4,-0.0546875,0.3353067889599748,0.9783065519449781,0.0
2,1,F4,-0.05078125,0.41606037134291474,0.6502920956341034,0.0
2,1,F4,-0.046875,0.5178835323237692,0.5458605597323447,0.0
2,1,F4,-0.04296875,0.6510783920894327,0.5778192187233241,0.0
2,1,F4,-0.0390625,0.7770019671202562,0.8251108749428374,0.0
2,1,F4,-0.03515625,0.9411357025203098,1.1682529907439365,0.0
2,1,F4,-0.03125,1.2066520522083923,1.5029098357200665,0.0
2,1,F4,-0.02734375,1.5347705288322029,1.838670735882754,0.0
2,1,F4,-0.0234375,1.9864843586521603,2.022890623271512,0.0
2,1,F4,-0.01953125,2.4742032433213006,2.187091044737174,0.0
2,1,F4,-0.015625,2.955885160158344,2.3237367792681214,0.0
2,1,F4,-0.01171875,3.3942656908165425,2.5322299121230496,0.0
2,1,F4,-0.0078125,3.6939662064547676,2.954196699914063,0.0
2,1,F4,-0.00390625,3.9027141741649727,3.514034300748435,0.0
2,1,F4,0.0,3.9217285645001096,4.480293748063442,0.0
2,1,F4,0.00390625,3.8583006224942586,5.551872428841004,-0.01204382110707269
2,1,F4,0.0078125,3.8215343613468122,6.519569661244043,-0.04737395390200935
2,1,F4,0.01171875,3.8043868556605895,7.367357405346505,-0.10485916474517243
2,1,F4,0.015625,3.8099165283169962,7.790547889237117,-0.18340510108903177
2,1,F4,0.01953125,3.8864366200962555,7.9893545861207595,-0.2819539289231888
2,1,F4,0.0234375,4.070920023408764,7.942097479930538,-0.39948386392704743
2,1,F4,0.02734375,4.357490179922349,7.773350198948858,-0.5350086124951827
2,1,F4,0.03125,4.9182496618233085,7.661162952468031,-0.6875767372286948
2,1,F4,0.03515625,5.560693985542913,7.579068339547001,-0.8562709600001547
2,1,F4,0.0390625,6.283881096697714,7.601009181542864,-1.040207414307731
2,1,F4,0.04296875,6.946643068549385,7.690146243635551,-1.238534857339748
2,1,F4,0.046875,7.216263879554585,7.924954539243072,-1.4504338509755055
2,1,F4,0.05078125,7.281406021479833,8.219248201322921,-1.6751159198507413
2,1,F4,0.0546875,6.996364136488116,8.491879095454735,-1.9118226936140763
2,1,F4,0.05859375,6.588385006169391,8.736238313019578,-2.159825039590314
2,1,F4,0.0625,6.307026408594019,8.962821622444487,-2.418422191243012
2,1,F4,0.06640625,6.119710080649573,9.142385783003826,-2.6869408770870824
2,1,F4,0.0703125,6.16652283351417,9.099783583029277,-2.9647344540368126
2,1,F4,0.07421875,6.374830015518911,8.983870818750953,-3.251182048580133
2,1,F4,0.078125,6.804330708251203,8.852256280282502,-3.5456877086403797
2,1,F4,0.08203125,7.354293935036958,8.742224723281723,-3.847679568517011
2,1,F4,0.0859375,8.005719063202006,8.792754501901015,-4.1566090288811965
2,1,F4,0.08984375,8.710676101352462,8.930979018984091,-4.471949953436075
2,1,F4,0.09375,9.231966727599485,9.199146215215185,-4.793197883529939
2,1,F4,0.09765625,9.739929403532892,9.530575957515952,-5.119869271729232
2,1,F4,0.1015625,10.289395793427873,9.858217270576553,-5.451500735113007
2,1,F4,0.10546875,10.913443201133806,10.19848302077555,-5.787648328837494
2,1,F4,0.109375,11.762566644620538,10.460551863526186,-6.12788684033525
2,1,F4,0.11328125,12.717441855830131,10.734402659078778,-6.471809104354873
2,1,F4,0.1171875,13.898369924026344,11.029776612451831,-6.8190253389114925
2,1,F4,0.12109375,15.111814904597944,11.363217138546919,-7.169162502102634
2,1,F4,0.125,16.14343994180976,11.977137389198163,-7.521863669646255
2,1,F4,0.12890625,17.034574259587732,12.641334115290368,-7.87678743291557
2,1,F4,0.1328125,17.618305260046576,13.26833307959281,-8.23360731717695
2,1,F4,0.13671875,18.028747815949146,13.805042617419817,-8.592011219680803
2,1,F4,0.140625,18.24404137629027,13.947529202274414,-8.95170086720956
2,1,F4,0.14453125,18.38000006482991,13.923372910235923,-9.144634168296372
2,1,F4,0.1484375,18.58978306936433,13.673860932765628,-9.174993752534817
2,1,F4,0.15234375,18.836972524302475,13.392108872235696,-9.053902888815372
2,1,F4,0.15625,19.277009307861874,13.344998838134334,-8.793343389083342
2,1,F4,0.16015625,19.802252398202736,13.47349547951591,-8.405635547908041
2,1,F4,0.1640625,20.278035146980123,13.931652770744293,-7.903014577178077
2,1,F4,0.16796875,20.7744129431331,14.577655906760947,-7.2973093528119115
2,1,F4,0.171875,21.310381787351012,15.527060783881637,-6.599717375488968
2,1,F4,0.17578125,21.8622418036892,16.544716948829628,-5.820662896994306
2,1,F4,0.1796875,22.45851185850539,17.447244286501096,-4.96972227258129
2,1,F4,0.18359375,23.052190658826575,18.23982471674973,-4.055600535127363
2,1,F4,0.1875,23.585187995870015,18.502511636216898,-3.0861447907422246
2,1,F4,0.19140625,24.04689959955934,18.600404330249322,-2.068382409541705
2,1,F4,0.1953125,24.48986731714157,18.6153915063512,-1.008574526463347
2,1,F4,0.19921875,24.866316728451203,18.66859103798324,0.0877222748121742
2,1,F4,0.203125,24.970279397961356,19.24731028547267,1.2155912121543437
2,1,F4,0.20703125,24.992597383957715,20.015641638375946,2.3706909927964617
2,1,F4,0.2109375,24.959878300368423,21.053015849266355,3.549194203620665
2,1,F4,0.21484375,24.9697270827667,22.118404147966075,4.7477297546909085
2,1,F4,0.21875,25.249094508293908,22.789245561237287,5.963330075604748
2,1,F4,0.22265625,25.692078010833967,23.28378683510071,7.193383316995252
2,1,F4,0.2265625,26.389891024169682,23.300267177253875,8.435590514983026
2,1,F4,0.23046875,27.212339432363123,23.205997953617715,9.687927492773216
2,1,F4,0.234375,28.1114786296247,23.336069461971423,10.948611168331713
2,1,F4,0.23828125,29.026616583723104,23.63354484920498,12.216069885582073
2,1,F4,0.2421875,29.77570583531989,24.463166393671145,13.488917370800166
2,1,F4,0.24609375,30.442827185736228,25.515799359696015,14.76592992291161
2,1,F4,0.25,31.003180723356902,26.78503496251102,16.046026467148977
2,1,F4,0.25390625,31.487593701896824,28.06237434723555,17.32825112978593
2,1,F4,0.2578125,31.980784000840256,29.018724876529678,18.611758023282952
2,1,F4,0.26171875,32.449728885263184,29.77807414763547,19.895797963466876
2,1,F4,0.265625,32.790340692040566,29.97333120603323,21.179706871660272
2,1,F4,0.26953125,33.11364138732242,30.00424073686835,22.462895644010402
2,1,F4,0.2734375,33.465934273086894,30.00495817985158,23.744841297144514
2,1,F4,0.27734375,33.88267687409514,30.115815377125728,25.025079223508
2,1,F4,0.28125,34.490334562775196,30.900615827803716,26.303196411327548
2,1,F4,0.28515625,35.229718066741654,31.99135706239033,27.57882550320206
2,1,F4,0.2890625,36.110134423625006,33.503865816663335,28.851639584043998
2,1,F4,0.29296875,37.090752654560255,35.13299748765233,30.121347603686797
2,1,F4,0.296875,38.20621065168615,36.50759063967936,31.387690352163027
2,1,F4,0.30078125,39.36328123770133,37.705811264773544,32.650436916660695
2,1,F4,0.3046875,40.50771343126111,38.382768642816195,33.909381558685865
2,1,F4,0.30859375,41.60016799836615,38.82181110453118,35.16434095818701
2,1,F4,0.3125,42.50574299293211,39.0809240989293,36.41515177849931
2,1,F4,0.31640625,43.28289099375637,39.27910937808335,37.66166851209468
2,1,F4,0.3203125,43.91684676293103,39.723315187253704,38.90376157241106
2,1,F4,0.32421875,44.44842173140873,40.258862767214346,40.141315601594556
2,1,F4,0.328125,44.84103600882047,41.01986907412096,41.374227967924554
2,1,F4,0.33203125,45.17084429484014,41.85001191598383,42.6024074300898
2,1,F4,0.3359375,45.54499027763148,42.5031870285159,43.82577294841927
2,1,F4,0.33984375,45.9015195084998,43.107922387350875,45.0442526257098
2,1,F4,0.34375,46.392985740060496,43.59242695285529,46.2577827624883
2,1,F4,0.34765625,46.85386738589953,44.03453905074921,47.46630701344874
2,1,F4,0.3515625,47.092759006104124,44.673980943545914,48.66977563345313
2,1,F4,0.35546875,47.18640364593599,45.33241868938987,49.868144802916376
2,1,F4,0.359375,47.00158694245344,45.941786027737905,51.06137602363943
2,1,F4,0.36328125,46.696562086047194,46.46022639471592,52.24943557723538
2,1,F4,0.3671875,46.300793655779344,46.751528595070866,53.43229403923635
2,1,F4,0.37109375,45.90270179140569,46.89982182741522,54.60992584278982
2,1,F4,0.375,45.73932923562627,46.7607027469788,55.78230888656988
2,1,F4,0.37890625,45.669217738481905,46.53930652504778,56.94942418215592
2,1,F4,0.3828125,45.813212316608976,46.3290452197706,58.11125553667963
2,1,F4,0.38671875,46.015796872733716,46.18165467384434,59.26778926702143
2,1,F4,0.390625,45.99920172529532,46.458032486459985,60.41901394225963
2,1,F4,0.39453125,45.91682606185576,46.891991788953035,61.56492015144535
2,1,F4,0.3984375,45.715923142697605,47.445583521308095,62.70550029410195
2,1,F4,0.40234375,45.505317390262775,48.013850796833836,63.8407483911353
2,1,F4,0.40625,45.419789153581966,48.323833411490085,64.97065991409266
2,1,F4,0.41015625,45.40994366832349,48.53433338615885,66.09523163093232
2,1,F4,0.4140625,45.63497862574464,48.49135873514481,67.21446146666284
2,1,F4,0.41796875,45.9497369906747,48.41911924001497,68.32834837738503
2,1,F4,0.421875,46.20857665916475,48.52008499544237,69.43689223642477
2,1,F4,0.42578125,46.485717327709565,48.78476762948378,70.54009373138162
2,1,F4,0.4296875,46.60967415489549,49.42963005268137,71.63795427103977
2,1,F4,0.43359375,46.77290151130996,50.29346399219073,72.73047590119617
2,1,F4,0.4375,47.13769752874436,51.45454867818535,73.81766122855691
2,1,F4,0.44140625,47.66716137207002,52.735617987957,74.89951335193865
2,1,F4,0.4453125,48.59926817872319,53.93739792346247,75.97603580008794
2,1,F4,0.44921875,49.70118351681202,55.09691034954195,77.0472324755003
2,1,F4,0.453125,50.94339582763179,56.00117400725874,78.11310760368106
2,1,F4,0.45703125,52.18945521100681,56.80360920208904,79.17366568734495
2,1,F4,0.4609375,53.154216581453625,57.61450168314451,80.2289114651002
2,1,F4,0.46484375,53.96959004407391,58.42477064006956,81.2788498742065
2,1,F4,0.46875,54.449322413083195,59.25399250000263,82.32348601703549
2,1,F4,0.47265625,54.79853964489679,60.13392311719691,83.36282513089799
2,1,F4,0.4765625,55.22290542456534,61.08033217499656,84.39687256093305
2,1,F4,0.48046875,55.67835058418211,62.12506562442264,85.4256337357835
2,1,F4,0.484375,56.292612575667526,63.3363886163294,86.44911414580731
2,1,F4,0.48828125,57.001292067335726,64.66882520695468,87.46731932359774
2,1,F4,0.4921875,57.71302832321277,66.22952031589759,88.48025482660597
2,1,F4,0.49609375,58.51434921923585,67.92580647505102,89.48792622167893
2,1,F4,0.5,59.39119556562626,69.51480371344405,90.49033907134125
2,1,F4,0.50390625,60.412957720277674,71.18942226440333,91.48749892166677
2,1,F4,0.5078125,61.717845835509735,72.97338939761238,92.47941129159815
2,1,F4,0.51171875,63.24966841897877,74.96468789288014,93.46608166358575
2,1,F4,0.515625,65.02569989680313,77.34615905660849,94.44751547542879
2,1,F4,0.51953125,67.03032057382323,80.03739049461525,95.42371811321149
2,1,F4,0.5234375,69.2260565060057,83.21929726051124,96.39469490523732
2,1,F4,0.52734375,71.63921061194365,86.69437008691574,97.3604511168713
2,1,F4,0.53125,74.27881872890816,90.32832160807641,98.3209919462101
2,1,F4,0.53515625,77.14475125256791,94.0782141725112,99.27632252050492
2,1,F4,0.5390625,80.27368661820192,97.85329785691992,100.22644789326964
2,1,F4,0.54296875,83.61614447416204,101.64714911068303,101.1713730420121
2,1,F4,0.546875,87.21019835897391,105.27397399281728,102.11110286653184
2,1,F4,0.55078125,90.9484176279921,108.86439496995665,103.04564218773218
2,1,F4,0.5546875,94.82195213343846,112.4833656656797,103.97499574689955
2,1,F4,0.55859375,98.7328329985406,116.11942161608533,104.899168205406
2,1,F4,0.5625,102.48004734939597,119.90990536355199,105.81816414479567
2,1,F4,0.56640625,106.14692372253162,123.72146949844567,106.73198806721848
2,1,F4,0.5703125,109.65212344922008,127.5263931269437,107.64064439617752
2,1,F4,0.57421875,113.05823980450458,131.26691943881968,108.54413747756
2,1,F4,0.578125,116.52454629469366,134.7573652135799,109.44247158092311
2,1,F4,0.58203125,119.93045074534382,138.09316575656962,110.33565090100971
2,1,F4,0.5859375,123.22549245774266,141.29145908899878,111.2236795594697
2,1,F4,0.58984375,126.39909938859536,144.37820384541408,112.10656160676623
2,1,F4,0.59375,129.3284899688296,147.34402334467845,112.98430102424626
2,1,F4,0.59765625,132.08019915757694,150.2527287875141,113.85690172635763
2,1,F4,0.6015625,134.7478032985903,153.12584870631204,114.7243675629962
2,1,F4,0.60546875,137.26075092398688,156.00606442684042,115.58670232196748
2,1,F4,0.609375,139.5946044953521,159.0298738649499,116.44390973154891
2,1,F4,0.61328125,141.7608029358633,162.08761495675878,117.29599346314035
2,1,F4,0.6171875,143.60786053706647,165.3047385499255,118.14295713399035
2,1,F4,0.62109375,145.29132043824544,168.50518049580037,118.98480430998805
2,1,F4,0.625,146.91664910021186,171.42062816990244,119.8215385085106
2,1,F4,0.62890625,148.48792304055502,174.1634645868729,120.65316320131728
2,1,F4,0.6328125,150.15744725998394,176.66609947827595,121.47968181748175
2,1,F4,0.63671875,151.82511339030148,179.01733390145995,122.30109774635523
2,1,F4,0.640625,153.47980941091842,181.251260719398,123.1174143405535
2,1,F4,0.64453125,155.11433948116985,183.39988299937747,123.9286349189615
2,1,F4,0.6484375,156.54263360848537,185.60088306749122,124.73476276974966
2,1,F4,0.65234375,157.91598533459165,187.75516595892805,125.53580115339699
2,1,F4,0.65625,159.3991373680853,189.9115388037597,126.33175330571548
2,1,F4,0.66015625,160.9103233380424,191.95701967594533,127.1226224408722
2,1,F4,0.6640625,162.54287425946816,193.79078219962503,127.9084117544048
2,1,F4,0.66796875,164.17102205361272,195.40782305318967,128.68912442622616
2,1,F4,0.671875,165.72492907416864,196.65963284226257,129.4647636236163
2,1,F4,0.67578125,167.15281597104695,197.6542250385314,130.23533250419712
2,1,F4,0.6796875,168.36417674092016,198.36558895021247,131.00083421888763
2,1,F4,0.68359375,169.3528110396598,198.87351992148012,131.76127191483812
2,1,F4,0.6875,169.95090816548384,199.327299500376,132.51664873833954
2,1,F4,0.69140625,170.30872475203262,199.66267533543413,133.26696783770757
2,1,F4,0.6953125,170.410065356623,199.9146522579176,134.01223236613788
2,1,F4,0.69921875,170.3826867408324,200.06736547100823,134.75244548453293
2,1,F4,0.703125,170.3867830684264,199.98816406903342,135.4876103642971
2,1,F4,0.70703125,170.41495810667337,199.84223093118243,136.21773019009967
2,1,F4,0.7109375,170.6157861505758,199.5975080898956,136.94280816260454
2,1,F4,0.71484375,170.8858467710668,199.41780190743597,137.66284750116523
2,1,F4,0.71875,171.29883904235257,199.58023363346783,138.3778514464845
2,1,F4,0.72265625,171.71279656797455,199.95822192192765,139.08782326323802
2,1,F4,0.7265625,172.02234559292955,200.77584266094985,139.7927662426605
2,1,F4,0.73046875,172.23429358677447,201.73737946038077,140.49268370509478
2,1,F4,0.734375,172.05943007977157,202.73940568624,141.18757900250262
2,1,F4,0.73828125,171.7619100649268,203.58583117247022,141.8774555209369
2,1,F4,0.7421875,171.4240531603162,204.07798101826947,142.5623166829746
2,1,F4,0.74609375,171.15059612347716,204.22772676850346,143.24216595011129
2,1,F4,0.75,171.18967245295326,203.5597616748789,143.9170068251149
2,1,F4,0.75390625,171.46283734268036,202.47785464406633,144.58684285434077
2,1,F4,0.7578125,172.0562051236949,201.16449372641014,145.2516776300061
2,1,F4,0.76171875,172.86219797376526,199.72906419191446,145.91151479242473
2,1,F4,0.765625,173.99529024091402,198.41266478624303,146.5663580322013
2,1,F4,0.76953125,175.2200028493078,197.17992405592997,147.2162110923859
2,1,F4,0.7734375,176.40876784859387,196.19699577526927,147.86107777058794
2,1,F4,0.77734375,177.50838506725177,195.35310083517948,148.5009619210499
2,1,F4,0.78125,178.0658484845024,194.6935423901872,149.13586745668147
2,1,F4,0.78515625,178.40382850210761,194.13427691572934,149.76579835105284
2,1,F4,0.7890625,178.65655681752816,193.48596209397854,150.39075864034865
2,1,F4,0.79296875,178.83034906101042,192.88920006622106,151.01075242528188
2,1,F4,0.796875,179.2683684144924,192.233396425028,151.62578387296776
2,1,F4,0.80078125,179.75365798796412,191.69748418345173,152.2358572187585
