task,direction,source,time_s,value
1,-1,L,-0.19921875,0.0
1,-1,L,-0.1953125,0.0
1,-1,L,-0.19140625,0.0
1,-1,L,-0.1875,0.0
1,-1,L,-0.18359375,0.0
1,-1,L,-0.1796875,0.0
1,-1,L,-0.17578125,0.0
1,-1,L,-0.171875,0.0
1,-1,L,-0.16796875,0.0
1,-1,L,-0.1640625,0.0
1,-1,L,-0.16015625,0.0
1,-1,L,-0.15625,0.0
1,-1,L,-0.15234375,0.0
1,-1,L,-0.1484375,0.0
1,-1,L,-0.14453125,0.0
1,-1,L,-0.140625,0.0
1,-1,L,-0.13671875,0.0
1,-1,L,-0.1328125,0.0
1,-1,L,-0.12890625,0.0
1,-1,L,-0.125,0.0
1,-1,L,-0.12109375,0.0
1,-1,L,-0.1171875,0.0
1,-1,L,-0.11328125,0.0
1,-1,L,-0.109375,0.0
1,-1,L,-0.10546875,0.0
1,-1,L,-0.1015625,0.0
1,-1,L,-0.09765625,0.0
1,-1,L,-0.09375,0.0
1,-1,L,-0.08984375,0.0
1,-1,L,-0.0859375,0.0
1,-1,L,-0.08203125,0.0
1,-1,L,-0.078125,0.0
1,-1,L,-0.07421875,0.0
1,-1,L,-0.0703125,0.0
1,-1,L,-0.06640625,0.0
1,-1,L,-0.0625,0.0
1,-1,L,-0.05859375,0.0
1,-1,L,-0.0546875,0.0
1,-1,L,-0.05078125,0.0
1,-1,L,-0.046875,0.0
1,-1,L,-0.04296875,0.0
1,-1,L,-0.0390625,0.0
1,-1,L,-0.03515625,0.0
1,-1,L,-0.03125,0.0
1,-1,L,-0.02734375,0.0
1,-1,L,-0.0234375,0.0
1,-1,L,-0.01953125,0.0
1,-1,L,-0.015625,0.0
1,-1,L,-0.01171875,0.0
1,-1,L,-0.0078125,0.0
1,-1,L,-0.00390625,0.0
1,-1,L,0.0,0.0
1,-1,L,0.00390625,6.272550002596975e-05
1,-1,L,0.0078125,0.0002468315608404371
1,-1,L,0.01171875,0.0005466212462913983
1,-1,L,0.015625,0.0009565720322069032
1,-1,L,0.01953125,0.0014713360478939737
1,-1,L,0.0234375,0.002085739496122053
1,-1,L,0.02734375,0.002794781364440013
1,-1,L,0.03125,0.003593631530298561
1,-1,L,0.03515625,0.004477628352524462
1,-1,L,0.0390625,0.005442282745065689
1,-1,L,0.04296875,0.006483270271025171
1,-1,L,0.046875,0.007596424917040432
1,-1,L,0.05078125,0.008777735395929133
1,-1,L,0.0546875,0.010023341270269746
1,-1,L,0.05859375,0.011329528941994535
1,-1,L,0.0625,0.012692727547369125
1,-1,L,0.06640625,0.014109504791578227
1,-1,L,0.0703125,0.015576562752497688
1,-1,L,0.07421875,0.017090733679074224
1,-1,L,0.078125,0.018648975806020127
1,-1,L,0.08203125,0.020248369203225557
1,-1,L,0.0859375,0.021886111675360663
1,-1,L,0.08984375,0.02355951472455049
1,-1,L,0.09375,0.025265999586725242
1,-1,L,0.09765625,0.027003093350247222
1,-1,L,0.1015625,0.02876842516366554
1,-1,L,0.10546875,0.03055972253792446
1,-1,L,0.109375,0.03237480774702723
1,-1,L,0.11328125,0.03421159433001248
1,-1,L,0.1171875,0.036068083696114715
1,-1,L,0.12109375,0.037942361834136205
1,-1,L,0.125,0.03983259612633798
1,-1,L,0.12890625,0.04173703226654811
1,-1,L,0.1328125,0.043653991281672744
1,-1,L,0.13671875,0.0455818666553674
1,-1,L,0.140625,0.047519121552272385
1,-1,L,0.14453125,0.049464286140927384
1,-1,L,0.1484375,0.0514159550132476
1,-1,L,0.15234375,0.053372784698260345
1,-1,L,0.15625,0.055333491267659594
1,-1,L,0.16015625,0.05729684803063099
1,-1,L,0.1640625,0.059261683315326295
1,-1,L,0.16796875,0.06122687833431939
1,-1,L,0.171875,0.06319136513135157
1,-1,L,0.17578125,0.06515412460666933
1,-1,L,0.1796875,0.06711418461826896
1,-1,L,0.18359375,0.06907061815638708
1,-1,L,0.1875,0.07102254158861264
1,-1,L,0.19140625,0.07296911297304062
1,-1,L,0.1953125,0.07490953043694107
1,-1,L,0.19921875,0.07684303061847494
1,-1,L,0.203125,0.07876888716905207
1,-1,L,0.20703125,0.08068640931399278
1,-1,L,0.2109375,0.08259494046922417
1,-1,L,0.21484375,0.0844938569118128
1,-1,L,0.21875,0.08638256650220735
1,-1,L,0.22265625,0.08826050745613725
1,-1,L,0.2265625,0.09012714716418518
1,-1,L,0.23046875,0.09198198105712317
1,-1,L,0.234375,0.09382453151517266
1,-1,L,0.23828125,0.09565434681941858
1,-1,L,0.2421875,0.09747100014367563
1,-1,L,0.24609375,0.09927408858517174
1,-1,L,0.25,0.10106323223247848
1,-1,L,0.25390625,0.10283807326918147
1,-1,L,0.2578125,0.1045982751118451
1,-1,L,0.26171875,0.10634352158088493
1,-1,L,0.265625,0.10807351610301891
1,-1,L,0.26953125,0.10978798094402321
1,-1,L,0.2734375,0.1114866564705725
1,-1,L,0.27734375,0.1131693004399952
1,-1,L,0.28125,0.1148356873168239
1,-1,L,0.28515625,0.11648560761506874
1,-1,L,0.2890625,0.1181188672651863
1,-1,L,0.29296875,0.11973528700476134
1,-1,L,0.296875,0.12133470179195943
1,-1,L,0.30078125,0.1229169602408496
1,-1,L,0.3046875,0.12448192407773366
1,-1,L,0.30859375,0.12602946761765643
1,-1,L,0.3125,0.1275594772603055
1,-1,L,0.31640625,0.12907185100454333
1,-1,L,0.3203125,0.13056649798084632
1,-1,L,0.32421875,0.13204333800095658
1,-1,L,0.328125,0.1335023011240808
1,-1,L,0.33203125,0.13494332723899954
1,-1,L,0.3359375,0.13636636566147653
1,-1,L,0.33984375,0.137771374746383
1,-1,L,0.34375,0.13915832151397733
1,-1,L,0.34765625,0.14052718128980254
1,-1,L,0.3515625,0.1418779373576876
1,-1,L,0.35546875,0.14321058062535882
1,-1,L,0.359375,0.14452510930218856
1,-1,L,0.36328125,0.14582152858862782
1,-1,L,0.3671875,0.1470998503768876
1,-1,L,0.37109375,0.14836009296245184
1,-1,L,0.375,0.14960228076602144
1,-1,L,0.37890625,0.15082644406550566
1,-1,L,0.3828125,0.15203261873769167
1,-1,L,0.38671875,0.15322084600923855
1,-1,L,0.390625,0.154391172216656
1,-1,L,0.39453125,0.15554364857494102
1,-1,L,0.3984375,0.15667833095455957
1,-1,L,0.40234375,0.1577952796664717
1,-1,L,0.40625,0.1588945592549108
1,-1,L,0.41015625,0.15997623829763905
1,-1,L,0.4140625,0.16104038921341157
1,-1,L,0.41796875,0.1620870880763923
1,-1,L,0.421875,0.16311641443727443
1,-1,L,0.42578125,0.16412845115086766
1,-1,L,0.4296875,0.16512328420992375
1,-1,L,0.43359375,0.16610100258498003
1,-1,L,0.4375,0.16706169807000956
1,-1,L,0.44140625,0.16800546513367376
1,-1,L,0.4453125,0.16893240077598162
1,-1,L,0.44921875,0.1698426043901665
1,-1,L,0.453125,0.17073617762959847
1,-1,L,0.45703125,0.17161322427955744
1,-1,L,0.4609375,0.17247385013369776
1,-1,L,0.46484375,0.17331816287504206
1,-1,L,0.46875,0.1741462719613476
1,-1,L,0.47265625,0.17495828851469405
1,-1,L,0.4765625,0.17575432521514708
1,-1,L,0.48046875,0.17653449619835768
1,-1,L,0.484375,0.17729891695696154
1,-1,L,0.48828125,0.17804770424564847
1,-1,L,0.4921875,0.17878097598977558
1,-1,L,0.49609375,0.17949885119740303
1,-1,L,0.5,0.18020144987463535
1,-1,L,0.50390625,0.18088889294415517
1,-1,L,0.5078125,0.18156130216684033
1,-1,L,0.51171875,0.18221880006635927
1,-1,L,0.515625,0.18286150985664307
1,-1,L,0.51953125,0.1834895553721361
1,-1,L,0.5234375,0.18410306100073057
1,-1,L,0.52734375,0.18470215161929374
1,-1,L,0.53125,0.1852869525316994
1,-1,L,0.53515625,0.18585758940927855
1,-1,L,0.5390625,0.18641418823360673
1,-1,L,0.54296875,0.18695687524154894
1,-1,L,0.546875,0.18748577687248483
1,-1,L,0.55078125,0.18800101971764033
1,-1,L,0.5546875,0.18850273047145394
1,-1,L,0.55859375,0.18899103588490848
1,-1,L,0.5625,0.18946606272076125
1,-1,L,0.56640625,0.18992793771060806
1,-1,L,0.5703125,0.19037678751371864
1,-1,L,0.57421875,0.19081273867758286
1,-1,L,0.578125,0.19123591760010958
1,-1,L,0.58203125,0.19164645049342158
1,-1,L,0.5859375,0.19204446334919203
1,-1,L,0.58984375,0.19243008190546984
1,-1,L,0.59375,0.19280343161494268
1,-1,L,0.59765625,0.1931646376145888
1,-1,L,0.6015625,0.19351382469666942
1,-1,L,0.60546875,0.19385111728101617
1,-1,L,0.609375,0.19417663938856858
1,-1,L,0.61328125,0.19449051461611877
1,-1,L,0.6171875,0.19479286611222163
1,-1,L,0.62109375,0.19508381655423015
1,-1,L,0.625,0.19536348812641696
1,-1,L,0.62890625,0.19563200249914434
1,-1,L,0.6328125,0.1958894808090463
1,-1,L,0.63671875,0.1961360436401876
1,-1,L,0.640625,0.1963718110061653
1,-1,L,0.64453125,0.19659690233312008
1,-1,L,0.6484375,0.19681143644362556
1,-1,L,0.65234375,0.19701553154142437
1,-1,L,0.65625,0.19720930519698157
1,-1,L,0.66015625,0.19739287433382624
1,-1,L,0.6640625,0.1975663552156534
1,-1,L,0.66796875,0.19772986343415952
1,-1,L,0.671875,0.19788351389758485
1,-1,L,0.67578125,0.19802742081993818
1,-1,L,0.6796875,0.19816169771087883
1,-1,L,0.68359375,0.1982864573662326
1,-1,L,0.6875,0.19840181185911887
1,-1,L,0.69140625,0.19850787253166643
1,-1,L,0.6953125,0.19860474998729688
1,-1,L,0.69921875,0.19869255408355496
1,-1,L,0.703125,0.19877139392546558
1,-1,L,0.70703125,0.19884137785939832
1,-1,L,0.7109375,0.1989026134674206
1,-1,L,0.71484375,0.1989552075621217
1,-1,L,0.71875,0.1989992661818896
1,-1,L,0.72265625,0.19903489458662404
1,-1,L,0.7265625,0.1990621972538696
1,-1,L,0.73046875,0.19908127787535235
1,-1,L,0.734375,0.19909223935390544
1,-1,L,0.73828125,0.19909518380076827
1,-1,L,0.7421875,0.19909021253324521
1,-1,L,0.74609375,0.19907742607270992
1,-1,L,0.75,0.1990569241429419
1,-1,L,0.75390625,0.1990288056687822
1,-1,L,0.7578125,0.19899316877509599
1,-1,L,0.76171875,0.1989501107860297
1,-1,L,0.765625,0.198899728224551
1,-1,L,0.76953125,0.19884211681226044
1,-1,L,0.7734375,0.1987773714694637
1,-1,L,0.77734375,0.1987055863154939
1,-1,L,0.78125,0.19862685466927377
1,-1,L,0.78515625,0.1985412690501077
1,-1,L,0.7890625,0.19844892117869425
1,-1,L,0.79296875,0.19834990197834987
1,-1,L,0.796875,0.1982443015764346
1,-1,L,0.80078125,0.19813220930597178
1,-1,R,-0.19921875,0.0
1,-1,R,-0.1953125,0.0
1,-1,R,-0.19140625,0.0
1,-1,R,-0.1875,0.0
1,-1,R,-0.18359375,0.0
1,-1,R,-0.1796875,0.0
1,-1,R,-0.17578125,0.0
1,-1,R,-0.171875,0.0
1,-1,R,-0.16796875,0.0
1,-1,R,-0.1640625,0.0
1,-1,R,-0.16015625,0.0
1,-1,R,-0.15625,0.0
1,-1,R,-0.15234375,0.0
1,-1,R,-0.1484375,0.0
1,-1,R,-0.14453125,0.0
1,-1,R,-0.140625,0.0
1,-1,R,-0.13671875,0.0
1,-1,R,-0.1328125,0.0
1,-1,R,-0.12890625,0.0
1,-1,R,-0.125,0.0
1,-1,R,-0.12109375,0.0
1,-1,R,-0.1171875,0.0
1,-1,R,-0.11328125,0.0
1,-1,R,-0.109375,0.0
1,-1,R,-0.10546875,0.0
1,-1,R,-0.1015625,0.0
1,-1,R,-0.09765625,0.0
1,-1,R,-0.09375,0.0
1,-1,R,-0.08984375,0.0
1,-1,R,-0.0859375,0.0
1,-1,R,-0.08203125,0.0
1,-1,R,-0.078125,0.0
1,-1,R,-0.07421875,0.0
1,-1,R,-0.0703125,0.0
1,-1,R,-0.06640625,0.0
1,-1,R,-0.0625,0.0
1,-1,R,-0.05859375,0.0
1,-1,R,-0.0546875,0.0
1,-1,R,-0.05078125,0.0
1,-1,R,-0.046875,0.0
1,-1,R,-0.04296875,0.0
1,-1,R,-0.0390625,0.0
1,-1,R,-0.03515625,0.0
1,-1,R,-0.03125,0.0
1,-1,R,-0.02734375,0.0
1,-1,R,-0.0234375,0.0
1,-1,R,-0.01953125,0.0
1,-1,R,-0.015625,0.0
1,-1,R,-0.01171875,0.0
1,-1,R,-0.0078125,0.0
1,-1,R,-0.00390625,0.0
1,-1,R,0.0,0.0
1,-1,R,0.00390625,3.826783754333542e-05
1,-1,R,0.0078125,0.0001505955782805782
1,-1,R,0.01171875,0.0003335282012499732
1,-1,R,0.015625,0.0005837270965724692
1,-1,R,0.01953125,0.000897967570215534
1,-1,R,0.0234375,0.0012731362444862245
1,-1,R,0.02734375,0.001706228378438926
1,-1,R,0.03125,0.0021943451295862604
1,-1,R,0.03515625,0.002734690775752486
1,-1,R,0.0390625,0.0033245768734434947
1,-1,R,0.04296875,0.0039614147326046695
1,-1,R,0.046875,0.004642709857181233
1,-1,R,0.05078125,0.005366059171359129
1,-1,R,0.0546875,0.0061291482694192335
1,-1,R,0.05859375,0.006929748697055026
1,-1,R,0.0625,0.007765715270797448
1,-1,R,0.06640625,0.008634983441116326
1,-1,R,0.0703125,0.009535566703813744
1,-1,R,0.07421875,0.010465554063479772
1,-1,R,0.078125,0.011423107552034796
1,-1,R,0.08203125,0.01240645980472556
1,-1,R,0.0859375,0.013413911695365282
1,-1,R,0.08984375,0.014443830032103512
1,-1,R,0.09375,0.015494645314571426
1,-1,R,0.09765625,0.016564849552866127
1,-1,R,0.1015625,0.017652994148507167
1,-1,R,0.10546875,0.01875768783721408
1,-1,R,0.109375,0.019877594693110505
1,-1,R,0.11328125,0.021011432193753326
1,-1,R,0.1171875,0.0221579693452107
1,-1,R,0.12109375,0.02331602486626646
1,-1,R,0.125,0.02448446543070736
1,-1,R,0.12890625,0.025662203966550612
1,-1,R,0.1328125,0.02684819801098962
1,-1,R,0.13671875,0.028041448119773323
1,-1,R,0.140625,0.029240996329686825
1,-1,R,0.14453125,0.03044592467276633
1,-1,R,0.1484375,0.03165535374085789
1,-1,R,0.15234375,0.03286844129911568
1,-1,R,0.15625,0.03408438094703015
1,-1,R,0.16015625,0.03530240082557821
1,-1,R,0.1640625,0.036521762369095295
1,-1,R,0.16796875,0.03774175910048263
1,-1,R,0.171875,0.03896171546837996
1,-1,R,0.17578125,0.04018098572495555
1,-1,R,0.1796875,0.04139895284298897
1,-1,R,0.18359375,0.042615027470949016
1,-1,R,0.1875,0.04382864692479732
1,-1,R,0.19140625,0.045039274215278494
1,-1,R,0.1953125,0.04624639710948858
1,-1,R,0.19921875,0.047449527225545796
1,-1,R,0.203125,0.04864819915922003
1,-1,R,0.20703125,0.049841969641410515
1,-1,R,0.2109375,0.051030416725394094
1,-1,R,0.21484375,0.0522131390027995
1,-1,R,0.21875,0.05338975484729583
1,-1,R,0.22265625,0.05455990168501574
1,-1,R,0.2265625,0.05572323529076611
1,-1,R,0.23046875,0.056879429109110084
1,-1,R,0.234375,0.05802817359943561
1,-1,R,0.23828125,0.05916917560415549
1,-1,R,0.2421875,0.060302157739213824
1,-1,R,0.24609375,0.06142685780610223
1,-1,R,0.25,0.06254302822461737
1,-1,R,0.25390625,0.06365043548561869
1,-1,R,0.2578125,0.06474885962307148
1,-1,R,0.26171875,0.06583809370468617
1,-1,R,0.265625,0.06691794334048982
1,-1,R,0.26953125,0.06798822620868936
1,-1,R,0.2734375,0.06904877159820988
1,-1,R,0.27734375,0.0700994199673136
1,-1,R,0.28125,0.0711400225177267
1,-1,R,0.28515625,0.07217044078372255
1,-1,R,0.2890625,0.0731905462356296
1,-1,R,0.29296875,0.07420021989725237
1,-1,R,0.296875,0.07519935197671213
1,-1,R,0.30078125,0.07618784151023233
1,-1,R,0.3046875,0.07716559601841141
1,-1,R,0.30859375,0.07813253117454204
1,-1,R,0.3125,0.07908857048455245
1,-1,R,0.31640625,0.08003364497816084
1,-1,R,0.3203125,0.08096769291084895
1,-1,R,0.32421875,0.08189065947627513
1,-1,R,0.328125,0.08280249652876163
1,-1,R,0.33203125,0.0837031623155034
1,-1,R,0.3359375,0.08459262121815932
1,-1,R,0.33984375,0.08547084350349868
1,-1,R,0.34375,0.08633780508278768
1,-1,R,0.34765625,0.08719348727961235
1,-1,R,0.3515625,0.08803787660584496
1,-1,R,0.35546875,0.08887096454547201
1,-1,R,0.359375,0.08969274734601154
1,-1,R,0.36328125,0.09050322581725773
1,-1,R,0.3671875,0.09130240513709997
1,-1,R,0.37109375,0.09209029466417268
1,-1,R,0.375,0.09286690775710064
1,-1,R,0.37890625,0.0936322616001136
1,-1,R,0.3828125,0.09438637703481113
1,-1,R,0.38671875,0.09512927839786718
1,-1,R,0.390625,0.09586099336447086
1,-1,R,0.39453125,0.0965815527973073
1,-1,R,0.3984375,0.09729099060088924
1,-1,R,0.40234375,0.09798934358105676
1,-1,R,0.40625,0.09867665130946913
1,-1,R,0.41015625,0.09935295599291828
1,-1,R,0.4140625,0.10001830234730025
1,-1,R,0.41796875,0.10067273747608595
1,-1,R,0.421875,0.10131631075313842
1,-1,R,0.42578125,0.101949073709729
1,-1,R,0.4296875,0.10257107992560988
1,-1,R,0.43359375,0.10318238492400551
1,-1,R,0.4375,0.10378304607039014
1,-1,R,0.44140625,0.10437312247492297
1,-1,R,0.4453125,0.10495267489841738
1,-1,R,0.44921875,0.10552176566172435
1,-1,R,0.453125,0.10608045855841479
1,-1,R,0.45703125,0.10662881877064904
1,-1,R,0.4609375,0.10716691278812578
1,-1,R,0.46484375,0.10769480833000626
1,-1,R,0.46875,0.10821257426971342
1,-1,R,0.47265625,0.10872028056250839
1,-1,R,0.4765625,0.10921799817575081
1,-1,R,0.48046875,0.10970579902175215
1,-1,R,0.484375,0.11018375589313424
1,-1,R,0.48828125,0.11065194240060862
1,-1,R,0.4921875,0.1111104329130945
1,-1,R,0.49609375,0.11155930250009652
1,-1,R,0.5,0.11199862687626572
1,-1,R,0.50390625,0.1124284823480698
1,-1,R,0.5078125,0.11284894576250144
1,-1,R,0.51171875,0.1132600944577554
1,-1,R,0.515625,0.11366200621580781
1,-1,R,0.51953125,0.11405475921683332
1,-1,R,0.5234375,0.11443843199539731
1,-1,R,0.52734375,0.11481310339836341
1,-1,R,0.53125,0.1151788525444576
1,-1,R,0.53515625,0.11553575878543296
1,-1,R,0.5390625,0.11588390166878021
1,-1,R,0.54296875,0.11622336090193178
1,-1,R,0.546875,0.11655421631790809
1,-1,R,0.55078125,0.11687654784235722
1,-1,R,0.5546875,0.11719043546194004
1,-1,R,0.55859375,0.11749595919401488
1,-1,R,0.5625,0.11779319905757746
1,-1,R,0.56640625,0.1180822350454126
1,-1,R,0.5703125,0.1183631470974166
1,-1,R,0.57421875,0.11863601507504964
1,-1,R,0.578125,0.11890091873687954
1,-1,R,0.58203125,0.11915793771517914
1,-1,R,0.5859375,0.11940715149354106
1,-1,R,0.58984375,0.11964863938547439
1,-1,R,0.59375,0.11988248051394962
1,-1,R,0.59765625,0.12010875379185862
1,-1,R,0.6015625,0.12032753790335803
1,-1,R,0.60546875,0.12053891128606523
1,-1,R,0.609375,0.12074295211407711
1,-1,R,0.61328125,0.12093973828178295
1,-1,R,0.6171875,0.12112934738844347
1,-1,R,0.62109375,0.12131185672350926
1,-1,R,0.625,0.12148734325265245
1,-1,R,0.62890625,0.12165588360448656
1,-1,R,0.6328125,0.12181755405795015
1,-1,R,0.63671875,0.12197243053033069
1,-1,R,0.640625,0.12212058856590602
1,-1,R,0.64453125,0.12226210332518124
1,-1,R,0.6484375,0.1223970495746999
1,-1,R,0.65234375,0.12252550167740883
1,-1,R,0.65625,0.12264753358355665
1,-1,R,0.66015625,0.12276321882210692
1,-1,R,0.6640625,0.12287263049264714
1,-1,R,0.66796875,0.12297584125777569
1,-1,R,0.671875,0.12307292333594928
1,-1,R,0.67578125,0.12316394849477422
1,-1,R,0.6796875,0.123248988044725
1,-1,R,0.68359375,0.1233281128332748
1,-1,R,0.6875,0.12340139323942236
1,-1,R,0.69140625,0.12346889916860082
1,-1,R,0.6953125,0.12353070004795422
1,-1,R,0.69921875,0.12358686482196782
1,-1,R,0.703125,0.12363746194843914
1,-1,R,0.70703125,0.12368255939477678
1,-1,R,0.7109375,0.12372222463461462
1,-1,R,0.71484375,0.12375652464472946
1,-1,R,0.71875,0.12378552590225049
1,-1,R,0.72265625,0.12380929438214934
1,-1,R,0.7265625,0.12382789555499993
1,-1,R,0.73046875,0.12384139438499764
1,-1,R,0.734375,0.12384985532822772
1,-1,R,0.73828125,0.12385334233117307
1,-1,R,0.7421875,0.12385191882945207
1,-1,R,0.74609375,0.12384564774677725
1,-1,R,0.75,0.12383459149412601
1,-1,R,0.75390625,0.1238188119691148
1,-1,R,0.7578125,0.12379837055556868
1,-1,R,0.76171875,0.12377332812327815
1,-1,R,0.765625,0.12374374502793567
1,-1,R,0.76953125,0.12370968111124432
1,-1,R,0.7734375,0.12367119570119162
1,-1,R,0.77734375,0.12362834761248138
1,-1,R,0.78125,0.12358119514711707
1,-1,R,0.78515625,0.12352979609513005
1,-1,R,0.7890625,0.12347420773544664
1,-1,R,0.79296875,0.1234144868368878
1,-1,R,0.796875,0.12335068965929583
1,-1,R,0.80078125,0.12328287195478213
1,-1,C,-0.19921875,0.0
1,-1,C,-0.1953125,0.0
1,-1,C,-0.19140625,0.0
1,-1,C,-0.1875,0.0
1,-1,C,-0.18359375,0.0
1,-1,C,-0.1796875,0.0
1,-1,C,-0.17578125,0.0
1,-1,C,-0.171875,0.0
1,-1,C,-0.16796875,0.0
1,-1,C,-0.1640625,0.0
1,-1,C,-0.16015625,0.0
1,-1,C,-0.15625,0.0
1,-1,C,-0.15234375,0.0
1,-1,C,-0.1484375,0.0
1,-1,C,-0.14453125,0.0
1,-1,C,-0.140625,0.0
1,-1,C,-0.13671875,0.0
1,-1,C,-0.1328125,0.0
1,-1,C,-0.12890625,0.0
1,-1,C,-0.125,0.0
1,-1,C,-0.12109375,0.0
1,-1,C,-0.1171875,0.0
1,-1,C,-0.11328125,0.0
1,-1,C,-0.109375,0.0
1,-1,C,-0.10546875,0.0
1,-1,C,-0.1015625,0.0
1,-1,C,-0.09765625,0.0
1,-1,C,-0.09375,0.0
1,-1,C,-0.08984375,0.0
1,-1,C,-0.0859375,0.0
1,-1,C,-0.08203125,0.0
1,-1,C,-0.078125,0.0
1,-1,C,-0.07421875,0.0
1,-1,C,-0.0703125,0.0
1,-1,C,-0.06640625,0.0
1,-1,C,-0.0625,0.0
1,-1,C,-0.05859375,0.0
1,-1,C,-0.0546875,0.0
1,-1,C,-0.05078125,0.0
1,-1,C,-0.046875,0.0
1,-1,C,-0.04296875,0.0
1,-1,C,-0.0390625,0.0
1,-1,C,-0.03515625,0.0
1,-1,C,-0.03125,0.0
1,-1,C,-0.02734375,0.0
1,-1,C,-0.0234375,0.0
1,-1,C,-0.01953125,0.0
1,-1,C,-0.015625,0.0
1,-1,C,-0.01171875,0.0
1,-1,C,-0.0078125,0.0
1,-1,C,-0.00390625,0.0
1,-1,C,0.0,0.0
1,-1,C,0.00390625,0.0
1,-1,C,0.0078125,6.051110943186287e-08
1,-1,C,0.01171875,2.98270764959378e-07
1,-1,C,0.015625,8.238334776030382e-07
1,-1,C,0.01953125,1.741782125102996e-06
1,-1,C,0.0234375,3.1509366255115024e-06
1,-1,C,0.02734375,5.144559452596532e-06
1,-1,C,0.03125,7.810557539221242e-06
1,-1,C,0.03515625,1.7223911010433236e-05
1,-1,C,0.0390625,3.5467900270655636e-05
1,-1,C,0.04296875,6.227338250639446e-05
1,-1,C,0.046875,9.73782427548773e-05
1,-1,C,0.05078125,0.00014052720007119634
1,-1,C,0.0546875,0.0001914716203533603
1,-1,C,0.05859375,0.00024996933542027934
1,-1,C,0.0625,0.0003157844679781615
1,-1,C,0.06640625,0.00038868726214689173
1,-1,C,0.0703125,0.00046845391925009734
1,-1,C,0.07421875,0.000554866438601168
1,-1,C,0.078125,0.0006477124630428478
1,-1,C,0.08203125,0.0007467851290204832
1,-1,C,0.0859375,0.0008518829209888967
1,-1,C,0.08984375,0.000962809529970442
1,-1,C,0.09375,0.0010793737160973377
1,-1,C,0.09765625,0.001201389174985087
1,-1,C,0.1015625,0.0013286744077959092
1,-1,C,0.10546875,0.0014610525948617842
1,-1,C,0.109375,0.00159835147274614
1,-1,C,0.11328125,0.0017404032146315336
1,-1,C,0.1171875,0.0018870443139280197
1,-1,C,0.12109375,0.0020381154710033956
1,-1,C,0.125,0.002193461482942253
1,-1,C,0.12890625,0.0023529311362458583
1,-1,C,0.1328125,0.0025163771023894053
1,-1,C,0.13671875,0.002683655836157197
1,-1,C,0.140625,0.00285462747667991
1,-1,C,0.14453125,0.0030291557511013074
1,-1,C,0.1484375,0.0032071078808046387
1,-1,C,0.15234375,0.003388354490131586
1,-1,C,0.15625,0.0035727695175289584
1,-1,C,0.16015625,0.0037602301290604935
1,-1,C,0.1640625,0.003950616634223079
1,-1,C,0.16796875,0.0041438124040085265
1,-1,C,0.171875,0.004339703791153689
1,-1,C,0.17578125,0.0045381800525232776
1,-1,C,0.1796875,0.004739133273571186
1,-1,C,0.18359375,0.0049424582948274925
1,-1,C,0.1875,0.005148052640359618
1,-1,C,0.19140625,0.005355816448157338
1,-1,C,0.1953125,0.0055656524023925315
1,-1,C,0.19921875,0.005777465667505673
1,-1,C,0.203125,0.005991163824072159
1,-1,C,0.20703125,0.006206656806402634
1,-1,C,0.2109375,0.006423856841832465
1,-1,C,0.21484375,0.006642678391656546
1,-1,C,0.21875,0.006863038093666563
1,-1,C,0.22265625,0.007084854706248807
1,-1,C,0.2265625,0.007308049054001536
1,-1,C,0.23046875,0.007532543974831833
1,-1,C,0.234375,0.007758264268492758
1,-1,C,0.23828125,0.007985136646522516
1,-1,C,0.2421875,0.008213089683548197
1,-1,C,0.24609375,0.008442053769917511
1,-1,C,0.25,0.008671961065622784
1,-1,C,0.25390625,0.008902745455482298
1,-1,C,0.2578125,0.009134342505544884
1,-1,C,0.26171875,0.009366689420684469
1,-1,C,0.265625,0.00959972500335208
1,-1,C,0.26953125,0.009833389613453576
1,-1,C,0.2734375,0.010067625129322154
1,-1,C,0.27734375,0.010302374909755435
1,-1,C,0.28125,0.010537583757087658
1,-1,C,0.28515625,0.010773197881268255
1,-1,C,0.2890625,0.011009164864918817
1,-1,C,0.29296875,0.011245433629341125
1,-1,C,0.296875,0.01148195440144965
1,-1,C,0.30078125,0.011718678681602594
1,-1,C,0.3046875,0.011955559212306207
1,-1,C,0.30859375,0.012192549947767794
1,-1,C,0.3125,0.01242960602427344
1,-1,C,0.31640625,0.012666683731367137
1,-1,C,0.3203125,0.012903740483808603
1,-1,C,0.32421875,0.0131407347942877
1,-1,C,0.328125,0.013377626246873931
1,-1,C,0.33203125,0.013614375471180126
1,-1,C,0.3359375,0.013850944117219904
1,-1,C,0.33984375,0.014087294830939182
1,-1,C,0.34375,0.014323391230402417
1,-1,C,0.34765625,0.0145591978826149
1,-1,C,0.3515625,0.014794680280962879
1,-1,C,0.35546875,0.015029804823253817
1,-1,C,0.359375,0.015264538790339599
1,-1,C,0.36328125,0.015498850325305954
1,-1,C,0.3671875,0.01573270841321187
1,-1,C,0.37109375,0.015966082861363202
1,-1,C,0.375,0.01619894428010515
1,-1,C,0.37890625,0.01643126406411871
1,-1,C,0.3828125,0.016663014374206628
1,-1,C,0.38671875,0.0168941681195548
1,-1,C,0.390625,0.017124698940455506
1,-1,C,0.39453125,0.017354581191479156
1,-1,C,0.3984375,0.01758378992508176
1,-1,C,0.40234375,0.01781230087563558
1,-1,C,0.40625,0.01804009044387084
1,-1,C,0.41015625,0.01826713568171675
1,-1,C,0.4140625,0.01849341427753036
1,-1,C,0.41796875,0.018718904541702226
1,-1,C,0.421875,0.018943585392628044
1,-1,C,0.42578125,0.01916743634303585
1,-1,C,0.4296875,0.019390437486658637
1,-1,C,0.43359375,0.01961256948524253
1,-1,C,0.4375,0.019833813555880996
1,-1,C,0.44140625,0.020054151458665785
1,-1,C,0.4453125,0.020273565484645664
1,-1,C,0.44921875,0.02049203844408416
1,-1,C,0.453125,0.020709553655007883
1,-1,C,0.45703125,0.020926094932037228
1,-1,C,0.4609375,0.02114164657549144
1,-1,C,0.46484375,0.021356193360760365
1,-1,C,0.46875,0.02156972052793536
1,-1,C,0.47265625,0.021782213771692083
1,-1,C,0.4765625,0.021993659231418137
1,-1,C,0.48046875,0.022204043481578666
1,-1,C,0.484375,0.022413353522313332
1,-1,C,0.48828125,0.02262157677025818
1,-1,C,0.4921875,0.022828701049586154
1,-1,C,0.49609375,0.023034714583260205
1,-1,C,0.5,0.02323960598449311
1,-1,C,0.50390625,0.0234433642484083
1,-1,C,0.5078125,0.02364597874389617
1,-1,C,0.51171875,0.023847439205660462
1,-1,C,0.515625,0.02404773572644959
1,-1,C,0.51953125,0.024246858749467765
1,-1,C,0.5234375,0.0244447990609611
1,-1,C,0.52734375,0.02464154778297389
1,-1,C,0.53125,0.024837096366270475
1,-1,C,0.53515625,0.025031436583418214
1,-1,C,0.5390625,0.025224560522027213
1,-1,C,0.54296875,0.025416460578142626
1,-1,C,0.546875,0.025607129449785413
1,-1,C,0.55078125,0.025796560130637605
1,-1,C,0.5546875,0.025984745903868237
1,-1,C,0.55859375,0.026171680336096202
1,-1,C,0.5625,0.026357357271486418
1,-1,C,0.56640625,0.0265417708259758
1,-1,C,0.5703125,0.026724915381625605
1,-1,C,0.57421875,0.02690678558109686
1,-1,C,0.578125,0.02708737632224568
1,-1,C,0.58203125,0.0272666827528353
1,-1,C,0.5859375,0.027444700265361884
1,-1,C,0.58984375,0.027621424491991096
1,-1,C,0.59375,0.027796851299602635
1,-1,C,0.59765625,0.027970976784939962
1,-1,C,0.6015625,0.028143797269862506
1,-1,C,0.60546875,0.02831530929669779
1,-1,C,0.609375,0.02848550962369092
1,-1,C,0.61328125,0.028654395220548967
1,-1,C,0.6171875,0.028821963264077904
1,-1,C,0.62109375,0.028988211133909758
1,-1,C,0.625,0.02915313640831771
1,-1,C,0.62890625,0.029316736860116994
1,-1,C,0.6328125,0.029479010452649487
1,-1,C,0.63671875,0.02963995533584986
1,-1,C,0.640625,0.029799569842391398
1,-1,C,0.64453125,0.029957852483909437
1,-1,C,0.6484375,0.030114801947300634
1,-1,C,0.65234375,0.03027041709109616
1,-1,C,0.65625,0.03042469694190708
1,-1,C,0.66015625,0.03057764069094019
1,-1,C,0.6640625,0.030729247690582592
1,-1,C,0.66796875,0.03087951745105343
1,-1,C,0.671875,0.03102844963712116
1,-1,C,0.67578125,0.03117604406488485
1,-1,C,0.6796875,0.03132230069861795
1,-1,C,0.68359375,0.031467219647673156
1,-1,C,0.6875,0.03161080116344689
1,-1,C,0.69140625,0.031753045636402036
1,-1,C,0.6953125,0.03189395359314764
1,-1,C,0.69921875,0.03203352569357418
1,-1,C,0.703125,0.032171762728043236
1,-1,C,0.70703125,0.03230866561463028
1,-1,C,0.7109375,0.032444235396419364
1,-1,C,0.71484375,0.03257847323884867
1,-1,C,0.71875,0.03271138042710557
1,-1,C,0.72265625,0.03284295836357036
1,-1,C,0.7265625,0.03297320856530734
1,-1,C,0.73046875,0.033102132661602404
1,-1,C,0.734375,0.033229732391545995
1,-1,C,0.73828125,0.033356009601660505
1,-1,C,0.7421875,0.03348096624357113
1,-1,C,0.74609375,0.03360460437171927
1,-1,C,0.75,0.033726926141117504
1,-1,C,0.75390625,0.033847933805145364
1,-1,C,0.7578125,0.03396762971338491
1,-1,C,0.76171875,0.034086016309495405
1,-1,C,0.765625,0.03420309612912612
1,-1,C,0.76953125,0.03431887179786664
1,-1,C,0.7734375,0.03443334602923376
1,-1,C,0.77734375,0.03454652162269425
1,-1,C,0.78125,0.03465840146172282
1,-1,C,0.78515625,0.034768988511894486
1,-1,C,0.7890625,0.034878285819010646
1,-1,C,0.79296875,0.034986296507258235
1,-1,C,0.796875,0.03509302377740125
1,-1,C,0.80078125,0.03519847090500402
1,1,L,-0.19921875,0.0
1,1,L,-0.1953125,0.0
1,1,L,-0.19140625,0.0
1,1,L,-0.1875,0.0
1,1,L,-0.18359375,0.0
1,1,L,-0.1796875,0.0
1,1,L,-0.17578125,0.0
1,1,L,-0.171875,0.0
1,1,L,-0.16796875,0.0
1,1,L,-0.1640625,0.0
1,1,L,-0.16015625,0.0
1,1,L,-0.15625,0.0
1,1,L,-0.15234375,0.0
1,1,L,-0.1484375,0.0
1,1,L,-0.14453125,0.0
1,1,L,-0.140625,0.0
1,1,L,-0.13671875,0.0
1,1,L,-0.1328125,0.0
1,1,L,-0.12890625,0.0
1,1,L,-0.125,0.0
1,1,L,-0.12109375,0.0
1,1,L,-0.1171875,0.0
1,1,L,-0.11328125,0.0
1,1,L,-0.109375,0.0
1,1,L,-0.10546875,0.0
1,1,L,-0.1015625,0.0
1,1,L,-0.09765625,0.0
1,1,L,-0.09375,0.0
1,1,L,-0.08984375,0.0
1,1,L,-0.0859375,0.0
1,1,L,-0.08203125,0.0
1,1,L,-0.078125,0.0
1,1,L,-0.07421875,0.0
1,1,L,-0.0703125,0.0
1,1,L,-0.06640625,0.0
1,1,L,-0.0625,0.0
1,1,L,-0.05859375,0.0
1,1,L,-0.0546875,0.0
1,1,L,-0.05078125,0.0
1,1,L,-0.046875,0.0
1,1,L,-0.04296875,0.0
1,1,L,-0.0390625,0.0
1,1,L,-0.03515625,0.0
1,1,L,-0.03125,0.0
1,1,L,-0.02734375,0.0
1,1,L,-0.0234375,0.0
1,1,L,-0.01953125,0.0
1,1,L,-0.015625,0.0
1,1,L,-0.01171875,0.0
1,1,L,-0.0078125,0.0
1,1,L,-0.00390625,0.0
1,1,L,0.0,0.0
1,1,L,0.00390625,3.826783754333542e-05
1,1,L,0.0078125,0.0001505955782805782
1,1,L,0.01171875,0.0003335282012499732
1,1,L,0.015625,0.0005837270965724692
1,1,L,0.01953125,0.000897967570215534
1,1,L,0.0234375,0.0012731362444862245
1,1,L,0.02734375,0.001706228378438926
1,1,L,0.03125,0.0021943451295862604
1,1,L,0.03515625,0.002734690775752486
1,1,L,0.0390625,0.0033245768734434947
1,1,L,0.04296875,0.0039614147326046695
1,1,L,0.046875,0.004642709857181233
1,1,L,0.05078125,0.005366059171359129
1,1,L,0.0546875,0.0061291482694192335
1,1,L,0.05859375,0.006929748697055026
1,1,L,0.0625,0.007765715270797448
1,1,L,0.06640625,0.008634983441116326
1,1,L,0.0703125,0.009535566703813744
1,1,L,0.07421875,0.010465554063479772
1,1,L,0.078125,0.011423107552034796
1,1,L,0.08203125,0.01240645980472556
1,1,L,0.0859375,0.013413911695365282
1,1,L,0.08984375,0.014443830032103512
1,1,L,0.09375,0.015494645314571426
1,1,L,0.09765625,0.016564849552866127
1,1,L,0.1015625,0.017652994148507167
1,1,L,0.10546875,0.01875768783721408
1,1,L,0.109375,0.019877594693110505
1,1,L,0.11328125,0.021011432193753326
1,1,L,0.1171875,0.0221579693452107
1,1,L,0.12109375,0.02331602486626646
1,1,L,0.125,0.02448446543070736
1,1,L,0.12890625,0.025662203966550612
1,1,L,0.1328125,0.02684819801098962
1,1,L,0.13671875,0.028041448119773323
1,1,L,0.140625,0.029240996329686825
1,1,L,0.14453125,0.03044592467276633
1,1,L,0.1484375,0.03165535374085789
1,1,L,0.15234375,0.03286844129911568
1,1,L,0.15625,0.03408438094703015
1,1,L,0.16015625,0.03530240082557821
1,1,L,0.1640625,0.036521762369095295
1,1,L,0.16796875,0.03774175910048263
1,1,L,0.171875,0.03896171546837996
1,1,L,0.17578125,0.04018098572495555
1,1,L,0.1796875,0.04139895284298897
1,1,L,0.18359375,0.042615027470949016
1,1,L,0.1875,0.04382864692479732
1,1,L,0.19140625,0.045039274215278494
1,1,L,0.1953125,0.04624639710948858
1,1,L,0.19921875,0.047449527225545796
1,1,L,0.203125,0.04864819915922003
1,1,L,0.20703125,0.049841969641410515
1,1,L,0.2109375,0.051030416725394094
1,1,L,0.21484375,0.0522131390027995
1,1,L,0.21875,0.05338975484729583
1,1,L,0.22265625,0.05455990168501574
1,1,L,0.2265625,0.05572323529076611
1,1,L,0.23046875,0.056879429109110084
1,1,L,0.234375,0.05802817359943561
1,1,L,0.23828125,0.05916917560415549
1,1,L,0.2421875,0.060302157739213824
1,1,L,0.24609375,0.06142685780610223
1,1,L,0.25,0.06254302822461737
1,1,L,0.25390625,0.06365043548561869
1,1,L,0.2578125,0.06474885962307148
1,1,L,0.26171875,0.06583809370468617
1,1,L,0.265625,0.06691794334048982
1,1,L,0.26953125,0.06798822620868936
1,1,L,0.2734375,0.06904877159820988
1,1,L,0.27734375,0.0700994199673136
1,1,L,0.28125,0.0711400225177267
1,1,L,0.28515625,0.07217044078372255
1,1,L,0.2890625,0.0731905462356296
1,1,L,0.29296875,0.07420021989725237
1,1,L,0.296875,0.07519935197671213
1,1,L,0.30078125,0.07618784151023233
1,1,L,0.3046875,0.07716559601841141
1,1,L,0.30859375,0.07813253117454204
1,1,L,0.3125,0.07908857048455245
1,1,L,0.31640625,0.08003364497816084
1,1,L,0.3203125,0.08096769291084895
1,1,L,0.32421875,0.08189065947627513
1,1,L,0.328125,0.08280249652876163
1,1,L,0.33203125,0.0837031623155034
1,1,L,0.3359375,0.08459262121815932
1,1,L,0.33984375,0.08547084350349868
1,1,L,0.34375,0.08633780508278768
1,1,L,0.34765625,0.08719348727961235
1,1,L,0.3515625,0.08803787660584496
1,1,L,0.35546875,0.08887096454547201
1,1,L,0.359375,0.08969274734601154
1,1,L,0.36328125,0.09050322581725773
1,1,L,0.3671875,0.09130240513709997
1,1,L,0.37109375,0.09209029466417268
1,1,L,0.375,0.09286690775710064
1,1,L,0.37890625,0.0936322616001136
1,1,L,0.3828125,0.09438637703481113
1,1,L,0.38671875,0.09512927839786718
1,1,L,0.390625,0.09586099336447086
1,1,L,0.39453125,0.0965815527973073
1,1,L,0.3984375,0.09729099060088924
1,1,L,0.40234375,0.09798934358105676
1,1,L,0.40625,0.09867665130946913
1,1,L,0.41015625,0.09935295599291828
1,1,L,0.4140625,0.10001830234730025
1,1,L,0.41796875,0.10067273747608595
1,1,L,0.421875,0.10131631075313842
1,1,L,0.42578125,0.101949073709729
1,1,L,0.4296875,0.10257107992560988
1,1,L,0.43359375,0.10318238492400551
1,1,L,0.4375,0.10378304607039014
1,1,L,0.44140625,0.10437312247492297
1,1,L,0.4453125,0.10495267489841738
1,1,L,0.44921875,0.10552176566172435
1,1,L,0.453125,0.10608045855841479
1,1,L,0.45703125,0.10662881877064904
1,1,L,0.4609375,0.10716691278812578
1,1,L,0.46484375,0.10769480833000626
1,1,L,0.46875,0.10821257426971342
1,1,L,0.47265625,0.10872028056250839
1,1,L,0.4765625,0.10921799817575081
1,1,L,0.48046875,0.10970579902175215
1,1,L,0.484375,0.11018375589313424
1,1,L,0.48828125,0.11065194240060862
1,1,L,0.4921875,0.1111104329130945
1,1,L,0.49609375,0.11155930250009652
1,1,L,0.5,0.11199862687626572
1,1,L,0.50390625,0.1124284823480698
1,1,L,0.5078125,0.11284894576250144
1,1,L,0.51171875,0.1132600944577554
1,1,L,0.515625,0.11366200621580781
1,1,L,0.51953125,0.11405475921683332
1,1,L,0.5234375,0.11443843199539731
1,1,L,0.52734375,0.11481310339836341
1,1,L,0.53125,0.1151788525444576
1,1,L,0.53515625,0.11553575878543296
1,1,L,0.5390625,0.11588390166878021
1,1,L,0.54296875,0.11622336090193178
1,1,L,0.546875,0.11655421631790809
1,1,L,0.55078125,0.11687654784235722
1,1,L,0.5546875,0.11719043546194004
1,1,L,0.55859375,0.11749595919401488
1,1,L,0.5625,0.11779319905757746
1,1,L,0.56640625,0.1180822350454126
1,1,L,0.5703125,0.1183631470974166
1,1,L,0.57421875,0.11863601507504964
1,1,L,0.578125,0.11890091873687954
1,1,L,0.58203125,0.11915793771517914
1,1,L,0.5859375,0.11940715149354106
1,1,L,0.58984375,0.11964863938547439
1,1,L,0.59375,0.11988248051394962
1,1,L,0.59765625,0.12010875379185862
1,1,L,0.6015625,0.12032753790335803
1,1,L,0.60546875,0.12053891128606523
1,1,L,0.609375,0.12074295211407711
1,1,L,0.61328125,0.12093973828178295
1,1,L,0.6171875,0.12112934738844347
1,1,L,0.62109375,0.12131185672350926
1,1,L,0.625,0.12148734325265245
1,1,L,0.62890625,0.12165588360448656
1,1,L,0.6328125,0.12181755405795015
1,1,L,0.63671875,0.12197243053033069
1,1,L,0.640625,0.12212058856590602
1,1,L,0.64453125,0.12226210332518124
1,1,L,0.6484375,0.1223970495746999
1,1,L,0.65234375,0.12252550167740883
1,1,L,0.65625,0.12264753358355665
1,1,L,0.66015625,0.12276321882210692
1,1,L,0.6640625,0.12287263049264714
1,1,L,0.66796875,0.12297584125777569
1,1,L,0.671875,0.12307292333594928
1,1,L,0.67578125,0.12316394849477422
1,1,L,0.6796875,0.123248988044725
1,1,L,0.68359375,0.1233281128332748
1,1,L,0.6875,0.12340139323942236
1,1,L,0.69140625,0.12346889916860082
1,1,L,0.6953125,0.12353070004795422
1,1,L,0.69921875,0.12358686482196782
1,1,L,0.703125,0.12363746194843914
1,1,L,0.70703125,0.12368255939477678
1,1,L,0.7109375,0.12372222463461462
1,1,L,0.71484375,0.12375652464472946
1,1,L,0.71875,0.12378552590225049
1,1,L,0.72265625,0.12380929438214934
1,1,L,0.7265625,0.12382789555499993
1,1,L,0.73046875,0.12384139438499764
1,1,L,0.734375,0.12384985532822772
1,1,L,0.73828125,0.12385334233117307
1,1,L,0.7421875,0.12385191882945207
1,1,L,0.74609375,0.12384564774677725
1,1,L,0.75,0.12383459149412601
1,1,L,0.75390625,0.1238188119691148
1,1,L,0.7578125,0.12379837055556868
1,1,L,0.76171875,0.12377332812327815
1,1,L,0.765625,0.12374374502793567
1,1,L,0.76953125,0.12370968111124432
1,1,L,0.7734375,0.12367119570119162
1,1,L,0.77734375,0.12362834761248138
1,1,L,0.78125,0.12358119514711707
1,1,L,0.78515625,0.12352979609513005
1,1,L,0.7890625,0.12347420773544664
1,1,L,0.79296875,0.1234144868368878
1,1,L,0.796875,0.12335068965929583
1,1,L,0.80078125,0.12328287195478213
1,1,R,-0.19921875,0.0
1,1,R,-0.1953125,0.0
1,1,R,-0.19140625,0.0
1,1,R,-0.1875,0.0
1,1,R,-0.18359375,0.0
1,1,R,-0.1796875,0.0
1,1,R,-0.17578125,0.0
1,1,R,-0.171875,0.0
1,1,R,-0.16796875,0.0
1,1,R,-0.1640625,0.0
1,1,R,-0.16015625,0.0
1,1,R,-0.15625,0.0
1,1,R,-0.15234375,0.0
1,1,R,-0.1484375,0.0
1,1,R,-0.14453125,0.0
1,1,R,-0.140625,0.0
1,1,R,-0.13671875,0.0
1,1,R,-0.1328125,0.0
1,1,R,-0.12890625,0.0
1,1,R,-0.125,0.0
1,1,R,-0.12109375,0.0
1,1,R,-0.1171875,0.0
1,1,R,-0.11328125,0.0
1,1,R,-0.109375,0.0
1,1,R,-0.10546875,0.0
1,1,R,-0.1015625,0.0
1,1,R,-0.09765625,0.0
1,1,R,-0.09375,0.0
1,1,R,-0.08984375,0.0
1,1,R,-0.0859375,0.0
1,1,R,-0.08203125,0.0
1,1,R,-0.078125,0.0
1,1,R,-0.07421875,0.0
1,1,R,-0.0703125,0.0
1,1,R,-0.06640625,0.0
1,1,R,-0.0625,0.0
1,1,R,-0.05859375,0.0
1,1,R,-0.0546875,0.0
1,1,R,-0.05078125,0.0
1,1,R,-0.046875,0.0
1,1,R,-0.04296875,0.0
1,1,R,-0.0390625,0.0
1,1,R,-0.03515625,0.0
1,1,R,-0.03125,0.0
1,1,R,-0.02734375,0.0
1,1,R,-0.0234375,0.0
1,1,R,-0.01953125,0.0
1,1,R,-0.015625,0.0
1,1,R,-0.01171875,0.0
1,1,R,-0.0078125,0.0
1,1,R,-0.00390625,0.0
1,1,R,0.0,0.0
1,1,R,0.00390625,6.272550002596975e-05
1,1,R,0.0078125,0.0002468315608404371
1,1,R,0.01171875,0.0005466212462913983
1,1,R,0.015625,0.0009565720322069032
1,1,R,0.01953125,0.0014713360478939737
1,1,R,0.0234375,0.002085739496122053
1,1,R,0.02734375,0.002794781364440013
1,1,R,0.03125,0.003593631530298561
1,1,R,0.03515625,0.004477628352524462
1,1,R,0.0390625,0.005442282745065689
1,1,R,0.04296875,0.006483270271025171
1,1,R,0.046875,0.007596424917040432
1,1,R,0.05078125,0.008777735395929133
1,1,R,0.0546875,0.010023341270269746
1,1,R,0.05859375,0.011329528941994535
1,1,R,0.0625,0.012692727547369125
1,1,R,0.06640625,0.014109504791578227
1,1,R,0.0703125,0.015576562752497688
1,1,R,0.07421875,0.017090733679074224
1,1,R,0.078125,0.018648975806020127
1,1,R,0.08203125,0.020248369203225557
1,1,R,0.0859375,0.021886111675360663
1,1,R,0.08984375,0.02355951472455049
1,1,R,0.09375,0.025265999586725242
1,1,R,0.09765625,0.027003093350247222
1,1,R,0.1015625,0.02876842516366554
1,1,R,0.10546875,0.03055972253792446
1,1,R,0.109375,0.03237480774702723
1,1,R,0.11328125,0.03421159433001248
1,1,R,0.1171875,0.036068083696114715
1,1,R,0.12109375,0.037942361834136205
1,1,R,0.125,0.03983259612633798
1,1,R,0.12890625,0.04173703226654811
1,1,R,0.1328125,0.043653991281672744
1,1,R,0.13671875,0.0455818666553674
1,1,R,0.140625,0.047519121552272385
1,1,R,0.14453125,0.049464286140927384
1,1,R,0.1484375,0.0514159550132476
1,1,R,0.15234375,0.053372784698260345
1,1,R,0.15625,0.055333491267659594
1,1,R,0.16015625,0.05729684803063099
1,1,R,0.1640625,0.059261683315326295
1,1,R,0.16796875,0.06122687833431939
1,1,R,0.171875,0.06319136513135157
1,1,R,0.17578125,0.06515412460666933
1,1,R,0.1796875,0.06711418461826896
1,1,R,0.18359375,0.06907061815638708
1,1,R,0.1875,0.07102254158861264
1,1,R,0.19140625,0.07296911297304062
1,1,R,0.1953125,0.07490953043694107
1,1,R,0.19921875,0.07684303061847494
1,1,R,0.203125,0.07876888716905207
1,1,R,0.20703125,0.08068640931399278
1,1,R,0.2109375,0.08259494046922417
1,1,R,0.21484375,0.0844938569118128
1,1,R,0.21875,0.08638256650220735
1,1,R,0.22265625,0.08826050745613725
1,1,R,0.2265625,0.09012714716418518
1,1,R,0.23046875,0.09198198105712317
1,1,R,0.234375,0.09382453151517266
1,1,R,0.23828125,0.09565434681941858
1,1,R,0.2421875,0.09747100014367563
1,1,R,0.24609375,0.09927408858517174
1,1,R,0.25,0.10106323223247848
1,1,R,0.25390625,0.10283807326918147
1,1,R,0.2578125,0.1045982751118451
1,1,R,0.26171875,0.10634352158088493
1,1,R,0.265625,0.10807351610301891
1,1,R,0.26953125,0.10978798094402321
1,1,R,0.2734375,0.1114866564705725
1,1,R,0.27734375,0.1131693004399952
1,1,R,0.28125,0.1148356873168239
1,1,R,0.28515625,0.11648560761506874
1,1,R,0.2890625,0.1181188672651863
1,1,R,0.29296875,0.11973528700476134
1,1,R,0.296875,0.12133470179195943
1,1,R,0.30078125,0.1229169602408496
1,1,R,0.3046875,0.12448192407773366
1,1,R,0.30859375,0.12602946761765643
1,1,R,0.3125,0.1275594772603055
1,1,R,0.31640625,0.12907185100454333
1,1,R,0.3203125,0.13056649798084632
1,1,R,0.32421875,0.13204333800095658
1,1,R,0.328125,0.1335023011240808
1,1,R,0.33203125,0.13494332723899954
1,1,R,0.3359375,0.13636636566147653
1,1,R,0.33984375,0.137771374746383
1,1,R,0.34375,0.13915832151397733
1,1,R,0.34765625,0.14052718128980254
1,1,R,0.3515625,0.1418779373576876
1,1,R,0.35546875,0.14321058062535882
1,1,R,0.359375,0.14452510930218856
1,1,R,0.36328125,0.14582152858862782
1,1,R,0.3671875,0.1470998503768876
1,1,R,0.37109375,0.14836009296245184
1,1,R,0.375,0.14960228076602144
1,1,R,0.37890625,0.15082644406550566
1,1,R,0.3828125,0.15203261873769167
1,1,R,0.38671875,0.15322084600923855
1,1,R,0.390625,0.154391172216656
1,1,R,0.39453125,0.15554364857494102
1,1,R,0.3984375,0.15667833095455957
1,1,R,0.40234375,0.1577952796664717
1,1,R,0.40625,0.1588945592549108
1,1,R,0.41015625,0.15997623829763905
1,1,R,0.4140625,0.16104038921341157
1,1,R,0.41796875,0.1620870880763923
1,1,R,0.421875,0.16311641443727443
1,1,R,0.42578125,0.16412845115086766
1,1,R,0.4296875,0.16512328420992375
1,1,R,0.43359375,0.16610100258498003
1,1,R,0.4375,0.16706169807000956
1,1,R,0.44140625,0.16800546513367376
1,1,R,0.4453125,0.16893240077598162
1,1,R,0.44921875,0.1698426043901665
1,1,R,0.453125,0.17073617762959847
1,1,R,0.45703125,0.17161322427955744
1,1,R,0.4609375,0.17247385013369776
1,1,R,0.46484375,0.17331816287504206
1,1,R,0.46875,0.1741462719613476
1,1,R,0.47265625,0.17495828851469405
1,1,R,0.4765625,0.17575432521514708
1,1,R,0.48046875,0.17653449619835768
1,1,R,0.484375,0.17729891695696154
1,1,R,0.48828125,0.17804770424564847
1,1,R,0.4921875,0.17878097598977558
1,1,R,0.49609375,0.17949885119740303
1,1,R,0.5,0.18020144987463535
1,1,R,0.50390625,0.18088889294415517
1,1,R,0.5078125,0.18156130216684033
1,1,R,0.51171875,0.18221880006635927
1,1,R,0.515625,0.18286150985664307
1,1,R,0.51953125,0.1834895553721361
1,1,R,0.5234375,0.18410306100073057
1,1,R,0.52734375,0.18470215161929374
1,1,R,0.53125,0.1852869525316994
1,1,R,0.53515625,0.18585758940927855
1,1,R,0.5390625,0.18641418823360673
1,1,R,0.54296875,0.18695687524154894
1,1,R,0.546875,0.18748577687248483
1,1,R,0.55078125,0.18800101971764033
1,1,R,0.5546875,0.18850273047145394
1,1,R,0.55859375,0.18899103588490848
1,1,R,0.5625,0.18946606272076125
1,1,R,0.56640625,0.18992793771060806
1,1,R,0.5703125,0.19037678751371864
1,1,R,0.57421875,0.19081273867758286
1,1,R,0.578125,0.19123591760010958
1,1,R,0.58203125,0.19164645049342158
1,1,R,0.5859375,0.19204446334919203
1,1,R,0.58984375,0.19243008190546984
1,1,R,0.59375,0.19280343161494268
1,1,R,0.59765625,0.1931646376145888
1,1,R,0.6015625,0.19351382469666942
1,1,R,0.60546875,0.19385111728101617
1,1,R,0.609375,0.19417663938856858
1,1,R,0.61328125,0.19449051461611877
1,1,R,0.6171875,0.19479286611222163
1,1,R,0.62109375,0.19508381655423015
1,1,R,0.625,0.19536348812641696
1,1,R,0.62890625,0.19563200249914434
1,1,R,0.6328125,0.1958894808090463
1,1,R,0.63671875,0.1961360436401876
1,1,R,0.640625,0.1963718110061653
1,1,R,0.64453125,0.19659690233312008
1,1,R,0.6484375,0.19681143644362556
1,1,R,0.65234375,0.19701553154142437
1,1,R,0.65625,0.19720930519698157
1,1,R,0.66015625,0.19739287433382624
1,1,R,0.6640625,0.1975663552156534
1,1,R,0.66796875,0.19772986343415952
1,1,R,0.671875,0.19788351389758485
1,1,R,0.67578125,0.19802742081993818
1,1,R,0.6796875,0.19816169771087883
1,1,R,0.68359375,0.1982864573662326
1,1,R,0.6875,0.19840181185911887
1,1,R,0.69140625,0.19850787253166643
1,1,R,0.6953125,0.19860474998729688
1,1,R,0.69921875,0.19869255408355496
1,1,R,0.703125,0.19877139392546558
1,1,R,0.70703125,0.19884137785939832
1,1,R,0.7109375,0.1989026134674206
1,1,R,0.71484375,0.1989552075621217
1,1,R,0.71875,0.1989992661818896
1,1,R,0.72265625,0.19903489458662404
1,1,R,0.7265625,0.1990621972538696
1,1,R,0.73046875,0.19908127787535235
1,1,R,0.734375,0.19909223935390544
1,1,R,0.73828125,0.19909518380076827
1,1,R,0.7421875,0.19909021253324521
1,1,R,0.74609375,0.19907742607270992
1,1,R,0.75,0.1990569241429419
1,1,R,0.75390625,0.1990288056687822
1,1,R,0.7578125,0.19899316877509599
1,1,R,0.76171875,0.1989501107860297
1,1,R,0.765625,0.198899728224551
1,1,R,0.76953125,0.19884211681226044
1,1,R,0.7734375,0.1987773714694637
1,1,R,0.77734375,0.1987055863154939
1,1,R,0.78125,0.19862685466927377
1,1,R,0.78515625,0.1985412690501077
1,1,R,0.7890625,0.19844892117869425
1,1,R,0.79296875,0.19834990197834987
1,1,R,0.796875,0.1982443015764346
1,1,R,0.80078125,0.19813220930597178
1,1,C,-0.19921875,0.0
1,1,C,-0.1953125,0.0
1,1,C,-0.19140625,0.0
1,1,C,-0.1875,0.0
1,1,C,-0.18359375,0.0
1,1,C,-0.1796875,0.0
1,1,C,-0.17578125,0.0
1,1,C,-0.171875,0.0
1,1,C,-0.16796875,0.0
1,1,C,-0.1640625,0.0
1,1,C,-0.16015625,0.0
1,1,C,-0.15625,0.0
1,1,C,-0.15234375,0.0
1,1,C,-0.1484375,0.0
1,1,C,-0.14453125,0.0
1,1,C,-0.140625,0.0
1,1,C,-0.13671875,0.0
1,1,C,-0.1328125,0.0
1,1,C,-0.12890625,0.0
1,1,C,-0.125,0.0
1,1,C,-0.12109375,0.0
1,1,C,-0.1171875,0.0
1,1,C,-0.11328125,0.0
1,1,C,-0.109375,0.0
1,1,C,-0.10546875,0.0
1,1,C,-0.1015625,0.0
1,1,C,-0.09765625,0.0
1,1,C,-0.09375,0.0
1,1,C,-0.08984375,0.0
1,1,C,-0.0859375,0.0
1,1,C,-0.08203125,0.0
1,1,C,-0.078125,0.0
1,1,C,-0.07421875,0.0
1,1,C,-0.0703125,0.0
1,1,C,-0.06640625,0.0
1,1,C,-0.0625,0.0
1,1,C,-0.05859375,0.0
1,1,C,-0.0546875,0.0
1,1,C,-0.05078125,0.0
1,1,C,-0.046875,0.0
1,1,C,-0.04296875,0.0
1,1,C,-0.0390625,0.0
1,1,C,-0.03515625,0.0
1,1,C,-0.03125,0.0
1,1,C,-0.02734375,0.0
1,1,C,-0.0234375,0.0
1,1,C,-0.01953125,0.0
1,1,C,-0.015625,0.0
1,1,C,-0.01171875,0.0
1,1,C,-0.0078125,0.0
1,1,C,-0.00390625,0.0
1,1,C,0.0,0.0
1,1,C,0.00390625,0.0
1,1,C,0.0078125,6.051110943186287e-08
1,1,C,0.01171875,2.98270764959378e-07
1,1,C,0.015625,8.238334776030382e-07
1,1,C,0.01953125,1.741782125102996e-06
1,1,C,0.0234375,3.1509366255115024e-06
1,1,C,0.02734375,5.144559452596532e-06
1,1,C,0.03125,7.810557539221242e-06
1,1,C,0.03515625,1.7223911010433236e-05
1,1,C,0.0390625,3.5467900270655636e-05
1,1,C,0.04296875,6.227338250639446e-05
1,1,C,0.046875,9.73782427548773e-05
1,1,C,0.05078125,0.00014052720007119634
1,1,C,0.0546875,0.0001914716203533603
1,1,C,0.05859375,0.00024996933542027934
1,1,C,0.0625,0.0003157844679781615
1,1,C,0.06640625,0.00038868726214689173
1,1,C,0.0703125,0.00046845391925009734
1,1,C,0.07421875,0.000554866438601168
1,1,C,0.078125,0.0006477124630428478
1,1,C,0.08203125,0.0007467851290204832
1,1,C,0.0859375,0.0008518829209888967
1,1,C,0.08984375,0.000962809529970442
1,1,C,0.09375,0.0010793737160973377
1,1,C,0.09765625,0.001201389174985087
1,1,C,0.1015625,0.0013286744077959092
1,1,C,0.10546875,0.0014610525948617842
1,1,C,0.109375,0.00159835147274614
1,1,C,0.11328125,0.0017404032146315336
1,1,C,0.1171875,0.0018870443139280197
1,1,C,0.12109375,0.0020381154710033956
1,1,C,0.125,0.002193461482942253
1,1,C,0.12890625,0.0023529311362458583
1,1,C,0.1328125,0.0025163771023894053
1,1,C,0.13671875,0.002683655836157197
1,1,C,0.140625,0.00285462747667991
1,1,C,0.14453125,0.0030291557511013074
1,1,C,0.1484375,0.0032071078808046387
1,1,C,0.15234375,0.003388354490131586
1,1,C,0.15625,0.0035727695175289584
1,1,C,0.16015625,0.0037602301290604935
1,1,C,0.1640625,0.003950616634223079
1,1,C,0.16796875,0.0041438124040085265
1,1,C,0.171875,0.004339703791153689
1,1,C,0.17578125,0.0045381800525232776
1,1,C,0.1796875,0.004739133273571186
1,1,C,0.18359375,0.0049424582948274925
1,1,C,0.1875,0.005148052640359618
1,1,C,0.19140625,0.005355816448157338
1,1,C,0.1953125,0.0055656524023925315
1,1,C,0.19921875,0.005777465667505673
1,1,C,0.203125,0.005991163824072159
1,1,C,0.20703125,0.006206656806402634
1,1,C,0.2109375,0.006423856841832465
1,1,C,0.21484375,0.006642678391656546
1,1,C,0.21875,0.006863038093666563
1,1,C,0.22265625,0.007084854706248807
1,1,C,0.2265625,0.007308049054001536
1,1,C,0.23046875,0.007532543974831833
1,1,C,0.234375,0.007758264268492758
1,1,C,0.23828125,0.007985136646522516
1,1,C,0.2421875,0.008213089683548197
1,1,C,0.24609375,0.008442053769917511
1,1,C,0.25,0.008671961065622784
1,1,C,0.25390625,0.008902745455482298
1,1,C,0.2578125,0.009134342505544884
1,1,C,0.26171875,0.009366689420684469
1,1,C,0.265625,0.00959972500335208
1,1,C,0.26953125,0.009833389613453576
1,1,C,0.2734375,0.010067625129322154
1,1,C,0.27734375,0.010302374909755435
1,1,C,0.28125,0.010537583757087658
1,1,C,0.28515625,0.010773197881268255
1,1,C,0.2890625,0.011009164864918817
1,1,C,0.29296875,0.011245433629341125
1,1,C,0.296875,0.01148195440144965
1,1,C,0.30078125,0.011718678681602594
1,1,C,0.3046875,0.011955559212306207
1,1,C,0.30859375,0.012192549947767794
1,1,C,0.3125,0.01242960602427344
1,1,C,0.31640625,0.012666683731367137
1,1,C,0.3203125,0.012903740483808603
1,1,C,0.32421875,0.0131407347942877
1,1,C,0.328125,0.013377626246873931
1,1,C,0.33203125,0.013614375471180126
1,1,C,0.3359375,0.013850944117219904
1,1,C,0.33984375,0.014087294830939182
1,1,C,0.34375,0.014323391230402417
1,1,C,0.34765625,0.0145591978826149
1,1,C,0.3515625,0.014794680280962879
1,1,C,0.35546875,0.015029804823253817
1,1,C,0.359375,0.015264538790339599
1,1,C,0.36328125,0.015498850325305954
1,1,C,0.3671875,0.01573270841321187
1,1,C,0.37109375,0.015966082861363202
1,1,C,0.375,0.01619894428010515
1,1,C,0.37890625,0.01643126406411871
1,1,C,0.3828125,0.016663014374206628
1,1,C,0.38671875,0.0168941681195548
1,1,C,0.390625,0.017124698940455506
1,1,C,0.39453125,0.017354581191479156
1,1,C,0.3984375,0.01758378992508176
1,1,C,0.40234375,0.01781230087563558
1,1,C,0.40625,0.01804009044387084
1,1,C,0.41015625,0.01826713568171675
1,1,C,0.4140625,0.01849341427753036
1,1,C,0.41796875,0.018718904541702226
1,1,C,0.421875,0.018943585392628044
1,1,C,0.42578125,0.01916743634303585
1,1,C,0.4296875,0.019390437486658637
1,1,C,0.43359375,0.01961256948524253
1,1,C,0.4375,0.019833813555880996
1,1,C,0.44140625,0.020054151458665785
1,1,C,0.4453125,0.020273565484645664
1,1,C,0.44921875,0.02049203844408416
1,1,C,0.453125,0.020709553655007883
1,1,C,0.45703125,0.020926094932037228
1,1,C,0.4609375,0.02114164657549144
1,1,C,0.46484375,0.021356193360760365
1,1,C,0.46875,0.02156972052793536
1,1,C,0.47265625,0.021782213771692083
1,1,C,0.4765625,0.021993659231418137
1,1,C,0.48046875,0.022204043481578666
1,1,C,0.484375,0.022413353522313332
1,1,C,0.48828125,0.02262157677025818
1,1,C,0.4921875,0.022828701049586154
1,1,C,0.49609375,0.023034714583260205
1,1,C,0.5,0.02323960598449311
1,1,C,0.50390625,0.0234433642484083
1,1,C,0.5078125,0.02364597874389617
1,1,C,0.51171875,0.023847439205660462
1,1,C,0.515625,0.02404773572644959
1,1,C,0.51953125,0.024246858749467765
1,1,C,0.5234375,0.0244447990609611
1,1,C,0.52734375,0.02464154778297389
1,1,C,0.53125,0.024837096366270475
1,1,C,0.53515625,0.025031436583418214
1,1,C,0.5390625,0.025224560522027213
1,1,C,0.54296875,0.025416460578142626
1,1,C,0.546875,0.025607129449785413
1,1,C,0.55078125,0.025796560130637605
1,1,C,0.5546875,0.025984745903868237
1,1,C,0.55859375,0.026171680336096202
1,1,C,0.5625,0.026357357271486418
1,1,C,0.56640625,0.0265417708259758
1,1,C,0.5703125,0.026724915381625605
1,1,C,0.57421875,0.02690678558109686
1,1,C,0.578125,0.02708737632224568
1,1,C,0.58203125,0.0272666827528353
1,1,C,0.5859375,0.027444700265361884
1,1,C,0.58984375,0.027621424491991096
1,1,C,0.59375,0.027796851299602635
1,1,C,0.59765625,0.027970976784939962
1,1,C,0.6015625,0.028143797269862506
1,1,C,0.60546875,0.02831530929669779
1,1,C,0.609375,0.02848550962369092
1,1,C,0.61328125,0.028654395220548967
1,1,C,0.6171875,0.028821963264077904
1,1,C,0.62109375,0.028988211133909758
1,1,C,0.625,0.02915313640831771
1,1,C,0.62890625,0.029316736860116994
1,1,C,0.6328125,0.029479010452649487
1,1,C,0.63671875,0.02963995533584986
1,1,C,0.640625,0.029799569842391398
1,1,C,0.64453125,0.029957852483909437
1,1,C,0.6484375,0.030114801947300634
1,1,C,0.65234375,0.03027041709109616
1,1,C,0.65625,0.03042469694190708
1,1,C,0.66015625,0.03057764069094019
1,1,C,0.6640625,0.030729247690582592
1,1,C,0.66796875,0.03087951745105343
1,1,C,0.671875,0.03102844963712116
1,1,C,0.67578125,0.03117604406488485
1,1,C,0.6796875,0.03132230069861795
1,1,C,0.68359375,0.031467219647673156
1,1,C,0.6875,0.03161080116344689
1,1,C,0.69140625,0.031753045636402036
1,1,C,0.6953125,0.03189395359314764
1,1,C,0.69921875,0.03203352569357418
1,1,C,0.703125,0.032171762728043236
1,1,C,0.70703125,0.03230866561463028
1,1,C,0.7109375,0.032444235396419364
1,1,C,0.71484375,0.03257847323884867
1,1,C,0.71875,0.03271138042710557
1,1,C,0.72265625,0.03284295836357036
1,1,C,0.7265625,0.03297320856530734
1,1,C,0.73046875,0.033102132661602404
1,1,C,0.734375,0.033229732391545995
1,1,C,0.73828125,0.033356009601660505
1,1,C,0.7421875,0.03348096624357113
1,1,C,0.74609375,0.03360460437171927
1,1,C,0.75,0.033726926141117504
1,1,C,0.75390625,0.033847933805145364
1,1,C,0.7578125,0.03396762971338491
1,1,C,0.76171875,0.034086016309495405
1,1,C,0.765625,0.03420309612912612
1,1,C,0.76953125,0.03431887179786664
1,1,C,0.7734375,0.03443334602923376
1,1,C,0.77734375,0.03454652162269425
1,1,C,0.78125,0.03465840146172282
1,1,C,0.78515625,0.034768988511894486
1,1,C,0.7890625,0.034878285819010646
1,1,C,0.79296875,0.034986296507258235
1,1,C,0.796875,0.03509302377740125
1,1,C,0.80078125,0.03519847090500402
2,-1,L,-0.19921875,0.0
2,-1,L,-0.1953125,0.0
2,-1,L,-0.19140625,0.0
2,-1,L,-0.1875,0.0
2,-1,L,-0.18359375,0.0
2,-1,L,-0.1796875,0.0
2,-1,L,-0.17578125,0.0
2,-1,L,-0.171875,0.0
2,-1,L,-0.16796875,0.0
2,-1,L,-0.1640625,0.0
2,-1,L,-0.16015625,0.0
2,-1,L,-0.15625,0.0
2,-1,L,-0.15234375,0.0
2,-1,L,-0.1484375,0.0
2,-1,L,-0.14453125,0.0
2,-1,L,-0.140625,0.0
2,-1,L,-0.13671875,0.0
2,-1,L,-0.1328125,0.0
2,-1,L,-0.12890625,0.0
2,-1,L,-0.125,0.0
2,-1,L,-0.12109375,0.0
2,-1,L,-0.1171875,0.0
2,-1,L,-0.11328125,0.0
2,-1,L,-0.109375,0.0
2,-1,L,-0.10546875,0.0
2,-1,L,-0.1015625,0.0
2,-1,L,-0.09765625,0.0
2,-1,L,-0.09375,0.0
2,-1,L,-0.08984375,0.0
2,-1,L,-0.0859375,0.0
2,-1,L,-0.08203125,0.0
2,-1,L,-0.078125,0.0
2,-1,L,-0.07421875,0.0
2,-1,L,-0.0703125,0.0
2,-1,L,-0.06640625,0.0
2,-1,L,-0.0625,0.0
2,-1,L,-0.05859375,0.0
2,-1,L,-0.0546875,0.0
2,-1,L,-0.05078125,0.0
2,-1,L,-0.046875,0.0
2,-1,L,-0.04296875,0.0
2,-1,L,-0.0390625,0.0
2,-1,L,-0.03515625,0.0
2,-1,L,-0.03125,0.0
2,-1,L,-0.02734375,0.0
2,-1,L,-0.0234375,0.0
2,-1,L,-0.01953125,0.0
2,-1,L,-0.015625,0.0
2,-1,L,-0.01171875,0.0
2,-1,L,-0.0078125,0.0
2,-1,L,-0.00390625,0.0
2,-1,L,0.0,0.0
2,-1,L,0.00390625,6.272550002596975e-05
2,-1,L,0.0078125,0.0002468315608404371
2,-1,L,0.01171875,0.0005466212462913983
2,-1,L,0.015625,0.0009565720322069032
2,-1,L,0.01953125,0.0014713360478939737
2,-1,L,0.0234375,0.002085739496122053
2,-1,L,0.02734375,0.002794781364440013
2,-1,L,0.03125,0.003593631530298561
2,-1,L,0.03515625,0.004477628352524462
2,-1,L,0.0390625,0.00544227583230255
2,-1,L,0.04296875,0.006483240418019213
2,-1,L,0.046875,0.0075963475201359185
2,-1,L,0.05078125,0.008777577794703452
2,-1,L,0.0546875,0.0100230632471921
2,-1,L,0.05859375,0.011329083201984152
2,-1,L,0.0625,0.01269206017712905
2,-1,L,0.06640625,0.01410855569876868
2,-1,L,0.0703125,0.01557526608496736
2,-1,L,0.07421875,0.017089018224493234
2,-1,L,0.078125,0.018646765372358317
2,-1,L,0.08203125,0.020245582980597997
2,-1,L,0.0859375,0.02188266457982178
2,-1,L,0.08984375,0.023555317724461764
2,-1,L,0.09375,0.025260960012351532
2,-1,L,0.09765625,0.026997115187255595
2,-1,L,0.1015625,0.02876140933120975
2,-1,L,0.10546875,0.030551567151999727
2,-1,L,0.109375,0.032365408369775125
2,-1,L,0.11328125,0.03420084420564554
2,-1,L,0.1171875,0.03605587397411637
2,-1,L,0.12109375,0.03792858178037402
2,-1,L,0.125,0.03981713332270837
2,-1,L,0.12890625,0.04171977279974904
2,-1,L,0.1328125,0.04363481992167779
2,-1,L,0.13671875,0.04556066702415088
2,-1,L,0.140625,0.047495776283310975
2,-1,L,0.14453125,0.04943867702997908
2,-1,L,0.1484375,0.05138849845593819
2,-1,L,0.15234375,0.05334441067671772
2,-1,L,0.15625,0.055305600678091926
2,-1,L,0.16015625,0.057271268010536475
2,-1,L,0.1640625,0.05924062224035295
2,-1,L,0.16796875,0.061212881820002556
2,-1,L,0.171875,0.06318727402848942
2,-1,L,0.17578125,0.06516303565870317
2,-1,L,0.1796875,0.06713941417600387
2,-1,L,0.18359375,0.06911566912778055
2,-1,L,0.1875,0.07109107363819044
2,-1,L,0.19140625,0.07306491587058721
2,-1,L,0.1953125,0.07503650038000666
2,-1,L,0.19921875,0.07700514930916572
2,-1,L,0.203125,0.07897020340451773
2,-1,L,0.20703125,0.08093102284525744
2,-1,L,0.2109375,0.08288698788916729
2,-1,L,0.21484375,0.0848374993461271
2,-1,L,0.21875,0.08678197889406893
2,-1,L,0.22265625,0.08871986925402753
2,-1,L,0.2265625,0.0906506342413902
2,-1,L,0.23046875,0.0925737587099911
2,-1,L,0.234375,0.09448874840468464
2,-1,L,0.23828125,0.09639512973672318
2,-1,L,0.2421875,0.09829244949482759
2,-1,L,0.24609375,0.10018027450338657
2,-1,L,0.25,0.10205819123782117
2,-1,L,0.25390625,0.10392580540584616
2,-1,L,0.2578125,0.10578274150216911
2,-1,L,0.26171875,0.10762864234309923
2,-1,L,0.265625,0.10946316858658967
2,-1,L,0.26953125,0.11128599824240419
2,-1,L,0.2734375,0.11309682617637165
2,-1,L,0.27734375,0.11489536361206147
2,-1,L,0.28125,0.11668133763266816
2,-1,L,0.28515625,0.1184544906854246
2,-1,L,0.2890625,0.1202145800904614
2,-1,L,0.29296875,0.12196137755568599
2,-1,L,0.296875,0.12369466869896123
2,-1,L,0.30078125,0.12541425257861344
2,-1,L,0.3046875,0.12711994123308695
2,-1,L,0.30859375,0.12881155923038193
2,-1,L,0.3125,0.1304889432277593
2,-1,L,0.31640625,0.1321519415420679
2,-1,L,0.3203125,0.13380041373093918
2,-1,L,0.32421875,0.1354342301850043
2,-1,L,0.328125,0.1370532717312109
2,-1,L,0.33203125,0.1386574292472527
2,-1,L,0.3359375,0.14024660328707217
2,-1,L,0.33984375,0.14182070371735184
2,-1,L,0.34375,0.14337964936487319
2,-1,L,0.34765625,0.1449233676745932
2,-1,L,0.3515625,0.14645179437826372
2,-1,L,0.35546875,0.14796487317339976
2,-1,L,0.359375,0.14946255541238807
2,-1,L,0.36328125,0.15094479980151523
2,-1,L,0.3671875,0.15241157210968603
2,-1,L,0.37109375,0.1538628448865964
2,-1,L,0.375,0.15529859719012146
2,-1,L,0.37890625,0.15671881432267654
2,-1,L,0.3828125,0.15812348757630829
2,-1,L,0.38671875,0.15951261398627337
2,-1,L,0.390625,0.1608861960928636
2,-1,L,0.39453125,0.16224424171123883
2,-1,L,0.3984375,0.1635867637090317
2,-1,L,0.40234375,0.16491377979149183
2,-1,L,0.40625,0.1662253122939415
2,-1,L,0.41015625,0.16752138798131866
2,-1,L,0.4140625,0.1688020378545884
2,-1,L,0.41796875,0.1700672969638082
2,-1,L,0.421875,0.17131720422763846
2,-1,L,0.42578125,0.17255180225909353
2,-1,L,0.4296875,0.17377113719733508
2,-1,L,0.43359375,0.1749752585453141
2,-1,L,0.4375,0.17616421901307336
2,-1,L,0.44140625,0.1773380743665277
2,-1,L,0.4453125,0.1784968832815442
2,-1,L,0.44921875,0.17964070720315
2,-1,L,0.453125,0.18076961020970042
2,-1,L,0.45703125,0.181883658881845
2,-1,L,0.4609375,0.18298292217613407
2,-1,L,0.46484375,0.18406747130311354
2,-1,L,0.46875,0.18513737960975984
2,-1,L,0.47265625,0.18619272246611202
2,-1,L,0.4765625,0.18723357715596223
2,-1,L,0.48046875,0.18826002277147055
2,-1,L,0.484375,0.18927214011157395
2,-1,L,0.48828125,0.19027001158406348
2,-1,L,0.4921875,0.19125372111120842
2,-1,L,0.49609375,0.1922233540388089
2,-1,L,0.5,0.19317899704856356
2,-1,L,0.50390625,0.19412073807364139
2,-1,L,0.5078125,0.1950486662173515
2,-1,L,0.51171875,0.19596287167480742
2,-1,L,0.515625,0.19686344565748568
2,-1,L,0.51953125,0.1977504803205828
2,-1,L,0.5234375,0.19862406869307653
2,-1,L,0.52734375,0.19948430461040154
2,-1,L,0.53125,0.20033128264965175
2,-1,L,0.53515625,0.2011650980672249
2,-1,L,0.5390625,0.2019858467388278
2,-1,L,0.54296875,0.20279362510176274
2,-1,L,0.546875,0.20358853009941916
2,-1,L,0.55078125,0.20437065912789615
2,-1,L,0.5546875,0.20514010998468454
2,-1,L,0.55859375,0.20589698081933921
2,-1,L,0.5625,0.20664137008607497
2,-1,L,0.56640625,0.20737337649822118
2,-1,L,0.5703125,0.20809309898447245
2,-1,L,0.57421875,0.20880063664687512
2,-1,L,0.578125,0.20949608872049094
2,-1,L,0.58203125,0.21017955453468123
2,-1,L,0.5859375,0.21085113347595696
2,-1,L,0.58984375,0.21151092495234167
2,-1,L,0.59375,0.21215902835919617
2,-1,L,0.59765625,0.21279554304645545
2,-1,L,0.6015625,0.21342056828722974
2,-1,L,0.60546875,0.2140342032477238
2,-1,L,0.609375,0.21463654695842915
2,-1,L,0.61328125,0.2152276982865463
2,-1,L,0.6171875,0.2158077559095949
2,-1,L,0.62109375,0.2163768182901711
2,-1,L,0.625,0.21693498365181352
2,-1,L,0.62890625,0.21748234995593896
2,-1,L,0.6328125,0.218019014879812
2,-1,L,0.63671875,0.21854507579551272
2,-1,L,0.640625,0.21906062974986787
2,-1,L,0.64453125,0.21956577344531295
2,-1,L,0.6484375,0.22006060322165252
2,-1,L,0.65234375,0.220545215038688
2,-1,L,0.65625,0.22101970445968255
2,-1,L,0.66015625,0.22148416663563472
2,-1,L,0.6640625,0.2219386962903316
2,-1,L,0.66796875,0.22238338770615546
2,-1,L,0.671875,0.22281833471061663
2,-1,L,0.67578125,0.22324363066358788
2,-1,L,0.6796875,0.22365936844521506
2,-1,L,0.68359375,0.2240656404444807
2,-1,L,0.6875,0.22446253854839743
2,-1,L,0.69140625,0.22485015413180837
2,-1,L,0.6953125,0.22522857804777396
2,-1,L,0.69921875,0.22559790061852353
2,-1,L,0.703125,0.22595821162695165
2,-1,L,0.70703125,0.22630960030864017
2,-1,L,0.7109375,0.2266521553443864
2,-1,L,0.71484375,0.22698596485321978
2,-1,L,0.71875,0.22731111638588902
2,-1,L,0.72265625,0.22762769691880272
2,-1,L,0.7265625,0.22793579284840712
2,-1,L,0.73046875,0.22823548998598478
2,-1,L,0.734375,0.2285268735528588
2,-1,L,0.73828125,0.2288100281759878
2,-1,L,0.7421875,0.2290850378839369
2,-1,L,0.74609375,0.22935198610321092
2,-1,L,0.75,0.22961095565493653
2,-1,L,0.75390625,0.22986202875187958
2,-1,L,0.7578125,0.2301052869957857
2,-1,L,0.76171875,0.2303408113750314
2,-1,L,0.765625,0.2305686822625743
2,-1,L,0.76953125,0.23078897941419058
2,-1,L,0.7734375,0.23100178196698906
2,-1,L,0.77734375,0.2312071684381908
2,-1,L,0.78125,0.23140521672416425
2,-1,L,0.78515625,0.2315960040997055
2,-1,L,0.7890625,0.23177960721755456
2,-1,L,0.79296875,0.23195610210813777
2,-1,L,0.796875,0.23212556417952762
2,-1,L,0.80078125,0.23228806821761105
2,-1,R,-0.19921875,0.0
2,-1,R,-0.1953125,0.0
2,-1,R,-0.19140625,0.0
2,-1,R,-0.1875,0.0
2,-1,R,-0.18359375,0.0
2,-1,R,-0.1796875,0.0
2,-1,R,-0.17578125,0.0
2,-1,R,-0.171875,0.0
2,-1,R,-0.16796875,0.0
2,-1,R,-0.1640625,0.0
2,-1,R,-0.16015625,0.0
2,-1,R,-0.15625,0.0
2,-1,R,-0.15234375,0.0
2,-1,R,-0.1484375,0.0
2,-1,R,-0.14453125,0.0
2,-1,R,-0.140625,0.0
2,-1,R,-0.13671875,0.0
2,-1,R,-0.1328125,0.0
2,-1,R,-0.12890625,0.0
2,-1,R,-0.125,0.0
2,-1,R,-0.12109375,0.0
2,-1,R,-0.1171875,0.0
2,-1,R,-0.11328125,0.0
2,-1,R,-0.109375,0.0
2,-1,R,-0.10546875,0.0
2,-1,R,-0.1015625,0.0
2,-1,R,-0.09765625,0.0
2,-1,R,-0.09375,0.0
2,-1,R,-0.08984375,0.0
2,-1,R,-0.0859375,0.0
2,-1,R,-0.08203125,0.0
2,-1,R,-0.078125,0.0
2,-1,R,-0.07421875,0.0
2,-1,R,-0.0703125,0.0
2,-1,R,-0.06640625,0.0
2,-1,R,-0.0625,0.0
2,-1,R,-0.05859375,0.0
2,-1,R,-0.0546875,0.0
2,-1,R,-0.05078125,0.0
2,-1,R,-0.046875,0.0
2,-1,R,-0.04296875,0.0
2,-1,R,-0.0390625,0.0
2,-1,R,-0.03515625,0.0
2,-1,R,-0.03125,0.0
2,-1,R,-0.02734375,0.0
2,-1,R,-0.0234375,0.0
2,-1,R,-0.01953125,0.0
2,-1,R,-0.015625,0.0
2,-1,R,-0.01171875,0.0
2,-1,R,-0.0078125,0.0
2,-1,R,-0.00390625,0.0
2,-1,R,0.0,0.0
2,-1,R,0.00390625,3.826783754333542e-05
2,-1,R,0.0078125,0.0001505955782805782
2,-1,R,0.01171875,0.0003335282012499732
2,-1,R,0.015625,0.0005837270965724692
2,-1,R,0.01953125,0.000897967570215534
2,-1,R,0.0234375,0.0012731362444862245
2,-1,R,0.02734375,0.001706228378438926
2,-1,R,0.03125,0.0021943451295862604
2,-1,R,0.03515625,0.002734690775752486
2,-1,R,0.0390625,0.003324569913593255
2,-1,R,0.04296875,0.0039613846482091765
2,-1,R,0.046875,0.004642631786388239
2,-1,R,0.05078125,0.005365900044308954
2,-1,R,0.0546875,0.006128867279007398
2,-1,R,0.05859375,0.006929297751543049
2,-1,R,0.0625,0.007765039428576909
2,-1,R,0.06640625,0.008634021327988026
2,-1,R,0.0703125,0.009534250913189045
2,-1,R,0.07421875,0.010463811539946575
2,-1,R,0.078125,0.011420859958757397
2,-1,R,0.08203125,0.01240362387516705
2,-1,R,0.0859375,0.013410399569834263
2,-1,R,0.08984375,0.014439549579634586
2,-1,R,0.09375,0.015489500440652112
2,-1,R,0.09765625,0.016558740493522163
2,-1,R,0.1015625,0.017645817751254313
2,-1,R,0.10546875,0.018749337829378033
2,-1,R,0.109375,0.01986796193800782
2,-1,R,0.11328125,0.021000404935215947
2,-1,R,0.1171875,0.022145433440924813
2,-1,R,0.12109375,0.023301864010383623
2,-1,R,0.125,0.024468561366172183
2,-1,R,0.12890625,0.025644436687575087
2,-1,R,0.1328125,0.02682844595608962
2,-1,R,0.13671875,0.028019588355768007
2,-1,R,0.140625,0.02921690472704683
2,-1,R,0.14453125,0.030419476072681865
2,-1,R,0.1484375,0.03162697945557733
2,-1,R,0.15234375,0.032839108627052534
2,-1,R,0.15625,0.03405554993884461
2,-1,R,0.16015625,0.03527597873592714
2,-1,R,0.1640625,0.036500057541869343
2,-1,R,0.16796875,0.03772743569427136
2,-1,R,0.171875,0.038957750072906173
2,-1,R,0.17578125,0.0401906265879619
2,-1,R,0.1796875,0.04142568214322661
2,-1,R,0.18359375,0.0426625268454453
2,-1,R,0.1875,0.04390076628693097
2,-1,R,0.19140625,0.04514000377831934
2,-1,R,0.1953125,0.04637984244965822
2,-1,R,0.19921875,0.04761988717038307
2,-1,R,0.203125,0.0488597462628778
2,-1,R,0.20703125,0.050099033001518724
2,-1,R,0.2109375,0.05133736690074931
2,-1,R,0.21484375,0.052574374803150026
2,-1,R,0.21875,0.05380969178277652
2,-1,R,0.22265625,0.05504296188114971
2,-1,R,0.2265625,0.056273838693894095
2,-1,R,0.23046875,0.05750198582565818
2,-1,R,0.234375,0.05872707722999202
2,-1,R,0.23828125,0.05994879744956551
2,-1,R,0.2421875,0.06116684177066926
2,-1,R,0.24609375,0.06238091630446625
2,-1,R,0.25,0.0635907380060319
2,-1,R,0.25390625,0.06479603464087716
2,-1,R,0.2578125,0.06599654470741684
2,-1,R,0.26171875,0.06719201732273318
2,-1,R,0.265625,0.06838221207799258
2,-1,R,0.26953125,0.06956689886899717
2,-1,R,0.2734375,0.07074585770658377
2,-1,R,0.27734375,0.07191887851091175
2,-1,R,0.28125,0.07308576089309782
2,-1,R,0.28515625,0.0742463139271504
2,-1,R,0.2890625,0.07540035591471955
2,-1,R,0.29296875,0.07654771414480122
2,-1,R,0.296875,0.0776882246502106
2,-1,R,0.30078125,0.07882173196235956
2,-1,R,0.3046875,0.07994808886563343
2,-1,R,0.30859375,0.08106715615245591
2,-1,R,0.3125,0.08217880237995408
2,-1,R,0.31640625,0.0832829036289833
2,-1,R,0.3203125,0.08437934326614151
2,-1,R,0.32421875,0.08546801170929061
2,-1,R,0.328125,0.086548806197007
2,-1,R,0.33203125,0.0876216305623008
2,-1,R,0.3359375,0.0886863950108736
2,-1,R,0.33984375,0.08974301590412401
2,-1,R,0.34375,0.0907914155470591
2,-1,R,0.34765625,0.09183152198122602
2,-1,R,0.3515625,0.09286326878274041
2,-1,R,0.35546875,0.09388659486545695
2,-1,R,0.359375,0.09490144428929961
2,-1,R,0.36328125,0.09590776607374717
2,-1,R,0.3671875,0.0969055140164494
2,-1,R,0.37109375,0.09789464651693387
2,-1,R,0.375,0.09887512640534911
2,-1,R,0.37890625,0.09984692077617892
2,-1,R,0.3828125,0.10081000082685332
2,-1,R,0.38671875,0.10176434170117375
2,-1,R,0.390625,0.10270992233746415
2,-1,R,0.39453125,0.10364672532135474
2,-1,R,0.3984375,0.10457473674310128
2,-1,R,0.40234375,0.10549394605933986
2,-1,R,0.40625,0.10640434595917521
2,-1,R,0.41015625,0.10730593223449904
2,-1,R,0.4140625,0.10819870365443418
2,-1,R,0.41796875,0.10908266184380007
2,-1,R,0.421875,0.10995781116549512
2,-1,R,0.42578125,0.11082415860669208
2,-1,R,0.4296875,0.11168171366874341
2,-1,R,0.43359375,0.1125304882606946
2,-1,R,0.4375,0.11337049659630474
2,-1,R,0.44140625,0.11420175509447507
2,-1,R,0.4453125,0.11502428228298801
2,-1,R,0.44921875,0.11583809870546069
2,-1,R,0.453125,0.1166432268314189
2,-1,R,0.45703125,0.11743969096939955
2,-1,R,0.4609375,0.11822751718299129
2,-1,R,0.46484375,0.11900673320972527
2,-1,R,0.46875,0.1197773683827299
2,-1,R,0.47265625,0.12053945355506578
2,-1,R,0.4765625,0.12129302102665857
2,-1,R,0.48046875,0.12203810447375023
2,-1,R,0.484375,0.1227747388807907
2,-1,R,0.48828125,0.12350296047469429
2,-1,R,0.4921875,0.12422280666138716
2,-1,R,0.49609375,0.12493431596457402
2,-1,R,0.5,0.12563752796665464
2,-1,R,0.50390625,0.1263324832517221
2,-1,R,0.5078125,0.12701922335057722
2,-1,R,0.51171875,0.12769779068769496
2,-1,R,0.515625,0.12836822853008104
2,-1,R,0.51953125,0.12903058093795797
2,-1,R,0.5234375,0.1296848927172227
2,-1,R,0.52734375,0.13033120937361828
2,-1,R,0.53125,0.13096957706856513
2,-1,R,0.53515625,0.13160004257659805
2,-1,R,0.5390625,0.13222265324435736
2,-1,R,0.54296875,0.13283745695108376
2,-1,R,0.546875,0.1334445020705682
2,-1,R,0.55078125,0.13404383743450968
2,-1,R,0.5546875,0.13463551229723475
2,-1,R,0.55859375,0.13521957630173492
2,-1,R,0.5625,0.13579607944697847
2,-1,R,0.56640625,0.1363650720564551
2,-1,R,0.5703125,0.13692660474791307
2,-1,R,0.57421875,0.13748072840424974
2,-1,R,0.578125,0.1380274941455175
2,-1,R,0.58203125,0.13856695330200816
2,-1,R,0.5859375,0.13909915738838083
2,-1,R,0.58984375,0.13962415807879802
2,-1,R,0.59375,0.14014200718303724
2,-1,R,0.59765625,0.1406527566235454
2,-1,R,0.6015625,0.14115645841340482
2,-1,R,0.60546875,0.14165316463518057
2,-1,R,0.609375,0.14214292742061962
2,-1,R,0.61328125,0.14262579893117366
2,-1,R,0.6171875,0.1431018313393177
2,-1,R,0.62109375,0.14357107681063805
2,-1,R,0.625,0.14403358748666395
2,-1,R,0.62890625,0.14448941546841748
2,-1,R,0.6328125,0.14493861280065798
2,-1,R,0.63671875,0.14538123145679738
2,-1,R,0.640625,0.14581732332446376
2,-1,R,0.64453125,0.1462469401916913
2,-1,R,0.6484375,0.1466701337337152
2,-1,R,0.65234375,0.14708695550035134
2,-1,R,0.65625,0.1474974569039403
2,-1,R,0.66015625,0.14790168920783706
2,-1,R,0.6640625,0.1482997035154271
2,-1,R,0.66796875,0.14869155075965157
2,-1,R,0.671875,0.1490772816930234
2,-1,R,0.67578125,0.14945694687811784
2,-1,R,0.6796875,0.14983059667852097
2,-1,R,0.68359375,0.15019828125022047
2,-1,R,0.6875,0.15056005053342303
2,-1,R,0.69140625,0.15091595424478385
2,-1,R,0.6953125,0.15126604187003392
2,-1,R,0.69921875,0.1516103626569909
2,-1,R,0.703125,0.15194896560894047
2,-1,R,0.70703125,0.15228189947837498
2,-1,R,0.7109375,0.15260921276107697
2,-1,R,0.71484375,0.15293095369053517
2,-1,R,0.71875,0.15324717023268136
2,-1,R,0.72265625,0.15355791008093683
2,-1,R,0.7265625,0.15386322065155705
2,-1,R,0.73046875,0.15416314907926423
2,-1,R,0.734375,0.15445774221315722
2,-1,R,0.73828125,0.15474704661288896
2,-1,R,0.7421875,0.15503110854510166
2,-1,R,0.74609375,0.15530997398011054
2,-1,R,0.75,0.15558368858882682
2,-1,R,0.75390625,0.1558522977399115
2,-1,R,0.7578125,0.15611584649715132
2,-1,R,0.76171875,0.1563743796170488
2,-1,R,0.765625,0.15662794154661833
2,-1,R,0.76953125,0.15687657642138067
2,-1,R,0.7734375,0.15712032806354875
2,-1,R,0.77734375,0.15735923998039705
2,-1,R,0.78125,0.15759335536280822
2,-1,R,0.78515625,0.15782271708398976
2,-1,R,0.7890625,0.1580473676983546
2,-1,R,0.79296875,0.15826734944055912
2,-1,R,0.796875,0.1584827042246928
2,-1,R,0.80078125,0.15869347364361322
2,-1,C,-0.19921875,0.0
2,-1,C,-0.1953125,0.0
2,-1,C,-0.19140625,0.0
2,-1,C,-0.1875,0.0
2,-1,C,-0.18359375,0.0
2,-1,C,-0.1796875,0.0
2,-1,C,-0.17578125,0.0
2,-1,C,-0.171875,0.0
2,-1,C,-0.16796875,0.0
2,-1,C,-0.1640625,0.0
2,-1,C,-0.16015625,0.0
2,-1,C,-0.15625,0.0
2,-1,C,-0.15234375,0.0
2,-1,C,-0.1484375,0.0
2,-1,C,-0.14453125,0.0
2,-1,C,-0.140625,0.0
2,-1,C,-0.13671875,0.0
2,-1,C,-0.1328125,0.0
2,-1,C,-0.12890625,0.0
2,-1,C,-0.125,0.0
2,-1,C,-0.12109375,0.0
2,-1,C,-0.1171875,0.0
2,-1,C,-0.11328125,0.0
2,-1,C,-0.109375,0.0
2,-1,C,-0.10546875,0.0
2,-1,C,-0.1015625,0.0
2,-1,C,-0.09765625,0.0
2,-1,C,-0.09375,0.0
2,-1,C,-0.08984375,0.0
2,-1,C,-0.0859375,0.0
2,-1,C,-0.08203125,0.0
2,-1,C,-0.078125,0.0
2,-1,C,-0.07421875,0.0
2,-1,C,-0.0703125,0.0
2,-1,C,-0.06640625,0.0
2,-1,C,-0.0625,0.0
2,-1,C,-0.05859375,0.0
2,-1,C,-0.0546875,0.0
2,-1,C,-0.05078125,0.0
2,-1,C,-0.046875,0.0
2,-1,C,-0.04296875,0.0
2,-1,C,-0.0390625,0.0
2,-1,C,-0.03515625,0.0
2,-1,C,-0.03125,0.0
2,-1,C,-0.02734375,0.0
2,-1,C,-0.0234375,0.0
2,-1,C,-0.01953125,0.0
2,-1,C,-0.015625,0.0
2,-1,C,-0.01171875,0.0
2,-1,C,-0.0078125,0.0
2,-1,C,-0.00390625,0.0
2,-1,C,0.0,0.0
2,-1,C,0.00390625,0.0
2,-1,C,0.0078125,6.051110943186287e-08
2,-1,C,0.01171875,2.98270764959378e-07
2,-1,C,0.015625,8.238334776030382e-07
2,-1,C,0.01953125,1.741782125102996e-06
2,-1,C,0.0234375,3.1509366255115024e-06
2,-1,C,0.02734375,5.144559452596532e-06
2,-1,C,0.03125,7.810557539221242e-06
2,-1,C,0.03515625,1.1231680191986728e-05
2,-1,C,0.0390625,1.5485712709566106e-05
2,-1,C,0.04296875,2.0645665458831912e-05
2,-1,C,0.046875,2.6779958217620904e-05
2,-1,C,0.05078125,3.3952599641329866e-05
2,-1,C,0.0546875,4.2223361753025246e-05
2,-1,C,0.05859375,5.164794939389548e-05
2,-1,C,0.0625,6.227816460317244e-05
2,-1,C,0.06640625,7.416206592456789e-05
2,-1,C,0.0703125,8.734412266025135e-05
2,-1,C,0.07421875,0.00010186536411384948
2,-1,C,0.078125,0.00011776352388125204
2,-1,C,0.08203125,0.0001350731792625164
2,-1,C,0.0859375,0.00015382588588018956
2,-1,C,0.08984375,0.00017405030759920541
2,-1,C,0.09375,0.00019577234185142898
2,-1,C,0.09765625,0.00021901524047414575
2,-1,C,0.1015625,0.0002437997261765485
2,-1,C,0.10546875,0.00027014410475174763
2,-1,C,0.109375,0.0002980643731541947
2,-1,C,0.11328125,0.00032757432356381736
2,-1,C,0.1171875,0.00035868564355875205
2,-1,C,0.12109375,0.00039140801251844894
2,-1,C,0.125,0.0004257491943782196
2,-1,C,0.12890625,0.00046171512685509383
2,-1,C,0.1328125,0.0004993100072632325
2,-1,C,0.13671875,0.0005385363750351787
2,-1,C,0.140625,0.0005793951910629844
2,-1,C,0.14453125,0.00111151921576163
2,-1,C,0.1484375,0.0021222900147091963
2,-1,C,0.15234375,0.0035788513426450903
2,-1,C,0.15625,0.005445844000034939
2,-1,C,0.16015625,0.007686920957937516
2,-1,C,0.1640625,0.010265982094604845
2,-1,C,0.16796875,0.01314811132615502
2,-1,C,0.171875,0.016300233680226053
2,-1,C,0.17578125,0.019691530165613935
2,-1,C,0.1796875,0.023293656762862765
2,-1,C,0.18359375,0.027080814088868026
2,-1,C,0.1875,0.03102970964622755
2,-1,C,0.19140625,0.035119447673544184
2,-1,C,0.1953125,0.03933137422463469
2,-1,C,0.19921875,0.043648898244147936
2,-1,C,0.203125,0.04805730355830312
2,-1,C,0.20703125,0.05254356200047573
2,-1,C,0.2109375,0.05709615428496847
2,-1,C,0.21484375,0.06170490257917008
2,-1,C,0.21875,0.06636081682655048
2,-1,C,0.22265625,0.07105595556898955
2,-1,C,0.2265625,0.07578330115766596
2,-1,C,0.23046875,0.08053664870555616
2,-1,C,0.234375,0.0853105078266748
2,-1,C,0.23828125,0.09010001605597986
2,-1,C,0.2421875,0.09490086279683797
2,-1,C,0.24609375,0.09970922266242604
2,-1,C,0.25,0.10452169713701526
2,-1,C,0.25390625,0.10933526356463236
2,-1,C,0.2578125,0.11414723056401918
2,-1,C,0.26171875,0.11895519906227989
2,-1,C,0.265625,0.12375702823025728
2,-1,C,0.26953125,0.12855080568769217
2,-1,C,0.2734375,0.13333482142413777
2,-1,C,0.27734375,0.13810754495186017
2,-1,C,0.28125,0.14286760526955988
2,-1,C,0.28515625,0.14761377327103728
2,-1,C,0.2890625,0.15234494628142853
2,-1,C,0.29296875,0.15706013444597672
2,-1,C,0.296875,0.1617584487331195
2,-1,C,0.30078125,0.16643909034560114
2,-1,C,0.3046875,0.1711013413609449
2,-1,C,0.30859375,0.17574455644649825
2,-1,C,0.3125,0.18036815551487606
2,-1,C,0.31640625,0.18497161720341443
2,-1,C,0.3203125,0.18955447307659345
2,-1,C,0.32421875,0.19411630246362707
2,-1,C,0.328125,0.19865672785484495
2,-1,C,0.33203125,0.20317541079035742
2,-1,C,0.3359375,0.20767204818301935
2,-1,C,0.33984375,0.21214636902507938
2,-1,C,0.34375,0.21659813143427958
2,-1,C,0.34765625,0.22102712000069605
2,-1,C,0.3515625,0.22543314340040205
2,-1,C,0.35546875,0.22981603224619407
2,-1,C,0.359375,0.23417563714923573
2,-1,C,0.36328125,0.23851182696861853
2,-1,C,0.3671875,0.2428244872285784
2,-1,C,0.37109375,0.2471135186854955
2,-1,C,0.375,0.25137883602889105
2,-1,C,0.37890625,0.25562036670245963
2,-1,C,0.3828125,0.2598380498327718
2,-1,C,0.38671875,0.26403183525468177
2,-1,C,0.390625,0.26820168262370414
2,-1,C,0.39453125,0.2723475606067028
2,-1,C,0.3984375,0.27646944614318525
2,-1,C,0.40234375,0.2805673237703336
2,-1,C,0.40625,0.28464118500564056
2,-1,C,0.41015625,0.28869102778167216
2,-1,C,0.4140625,0.2927168559280556
2,-1,C,0.41796875,0.2967186786963004
2,-1,C,0.421875,0.30069651032351596
2,-1,C,0.42578125,0.3046503696314877
2,-1,C,0.4296875,0.3085802796579343
2,-1,C,0.43359375,0.3124862673170831
2,-1,C,0.4375,0.31636836308698785
2,-1,C,0.44140625,0.32022660072126036
2,-1,C,0.4453125,0.32406101698311846
2,-1,C,0.44921875,0.3278716513998498
2,-1,C,0.453125,0.33165854603597406
2,-1,C,0.45703125,0.3354217452835462
2,-1,C,0.4609375,0.339161295668189
2,-1,C,0.46484375,0.34287724566957295
2,-1,C,0.46875,0.34656964555517855
2,-1,C,0.47265625,0.3502385472262808
2,-1,C,0.4765625,0.35388400407519105
2,-1,C,0.48046875,0.3575060708528764
2,-1,C,0.484375,0.3611048035461537
2,-1,C,0.48828125,0.3646802592637253
2,-1,C,0.4921875,0.36823249613038617
2,-1,C,0.49609375,0.3717615731887891
2,-1,C,0.5,0.3752675503082069
2,-1,C,0.50390625,0.37875048809977585
2,-1,C,0.5078125,0.382210447837749
2,-1,C,0.51171875,0.3856474913863248
2,-1,C,0.515625,0.3890616811316532
2,-1,C,0.51953125,0.39245307991865136
2,-1,C,0.5234375,0.39582175099229255
2,-1,C,0.52734375,0.39916775794305615
2,-1,C,0.53125,0.40249116465625223
2,-1,C,0.53515625,0.40579203526495616
2,-1,C,0.5390625,0.40907043410630783
2,-1,C,0.54296875,0.4123264256809499
2,-1,C,0.546875,0.41556007461539607
2,-1,C,0.55078125,0.41877144562713475
2,-1,C,0.5546875,0.4219606034922896
2,-1,C,0.55859375,0.4251276130156695
2,-1,C,0.5625,0.4282725390030546
2,-1,C,0.56640625,0.43139544623557385
2,-1,C,0.5703125,0.4344963994460411
2,-1,C,0.57421875,0.43757546329712627
2,-1,C,0.578125,0.4406327023612449
2,-1,C,0.58203125,0.4436681811020602
2,-1,C,0.5859375,0.44668196385749565
2,-1,C,0.58984375,0.4496741148241663
2,-1,C,0.59375,0.45264469804314045
2,-1,C,0.59765625,0.4555937773869504
2,-1,C,0.6015625,0.4585214165477769
2,-1,C,0.60546875,0.46142767902673504
2,-1,C,0.609375,0.46431262812419566
2,-1,C,0.61328125,0.4671763269310799
2,-1,C,0.6171875,0.470018838321068
2,-1,C,0.62109375,0.4728402249436679
2,-1,C,0.625,0.4756405492180923
2,-1,C,0.62890625,0.47841987332789576
2,-1,C,0.6328125,0.48117825921632656
2,-1,C,0.63671875,0.4839157685823509
2,-1,C,0.640625,0.48663246287730927
2,-1,C,0.64453125,0.48932840330216715
2,-1,C,0.6484375,0.4920036508053253
2,-1,C,0.65234375,0.4946582660809556
2,-1,C,0.65625,0.49729230956783066
2,-1,C,0.66015625,0.4999058414486191
2,-1,C,0.6640625,0.5024989216496165
2,-1,C,0.66796875,0.5050716098408872
2,-1,C,0.671875,0.5076239654367912
2,-1,C,0.67578125,0.5101560475968735
2,-1,C,0.6796875,0.5126679152270915
2,-1,C,0.68359375,0.515159626981363
2,-1,C,0.6875,0.5176312412634106
2,-1,C,0.69140625,0.5200828162288884
2,-1,C,0.6953125,0.5225144097877679
2,-1,C,0.69921875,0.5249260796069711
2,-1,C,0.703125,0.5273178831132321
2,-1,C,0.70703125,0.5296898774961719
2,-1,C,0.7109375,0.5320421197115732
2,-1,C,0.71484375,0.5343746664848414
2,-1,C,0.71875,0.5366875743146378
2,-1,C,0.72265625,0.5389808994766735
2,-1,C,0.7265625,0.5412546980276528
2,-1,C,0.73046875,0.5435090258093536
2,-1,C,0.734375,0.5457439384528349
2,-1,C,0.73828125,0.5479594913827626
2,-1,C,0.7421875,0.5501557398218414
2,-1,C,0.74609375,0.5523327387953465
2,-1,C,0.75,0.5544905431357442
2,-1,C,0.75390625,0.5566292074873946
2,-1,C,0.7578125,0.5587487863113283
2,-1,C,0.76171875,0.5608493338900886
2,-1,C,0.765625,0.5629309043326337
2,-1,C,0.76953125,0.5649935515792909
2,-1,C,0.7734375,0.5670373294067567
2,-1,C,0.77734375,0.5690622914331365
2,-1,C,0.78125,0.5710684911230186
2,-1,C,0.78515625,0.5730559817925761
2,-1,C,0.7890625,0.5750248166146915
2,-1,C,0.79296875,0.5769750486240993
2,-1,C,0.796875,0.5789067307225414
2,-1,C,0.80078125,0.5808199156839304
2,1,L,-0.19921875,0.0
2,1,L,-0.1953125,0.0
2,1,L,-0.19140625,0.0
2,1,L,-0.1875,0.0
2,1,L,-0.18359375,0.0
2,1,L,-0.1796875,0.0
2,1,L,-0.17578125,0.0
2,1,L,-0.171875,0.0
2,1,L,-0.16796875,0.0
2,1,L,-0.1640625,0.0
2,1,L,-0.16015625,0.0
2,1,L,-0.15625,0.0
2,1,L,-0.15234375,0.0
2,1,L,-0.1484375,0.0
2,1,L,-0.14453125,0.0
2,1,L,-0.140625,0.0
2,1,L,-0.13671875,0.0
2,1,L,-0.1328125,0.0
2,1,L,-0.12890625,0.0
2,1,L,-0.125,0.0
2,1,L,-0.12109375,0.0
2,1,L,-0.1171875,0.0
2,1,L,-0.11328125,0.0
2,1,L,-0.109375,0.0
2,1,L,-0.10546875,0.0
2,1,L,-0.1015625,0.0
2,1,L,-0.09765625,0.0
2,1,L,-0.09375,0.0
2,1,L,-0.08984375,0.0
2,1,L,-0.0859375,0.0
2,1,L,-0.08203125,0.0
2,1,L,-0.078125,0.0
2,1,L,-0.07421875,0.0
2,1,L,-0.0703125,0.0
2,1,L,-0.06640625,0.0
2,1,L,-0.0625,0.0
2,1,L,-0.05859375,0.0
2,1,L,-0.0546875,0.0
2,1,L,-0.05078125,0.0
2,1,L,-0.046875,0.0
2,1,L,-0.04296875,0.0
2,1,L,-0.0390625,0.0
2,1,L,-0.03515625,0.0
2,1,L,-0.03125,0.0
2,1,L,-0.02734375,0.0
2,1,L,-0.0234375,0.0
2,1,L,-0.01953125,0.0
2,1,L,-0.015625,0.0
2,1,L,-0.01171875,0.0
2,1,L,-0.0078125,0.0
2,1,L,-0.00390625,0.0
2,1,L,0.0,0.0
2,1,L,0.00390625,3.826783754333542e-05
2,1,L,0.0078125,0.0001505955782805782
2,1,L,0.01171875,0.0003335282012499732
2,1,L,0.015625,0.0005837270965724692
2,1,L,0.01953125,0.000897967570215534
2,1,L,0.0234375,0.0012731362444862245
2,1,L,0.02734375,0.001706228378438926
2,1,L,0.03125,0.0021943451295862604
2,1,L,0.03515625,0.002734690775752486
2,1,L,0.0390625,0.003324569913593255
2,1,L,0.04296875,0.0039613846482091765
2,1,L,0.046875,0.004642631786388239
2,1,L,0.05078125,0.005365900044308954
2,1,L,0.0546875,0.006128867279007398
2,1,L,0.05859375,0.006929297751543049
2,1,L,0.0625,0.007765039428576909
2,1,L,0.06640625,0.008634021327988026
2,1,L,0.0703125,0.009534250913189045
2,1,L,0.07421875,0.010463811539946575
2,1,L,0.078125,0.011420859958757397
2,1,L,0.08203125,0.01240362387516705
2,1,L,0.0859375,0.013410399569834263
2,1,L,0.08984375,0.014439549579634586
2,1,L,0.09375,0.015489500440652112
2,1,L,0.09765625,0.016558740493522163
2,1,L,0.1015625,0.017645817751254313
2,1,L,0.10546875,0.018749337829378033
2,1,L,0.109375,0.01986796193800782
2,1,L,0.11328125,0.021000404935215947
2,1,L,0.1171875,0.022145433440924813
2,1,L,0.12109375,0.023301864010383623
2,1,L,0.125,0.024468561366172183
2,1,L,0.12890625,0.025644436687575087
2,1,L,0.1328125,0.02682844595608962
2,1,L,0.13671875,0.028019588355768007
2,1,L,0.140625,0.02921690472704683
2,1,L,0.14453125,0.030419476072681865
2,1,L,0.1484375,0.03162697945557733
2,1,L,0.15234375,0.032839108627052534
2,1,L,0.15625,0.03405554993884461
2,1,L,0.16015625,0.03527597873592714
2,1,L,0.1640625,0.036500057541869343
2,1,L,0.16796875,0.03772743569427136
2,1,L,0.171875,0.038957750072906173
2,1,L,0.17578125,0.0401906265879619
2,1,L,0.1796875,0.04142568214322661
2,1,L,0.18359375,0.0426625268454453
2,1,L,0.1875,0.04390076628693097
2,1,L,0.19140625,0.04514000377831934
2,1,L,0.1953125,0.04637984244965822
2,1,L,0.19921875,0.04761988717038307
2,1,L,0.203125,0.0488597462628778
2,1,L,0.20703125,0.050099033001518724
2,1,L,0.2109375,0.05133736690074931
2,1,L,0.21484375,0.052574374803150026
2,1,L,0.21875,0.05380969178277652
2,1,L,0.22265625,0.05504296188114971
2,1,L,0.2265625,0.056273838693894095
2,1,L,0.23046875,0.05750198582565818
2,1,L,0.234375,0.05872707722999202
2,1,L,0.23828125,0.05994879744956551
2,1,L,0.2421875,0.06116684177066926
2,1,L,0.24609375,0.06238091630446625
2,1,L,0.25,0.0635907380060319
2,1,L,0.25390625,0.06479603464087716
2,1,L,0.2578125,0.06599654470741684
2,1,L,0.26171875,0.06719201732273318
2,1,L,0.265625,0.06838221207799258
2,1,L,0.26953125,0.06956689886899717
2,1,L,0.2734375,0.07074585770658377
2,1,L,0.27734375,0.07191887851091175
2,1,L,0.28125,0.07308576089309782
2,1,L,0.28515625,0.0742463139271504
2,1,L,0.2890625,0.07540035591471955
2,1,L,0.29296875,0.07654771414480122
2,1,L,0.296875,0.0776882246502106
2,1,L,0.30078125,0.07882173196235956
2,1,L,0.3046875,0.07994808886563343
2,1,L,0.30859375,0.08106715615245591
2,1,L,0.3125,0.08217880237995408
2,1,L,0.31640625,0.0832829036289833
2,1,L,0.3203125,0.08437934326614151
2,1,L,0.32421875,0.08546801170929061
2,1,L,0.328125,0.086548806197007
2,1,L,0.33203125,0.0876216305623008
2,1,L,0.3359375,0.0886863950108736
2,1,L,0.33984375,0.08974301590412401
2,1,L,0.34375,0.0907914155470591
2,1,L,0.34765625,0.09183152198122602
2,1,L,0.3515625,0.09286326878274041
2,1,L,0.35546875,0.09388659486545695
2,1,L,0.359375,0.09490144428929961
2,1,L,0.36328125,0.09590776607374717
2,1,L,0.3671875,0.0969055140164494
2,1,L,0.37109375,0.09789464651693387
2,1,L,0.375,0.09887512640534911
2,1,L,0.37890625,0.09984692077617892
2,1,L,0.3828125,0.10081000082685332
2,1,L,0.38671875,0.10176434170117375
2,1,L,0.390625,0.10270992233746415
2,1,L,0.39453125,0.10364672532135474
2,1,L,0.3984375,0.10457473674310128
2,1,L,0.40234375,0.10549394605933986
2,1,L,0.40625,0.10640434595917521
2,1,L,0.41015625,0.10730593223449904
2,1,L,0.4140625,0.10819870365443418
2,1,L,0.41796875,0.10908266184380007
2,1,L,0.421875,0.10995781116549512
2,1,L,0.42578125,0.11082415860669208
2,1,L,0.4296875,0.11168171366874341
2,1,L,0.43359375,0.1125304882606946
2,1,L,0.4375,0.11337049659630474
2,1,L,0.44140625,0.11420175509447507
2,1,L,0.4453125,0.11502428228298801
2,1,L,0.44921875,0.11583809870546069
2,1,L,0.453125,0.1166432268314189
2,1,L,0.45703125,0.11743969096939955
2,1,L,0.4609375,0.11822751718299129
2,1,L,0.46484375,0.11900673320972527
2,1,L,0.46875,0.1197773683827299
2,1,L,0.47265625,0.12053945355506578
2,1,L,0.4765625,0.12129302102665857
2,1,L,0.48046875,0.12203810447375023
2,1,L,0.484375,0.1227747388807907
2,1,L,0.48828125,0.12350296047469429
2,1,L,0.4921875,0.12422280666138716
2,1,L,0.49609375,0.12493431596457402
2,1,L,0.5,0.12563752796665464
2,1,L,0.50390625,0.1263324832517221
2,1,L,0.5078125,0.12701922335057722
2,1,L,0.51171875,0.12769779068769496
2,1,L,0.515625,0.12836822853008104
2,1,L,0.51953125,0.12903058093795797
2,1,L,0.5234375,0.1296848927172227
2,1,L,0.52734375,0.13033120937361828
2,1,L,0.53125,0.13096957706856513
2,1,L,0.53515625,0.13160004257659805
2,1,L,0.5390625,0.13222265324435736
2,1,L,0.54296875,0.13283745695108376
2,1,L,0.546875,0.1334445020705682
2,1,L,0.55078125,0.13404383743450968
2,1,L,0.5546875,0.13463551229723475
2,1,L,0.55859375,0.13521957630173492
2,1,L,0.5625,0.13579607944697847
2,1,L,0.56640625,0.1363650720564551
2,1,L,0.5703125,0.13692660474791307
2,1,L,0.57421875,0.13748072840424974
2,1,L,0.578125,0.1380274941455175
2,1,L,0.58203125,0.13856695330200816
2,1,L,0.5859375,0.13909915738838083
2,1,L,0.58984375,0.13962415807879802
2,1,L,0.59375,0.14014200718303724
2,1,L,0.59765625,0.1406527566235454
2,1,L,0.6015625,0.14115645841340482
2,1,L,0.60546875,0.14165316463518057
2,1,L,0.609375,0.14214292742061962
2,1,L,0.61328125,0.14262579893117366
2,1,L,0.6171875,0.1431018313393177
2,1,L,0.62109375,0.14357107681063805
2,1,L,0.625,0.14403358748666395
2,1,L,0.62890625,0.14448941546841748
2,1,L,0.6328125,0.14493861280065798
2,1,L,0.63671875,0.14538123145679738
2,1,L,0.640625,0.14581732332446376
2,1,L,0.64453125,0.1462469401916913
2,1,L,0.6484375,0.1466701337337152
2,1,L,0.65234375,0.14708695550035134
2,1,L,0.65625,0.1474974569039403
2,1,L,0.66015625,0.14790168920783706
2,1,L,0.6640625,0.1482997035154271
2,1,L,0.66796875,0.14869155075965157
2,1,L,0.671875,0.1490772816930234
2,1,L,0.67578125,0.14945694687811784
2,1,L,0.6796875,0.14983059667852097
2,1,L,0.68359375,0.15019828125022047
2,1,L,0.6875,0.15056005053342303
2,1,L,0.69140625,0.15091595424478385
2,1,L,0.6953125,0.15126604187003392
2,1,L,0.69921875,0.1516103626569909
2,1,L,0.703125,0.15194896560894047
2,1,L,0.70703125,0.15228189947837498
2,1,L,0.7109375,0.15260921276107697
2,1,L,0.71484375,0.15293095369053517
2,1,L,0.71875,0.15324717023268136
2,1,L,0.72265625,0.15355791008093683
2,1,L,0.7265625,0.15386322065155705
2,1,L,0.73046875,0.15416314907926423
2,1,L,0.734375,0.15445774221315722
2,1,L,0.73828125,0.15474704661288896
2,1,L,0.7421875,0.15503110854510166
2,1,L,0.74609375,0.15530997398011054
2,1,L,0.75,0.15558368858882682
2,1,L,0.75390625,0.1558522977399115
2,1,L,0.7578125,0.15611584649715132
2,1,L,0.76171875,0.1563743796170488
2,1,L,0.765625,0.15662794154661833
2,1,L,0.76953125,0.15687657642138067
2,1,L,0.7734375,0.15712032806354875
2,1,L,0.77734375,0.15735923998039705
2,1,L,0.78125,0.15759335536280822
2,1,L,0.78515625,0.15782271708398976
2,1,L,0.7890625,0.1580473676983546
2,1,L,0.79296875,0.15826734944055912
2,1,L,0.796875,0.1584827042246928
2,1,L,0.80078125,0.15869347364361322
2,1,R,-0.19921875,0.0
2,1,R,-0.1953125,0.0
2,1,R,-0.19140625,0.0
2,1,R,-0.1875,0.0
2,1,R,-0.18359375,0.0
2,1,R,-0.1796875,0.0
2,1,R,-0.17578125,0.0
2,1,R,-0.171875,0.0
2,1,R,-0.16796875,0.0
2,1,R,-0.1640625,0.0
2,1,R,-0.16015625,0.0
2,1,R,-0.15625,0.0
2,1,R,-0.15234375,0.0
2,1,R,-0.1484375,0.0
2,1,R,-0.14453125,0.0
2,1,R,-0.140625,0.0
2,1,R,-0.13671875,0.0
2,1,R,-0.1328125,0.0
2,1,R,-0.12890625,0.0
2,1,R,-0.125,0.0
2,1,R,-0.12109375,0.0
2,1,R,-0.1171875,0.0
2,1,R,-0.11328125,0.0
2,1,R,-0.109375,0.0
2,1,R,-0.10546875,0.0
2,1,R,-0.1015625,0.0
2,1,R,-0.09765625,0.0
2,1,R,-0.09375,0.0
2,1,R,-0.08984375,0.0
2,1,R,-0.0859375,0.0
2,1,R,-0.08203125,0.0
2,1,R,-0.078125,0.0
2,1,R,-0.07421875,0.0
2,1,R,-0.0703125,0.0
2,1,R,-0.06640625,0.0
2,1,R,-0.0625,0.0
2,1,R,-0.05859375,0.0
2,1,R,-0.0546875,0.0
2,1,R,-0.05078125,0.0
2,1,R,-0.046875,0.0
2,1,R,-0.04296875,0.0
2,1,R,-0.0390625,0.0
2,1,R,-0.03515625,0.0
2,1,R,-0.03125,0.0
2,1,R,-0.02734375,0.0
2,1,R,-0.0234375,0.0
2,1,R,-0.01953125,0.0
2,1,R,-0.015625,0.0
2,1,R,-0.01171875,0.0
2,1,R,-0.0078125,0.0
2,1,R,-0.00390625,0.0
2,1,R,0.0,0.0
2,1,R,0.00390625,6.272550002596975e-05
2,1,R,0.0078125,0.0002468315608404371
2,1,R,0.01171875,0.0005466212462913983
2,1,R,0.015625,0.0009565720322069032
2,1,R,0.01953125,0.0014713360478939737
2,1,R,0.0234375,0.002085739496122053
2,1,R,0.02734375,0.002794781364440013
2,1,R,0.03125,0.003593631530298561
2,1,R,0.03515625,0.004477628352524462
2,1,R,0.0390625,0.00544227583230255
2,1,R,0.04296875,0.006483240418019213
2,1,R,0.046875,0.0075963475201359185
2,1,R,0.05078125,0.008777577794703452
2,1,R,0.0546875,0.0100230632471921
2,1,R,0.05859375,0.011329083201984152
2,1,R,0.0625,0.01269206017712905
2,1,R,0.06640625,0.01410855569876868
2,1,R,0.0703125,0.01557526608496736
2,1,R,0.07421875,0.017089018224493234
2,1,R,0.078125,0.018646765372358317
2,1,R,0.08203125,0.020245582980597997
2,1,R,0.0859375,0.02188266457982178
2,1,R,0.08984375,0.023555317724461764
2,1,R,0.09375,0.025260960012351532
2,1,R,0.09765625,0.026997115187255595
2,1,R,0.1015625,0.02876140933120975
2,1,R,0.10546875,0.030551567151999727
2,1,R,0.109375,0.032365408369775125
2,1,R,0.11328125,0.03420084420564554
2,1,R,0.1171875,0.03605587397411637
2,1,R,0.12109375,0.03792858178037402
2,1,R,0.125,0.03981713332270837
2,1,R,0.12890625,0.04171977279974904
2,1,R,0.1328125,0.04363481992167779
2,1,R,0.13671875,0.04556066702415088
2,1,R,0.140625,0.047495776283310975
2,1,R,0.14453125,0.04943867702997908
2,1,R,0.1484375,0.05138849845593819
2,1,R,0.15234375,0.05334441067671772
2,1,R,0.15625,0.055305600678091926
2,1,R,0.16015625,0.057271268010536475
2,1,R,0.1640625,0.05924062224035295
2,1,R,0.16796875,0.061212881820002556
2,1,R,0.171875,0.06318727402848942
2,1,R,0.17578125,0.06516303565870317
2,1,R,0.1796875,0.06713941417600387
2,1,R,0.18359375,0.06911566912778055
2,1,R,0.1875,0.07109107363819044
2,1,R,0.19140625,0.07306491587058721
2,1,R,0.1953125,0.07503650038000666
2,1,R,0.19921875,0.07700514930916572
2,1,R,0.203125,0.07897020340451773
2,1,R,0.20703125,0.08093102284525744
2,1,R,0.2109375,0.08288698788916729
2,1,R,0.21484375,0.0848374993461271
2,1,R,0.21875,0.08678197889406893
2,1,R,0.22265625,0.08871986925402753
2,1,R,0.2265625,0.0906506342413902
2,1,R,0.23046875,0.0925737587099911
2,1,R,0.234375,0.09448874840468464
2,1,R,0.23828125,0.09639512973672318
2,1,R,0.2421875,0.09829244949482759
2,1,R,0.24609375,0.10018027450338657
2,1,R,0.25,0.10205819123782117
2,1,R,0.25390625,0.10392580540584616
2,1,R,0.2578125,0.10578274150216911
2,1,R,0.26171875,0.10762864234309923
2,1,R,0.265625,0.10946316858658967
2,1,R,0.26953125,0.11128599824240419
2,1,R,0.2734375,0.11309682617637165
2,1,R,0.27734375,0.11489536361206147
2,1,R,0.28125,0.11668133763266816
2,1,R,0.28515625,0.1184544906854246
2,1,R,0.2890625,0.1202145800904614
2,1,R,0.29296875,0.12196137755568599
2,1,R,0.296875,0.12369466869896123
2,1,R,0.30078125,0.12541425257861344
2,1,R,0.3046875,0.12711994123308695
2,1,R,0.30859375,0.12881155923038193
2,1,R,0.3125,0.1304889432277593
2,1,R,0.31640625,0.1321519415420679
2,1,R,0.3203125,0.13380041373093918
2,1,R,0.32421875,0.1354342301850043
2,1,R,0.328125,0.1370532717312109
2,1,R,0.33203125,0.1386574292472527
2,1,R,0.3359375,0.14024660328707217
2,1,R,0.33984375,0.14182070371735184
2,1,R,0.34375,0.14337964936487319
2,1,R,0.34765625,0.1449233676745932
2,1,R,0.3515625,0.14645179437826372
2,1,R,0.35546875,0.14796487317339976
2,1,R,0.359375,0.14946255541238807
2,1,R,0.36328125,0.15094479980151523
2,1,R,0.3671875,0.15241157210968603
2,1,R,0.37109375,0.1538628448865964
2,1,R,0.375,0.15529859719012146
2,1,R,0.37890625,0.15671881432267654
2,1,R,0.3828125,0.15812348757630829
2,1,R,0.38671875,0.15951261398627337
2,1,R,0.390625,0.1608861960928636
2,1,R,0.39453125,0.16224424171123883
2,1,R,0.3984375,0.1635867637090317
2,1,R,0.40234375,0.16491377979149183
2,1,R,0.40625,0.1662253122939415
2,1,R,0.41015625,0.16752138798131866
2,1,R,0.4140625,0.1688020378545884
2,1,R,0.41796875,0.1700672969638082
2,1,R,0.421875,0.17131720422763846
2,1,R,0.42578125,0.17255180225909353
2,1,R,0.4296875,0.17377113719733508
2,1,R,0.43359375,0.1749752585453141
2,1,R,0.4375,0.17616421901307336
2,1,R,0.44140625,0.1773380743665277
2,1,R,0.4453125,0.1784968832815442
2,1,R,0.44921875,0.17964070720315
2,1,R,0.453125,0.18076961020970042
2,1,R,0.45703125,0.181883658881845
2,1,R,0.4609375,0.18298292217613407
2,1,R,0.46484375,0.18406747130311354
2,1,R,0.46875,0.18513737960975984
2,1,R,0.47265625,0.18619272246611202
2,1,R,0.4765625,0.18723357715596223
2,1,R,0.48046875,0.18826002277147055
2,1,R,0.484375,0.18927214011157395
2,1,R,0.48828125,0.19027001158406348
2,1,R,0.4921875,0.19125372111120842
2,1,R,0.49609375,0.1922233540388089
2,1,R,0.5,0.19317899704856356
2,1,R,0.50390625,0.19412073807364139
2,1,R,0.5078125,0.1950486662173515
2,1,R,0.51171875,0.19596287167480742
2,1,R,0.515625,0.19686344565748568
2,1,R,0.51953125,0.1977504803205828
2,1,R,0.5234375,0.19862406869307653
2,1,R,0.52734375,0.19948430461040154
2,1,R,0.53125,0.20033128264965175
2,1,R,0.53515625,0.2011650980672249
2,1,R,0.5390625,0.2019858467388278
2,1,R,0.54296875,0.20279362510176274
2,1,R,0.546875,0.20358853009941916
2,1,R,0.55078125,0.20437065912789615
2,1,R,0.5546875,0.20514010998468454
2,1,R,0.55859375,0.20589698081933921
2,1,R,0.5625,0.20664137008607497
2,1,R,0.56640625,0.20737337649822118
2,1,R,0.5703125,0.20809309898447245
2,1,R,0.57421875,0.20880063664687512
2,1,R,0.578125,0.20949608872049094
2,1,R,0.58203125,0.21017955453468123
2,1,R,0.5859375,0.21085113347595696
2,1,R,0.58984375,0.21151092495234167
2,1,R,0.59375,0.21215902835919617
2,1,R,0.59765625,0.21279554304645545
2,1,R,0.6015625,0.21342056828722974
2,1,R,0.60546875,0.2140342032477238
2,1,R,0.609375,0.21463654695842915
2,1,R,0.61328125,0.2152276982865463
2,1,R,0.6171875,0.2158077559095949
2,1,R,0.62109375,0.2163768182901711
2,1,R,0.625,0.21693498365181352
2,1,R,0.62890625,0.21748234995593896
2,1,R,0.6328125,0.218019014879812
2,1,R,0.63671875,0.21854507579551272
2,1,R,0.640625,0.21906062974986787
2,1,R,0.64453125,0.21956577344531295
2,1,R,0.6484375,0.22006060322165252
2,1,R,0.65234375,0.220545215038688
2,1,R,0.65625,0.22101970445968255
2,1,R,0.66015625,0.22148416663563472
2,1,R,0.6640625,0.2219386962903316
2,1,R,0.66796875,0.22238338770615546
2,1,R,0.671875,0.22281833471061663
2,1,R,0.67578125,0.22324363066358788
2,1,R,0.6796875,0.22365936844521506
2,1,R,0.68359375,0.2240656404444807
2,1,R,0.6875,0.22446253854839743
2,1,R,0.69140625,0.22485015413180837
2,1,R,0.6953125,0.22522857804777396
2,1,R,0.69921875,0.22559790061852353
2,1,R,0.703125,0.22595821162695165
2,1,R,0.70703125,0.22630960030864017
2,1,R,0.7109375,0.2266521553443864
2,1,R,0.71484375,0.22698596485321978
2,1,R,0.71875,0.22731111638588902
2,1,R,0.72265625,0.22762769691880272
2,1,R,0.7265625,0.22793579284840712
2,1,R,0.73046875,0.22823548998598478
2,1,R,0.734375,0.2285268735528588
2,1,R,0.73828125,0.2288100281759878
2,1,R,0.7421875,0.2290850378839369
2,1,R,0.74609375,0.22935198610321092
2,1,R,0.75,0.22961095565493653
2,1,R,0.75390625,0.22986202875187958
2,1,R,0.7578125,0.2301052869957857
2,1,R,0.76171875,0.2303408113750314
2,1,R,0.765625,0.2305686822625743
2,1,R,0.76953125,0.23078897941419058
2,1,R,0.7734375,0.23100178196698906
2,1,R,0.77734375,0.2312071684381908
2,1,R,0.78125,0.23140521672416425
2,1,R,0.78515625,0.2315960040997055
2,1,R,0.7890625,0.23177960721755456
2,1,R,0.79296875,0.23195610210813777
2,1,R,0.796875,0.23212556417952762
2,1,R,0.80078125,0.23228806821761105
2,1,C,-0.19921875,0.0
2,1,C,-0.1953125,0.0
2,1,C,-0.19140625,0.0
2,1,C,-0.1875,0.0
2,1,C,-0.18359375,0.0
2,1,C,-0.1796875,0.0
2,1,C,-0.17578125,0.0
2,1,C,-0.171875,0.0
2,1,C,-0.16796875,0.0
2,1,C,-0.1640625,0.0
2,1,C,-0.16015625,0.0
2,1,C,-0.15625,0.0
2,1,C,-0.15234375,0.0
2,1,C,-0.1484375,0.0
2,1,C,-0.14453125,0.0
2,1,C,-0.140625,0.0
2,1,C,-0.13671875,0.0
2,1,C,-0.1328125,0.0
2,1,C,-0.12890625,0.0
2,1,C,-0.125,0.0
2,1,C,-0.12109375,0.0
2,1,C,-0.1171875,0.0
2,1,C,-0.11328125,0.0
2,1,C,-0.109375,0.0
2,1,C,-0.10546875,0.0
2,1,C,-0.1015625,0.0
2,1,C,-0.09765625,0.0
2,1,C,-0.09375,0.0
2,1,C,-0.08984375,0.0
2,1,C,-0.0859375,0.0
2,1,C,-0.08203125,0.0
2,1,C,-0.078125,0.0
2,1,C,-0.07421875,0.0
2,1,C,-0.0703125,0.0
2,1,C,-0.06640625,0.0
2,1,C,-0.0625,0.0
2,1,C,-0.05859375,0.0
2,1,C,-0.0546875,0.0
2,1,C,-0.05078125,0.0
2,1,C,-0.046875,0.0
2,1,C,-0.04296875,0.0
2,1,C,-0.0390625,0.0
2,1,C,-0.03515625,0.0
2,1,C,-0.03125,0.0
2,1,C,-0.02734375,0.0
2,1,C,-0.0234375,0.0
2,1,C,-0.01953125,0.0
2,1,C,-0.015625,0.0
2,1,C,-0.01171875,0.0
2,1,C,-0.0078125,0.0
2,1,C,-0.00390625,0.0
2,1,C,0.0,0.0
2,1,C,0.00390625,0.0
2,1,C,0.0078125,6.051110943186287e-08
2,1,C,0.01171875,2.98270764959378e-07
2,1,C,0.015625,8.238334776030382e-07
2,1,C,0.01953125,1.741782125102996e-06
2,1,C,0.0234375,3.1509366255115024e-06
2,1,C,0.02734375,5.144559452596532e-06
2,1,C,0.03125,7.810557539221242e-06
2,1,C,0.03515625,1.1231680191986728e-05
2,1,C,0.0390625,1.5485712709566106e-05
2,1,C,0.04296875,2.0645665458831912e-05
2,1,C,0.046875,2.6779958217620904e-05
2,1,C,0.05078125,3.3952599641329866e-05
2,1,C,0.0546875,4.2223361753025246e-05
2,1,C,0.05859375,5.164794939389548e-05
2,1,C,0.0625,6.227816460317244e-05
2,1,C,0.06640625,7.416206592456789e-05
2,1,C,0.0703125,8.734412266025135e-05
2,1,C,0.07421875,0.00010186536411384948
2,1,C,0.078125,0.00011776352388125204
2,1,C,0.08203125,0.0001350731792625164
2,1,C,0.0859375,0.00015382588588018956
2,1,C,0.08984375,0.00017405030759920541
2,1,C,0.09375,0.00019577234185142898
2,1,C,0.09765625,0.00021901524047414575
2,1,C,0.1015625,0.0002437997261765485
2,1,C,0.10546875,0.00027014410475174763
2,1,C,0.109375,0.0002980643731541947
2,1,C,0.11328125,0.00032757432356381736
2,1,C,0.1171875,0.00035868564355875205
2,1,C,0.12109375,0.00039140801251844894
2,1,C,0.125,0.0004257491943782196
2,1,C,0.12890625,0.00046171512685509383
2,1,C,0.1328125,0.0004993100072632325
2,1,C,0.13671875,0.0005385363750351787
2,1,C,0.140625,0.0005793951910629844
2,1,C,0.14453125,0.00111151921576163
2,1,C,0.1484375,0.0021222900147091963
2,1,C,0.15234375,0.0035788513426450903
2,1,C,0.15625,0.005445844000034939
2,1,C,0.16015625,0.007686920957937516
2,1,C,0.1640625,0.010265982094604845
2,1,C,0.16796875,0.01314811132615502
2,1,C,0.171875,0.016300233680226053
2,1,C,0.17578125,0.019691530165613935
2,1,C,0.1796875,0.023293656762862765
2,1,C,0.18359375,0.027080814088868026
2,1,C,0.1875,0.03102970964622755
2,1,C,0.19140625,0.035119447673544184
2,1,C,0.1953125,0.03933137422463469
2,1,C,0.19921875,0.043648898244147936
2,1,C,0.203125,0.04805730355830312
2,1,C,0.20703125,0.05254356200047573
2,1,C,0.2109375,0.05709615428496847
2,1,C,0.21484375,0.06170490257917008
2,1,C,0.21875,0.06636081682655048
2,1,C,0.22265625,0.07105595556898955
2,1,C,0.2265625,0.07578330115766596
2,1,C,0.23046875,0.08053664870555616
2,1,C,0.234375,0.0853105078266748
2,1,C,0.23828125,0.09010001605597986
2,1,C,0.2421875,0.09490086279683797
2,1,C,0.24609375,0.09970922266242604
2,1,C,0.25,0.10452169713701526
2,1,C,0.25390625,0.10933526356463236
2,1,C,0.2578125,0.11414723056401918
2,1,C,0.26171875,0.11895519906227989
2,1,C,0.265625,0.12375702823025728
2,1,C,0.26953125,0.12855080568769217
2,1,C,0.2734375,0.13333482142413777
2,1,C,0.27734375,0.13810754495186017
2,1,C,0.28125,0.14286760526955988
2,1,C,0.28515625,0.14761377327103728
2,1,C,0.2890625,0.15234494628142853
2,1,C,0.29296875,0.15706013444597672
2,1,C,0.296875,0.1617584487331195
2,1,C,0.30078125,0.16643909034560114
2,1,C,0.3046875,0.1711013413609449
2,1,C,0.30859375,0.17574455644649825
2,1,C,0.3125,0.18036815551487606
2,1,C,0.31640625,0.18497161720341443
2,1,C,0.3203125,0.18955447307659345
2,1,C,0.32421875,0.19411630246362707
2,1,C,0.328125,0.19865672785484495
2,1,C,0.33203125,0.20317541079035742
2,1,C,0.3359375,0.20767204818301935
2,1,C,0.33984375,0.21214636902507938
2,1,C,0.34375,0.21659813143427958
2,1,C,0.34765625,0.22102712000069605
2,1,C,0.3515625,0.22543314340040205
2,1,C,0.35546875,0.22981603224619407
2,1,C,0.359375,0.23417563714923573
2,1,C,0.36328125,0.23851182696861853
2,1,C,0.3671875,0.2428244872285784
2,1,C,0.37109375,0.2471135186854955
2,1,C,0.375,0.25137883602889105
2,1,C,0.37890625,0.25562036670245963
2,1,C,0.3828125,0.2598380498327718
2,1,C,0.38671875,0.26403183525468177
2,1,C,0.390625,0.26820168262370414
2,1,C,0.39453125,0.2723475606067028
2,1,C,0.3984375,0.27646944614318525
2,1,C,0.40234375,0.2805673237703336
2,1,C,0.40625,0.28464118500564056
2,1,C,0.41015625,0.28869102778167216
2,1,C,0.4140625,0.2927168559280556
2,1,C,0.41796875,0.2967186786963004
2,1,C,0.421875,0.30069651032351596
2,1,C,0.42578125,0.3046503696314877
2,1,C,0.4296875,0.3085802796579343
2,1,C,0.43359375,0.3124862673170831
2,1,C,0.4375,0.31636836308698785
2,1,C,0.44140625,0.32022660072126036
2,1,C,0.4453125,0.32406101698311846
2,1,C,0.44921875,0.3278716513998498
2,1,C,0.453125,0.33165854603597406
2,1,C,0.45703125,0.3354217452835462
2,1,C,0.4609375,0.339161295668189
2,1,C,0.46484375,0.34287724566957295
2,1,C,0.46875,0.34656964555517855
2,1,C,0.47265625,0.3502385472262808
2,1,C,0.4765625,0.35388400407519105
2,1,C,0.48046875,0.3575060708528764
2,1,C,0.484375,0.3611048035461537
2,1,C,0.48828125,0.3646802592637253
2,1,C,0.4921875,0.36823249613038617
2,1,C,0.49609375,0.3717615731887891
2,1,C,0.5,0.3752675503082069
2,1,C,0.50390625,0.37875048809977585
2,1,C,0.5078125,0.382210447837749
2,1,C,0.51171875,0.3856474913863248
2,1,C,0.515625,0.3890616811316532
2,1,C,0.51953125,0.39245307991865136
2,1,C,0.5234375,0.39582175099229255
2,1,C,0.52734375,0.39916775794305615
2,1,C,0.53125,0.40249116465625223
2,1,C,0.53515625,0.40579203526495616
2,1,C,0.5390625,0.40907043410630783
2,1,C,0.54296875,0.4123264256809499
2,1,C,0.546875,0.41556007461539607
2,1,C,0.55078125,0.41877144562713475
2,1,C,0.5546875,0.4219606034922896
2,1,C,0.55859375,0.4251276130156695
2,1,C,0.5625,0.4282725390030546
2,1,C,0.56640625,0.43139544623557385
2,1,C,0.5703125,0.4344963994460411
2,1,C,0.57421875,0.43757546329712627
2,1,C,0.578125,0.4406327023612449
2,1,C,0.58203125,0.4436681811020602
2,1,C,0.5859375,0.44668196385749565
2,1,C,0.58984375,0.4496741148241663
2,1,C,0.59375,0.45264469804314045
2,1,C,0.59765625,0.4555937773869504
2,1,C,0.6015625,0.4585214165477769
2,1,C,0.60546875,0.46142767902673504
2,1,C,0.609375,0.46431262812419566
2,1,C,0.61328125,0.4671763269310799
2,1,C,0.6171875,0.470018838321068
2,1,C,0.62109375,0.4728402249436679
2,1,C,0.625,0.4756405492180923
2,1,C,0.62890625,0.47841987332789576
2,1,C,0.6328125,0.48117825921632656
2,1,C,0.63671875,0.4839157685823509
2,1,C,0.640625,0.48663246287730927
2,1,C,0.64453125,0.48932840330216715
2,1,C,0.6484375,0.4920036508053253
2,1,C,0.65234375,0.4946582660809556
2,1,C,0.65625,0.49729230956783066
2,1,C,0.66015625,0.4999058414486191
2,1,C,0.6640625,0.5024989216496165
2,1,C,0.66796875,0.5050716098408872
2,1,C,0.671875,0.5076239654367912
2,1,C,0.67578125,0.5101560475968735
2,1,C,0.6796875,0.5126679152270915
2,1,C,0.68359375,0.515159626981363
2,1,C,0.6875,0.5176312412634106
2,1,C,0.69140625,0.5200828162288884
2,1,C,0.6953125,0.5225144097877679
2,1,C,0.69921875,0.5249260796069711
2,1,C,0.703125,0.5273178831132321
2,1,C,0.70703125,0.5296898774961719
2,1,C,0.7109375,0.5320421197115732
2,1,C,0.71484375,0.5343746664848414
2,1,C,0.71875,0.5366875743146378
2,1,C,0.72265625,0.5389808994766735
2,1,C,0.7265625,0.5412546980276528
2,1,C,0.73046875,0.5435090258093536
2,1,C,0.734375,0.5457439384528349
2,1,C,0.73828125,0.5479594913827626
2,1,C,0.7421875,0.5501557398218414
2,1,C,0.74609375,0.5523327387953465
2,1,C,0.75,0.5544905431357442
2,1,C,0.75390625,0.5566292074873946
2,1,C,0.7578125,0.5587487863113283
2,1,C,0.76171875,0.5608493338900886
2,1,C,0.765625,0.5629309043326337
2,1,C,0.76953125,0.5649935515792909
2,1,C,0.7734375,0.5670373294067567
2,1,C,0.77734375,0.5690622914331365
2,1,C,0.78125,0.5710684911230186
2,1,C,0.78515625,0.5730559817925761
2,1,C,0.7890625,0.5750248166146915
2,1,C,0.79296875,0.5769750486240993
2,1,C,0.796875,0.5789067307225414
2,1,C,0.80078125,0.5808199156839304
